id,title,username,language,date,content
geXN2Rkz?source=archive,Untitled,dgl_2,text,Saturday 25th of July 2026 12:52:35 PM CDT,"Whatever the freak was talking about, he was motioning toward me! A dull sound rang in my ears. I knew what would happen next. Light seemed to gather around the winged man’s hand. It was bad enough having to put up with this fantasy stuff in my dreams, but out here in the waking world, too?!

The light bulged and stretched into the form of a spear, just like I knew it would. This was what had happened in the dream, and that definitely hadn’t ended well! This man was going to kill me! Before I could even finish thinking, the spear had pierced my stomach, and a strange sensation was welling up inside me.

Cough!

Blood spurted out my mouth, followed by a shrieking pain.

Damn, this hurts! I collapsed to my knees. My insides felt like they were burning. The horrible sensation was spreading throughout my body, and it was too much to bear. Even a word like agony didn’t do it justice.

I tried pulling the spear out, but the second I touched it, pain coursed through my hand. The weapon was hot, hot enough to leave my hand burned and scorched.

“Guh… Ugh…,” I moaned, tortured. It just hurt too much!

Given what that spear made of light had done to my hand, was it burning me inside, too? Just the thought seemed to intensify the pain. Was this what it felt like to be cooked from the inside out? Tears of anguish coursed down my cheeks.

Footsteps approached, one after another. Above me, the man was gathering light to form another spear.

“That must be painful. Light is poison to your kind, after all. The damage it inflicts isn’t something you can just shrug off. Here I was thinking that a middling spear would be enough to finish you, but you’re tougher than I thought. Let’s try again, then, shall we? But this time, how about I put a little more light into it? Prepare yourself.”

Volume 1 - Diablos of the Old School Building
Life.1 (I'm Done Being Human!)"
F1KCrmTs?source=archive,Untitled,dgl_2,text,Saturday 25th of July 2026 12:49:29 PM CDT,"Flap! Her black wings beat back and forth loudly as she prepared to leap into the air.

After all that high-and-mighty talk, she’s trying to escape now? Is she the kind to hightail it the second the tide turns against her? No matter what type she was, I wasn’t about to let Raynare get away. No way in hell!

I leaped after her the second she left the ground, grabbing her arm. I couldn’t believe how fast I’d moved. It had been so quick that even Raynare hadn’t been able to react in time.

Her arm was thin and meager. I pulled her toward me, refusing to let go. “You won’t get away!”

Volume 1 - Diablos of the Old School Building
Life.4 (I'm Saving My Friend!)"
mp6H93jb?source=archive,Untitled,dgl_2,text,Saturday 25th of July 2026 12:44:54 PM CDT,"The fallen angel dodged my attacks again. In an instant, Raynare gathered a ball of light in each hand, stretching the orbs into familiar shapes. “Let’s see how you handle these!”

Ngh! The spears of light tore through both my legs, cutting deep into my thighs. Even with the increased defenses of a Rook, I hadn’t been able to withstand them.

“Gwaaaaaaaaaargh!” I howled in agony as pain coursed through my body, but with both spears still embedded in my legs, I couldn’t even fall to my knees. I grabbed them with my bare hands and pulled.

“Gwaaaaaaaaaargh!” I could smell my flesh searing. Damn, those things were hot! It must’ve been because they were made of light. My palms were already scorched black. Smoke rose from my hands and the wounds in my legs. The pain was unbearable.

Raynare broke into a mocking laugh as she watched me attempt to remove the spears. “Ah-ha-ha-ha! Just how stupid are you? Light is poison to demons. Merely touching it is enough to scorch your flesh. For your kind, there is no greater torment! For a low-level demon like you—”

“Grrraaaaah!” With a raw, primal howl, I squeezed the spears tighter and yanked them, inch by inch, out of my flesh. My legs were screaming in agony. The intense pain tore through me mercilessly. I felt as if I would pass out, like I would fall dead if I didn’t grit my teeth hard enough, but I kept going.

“This… This is nothing compared to what you put Asia through!” Tears and sweat dripping down my face, I continued wrenching out the spears. My legs were howling in pain. Still, I knew I could do it! I had to!

Splosh. With a sickening noise and a splash of blood, I’d finally managed to free myself.

The second I released my grip on those projectiles, they dissipated into thin air before even hitting the ground. No longer stanched by the spears, my blood began pooling rapidly at my feet. Removing the fallen angel’s weapons, though, hadn’t stopped the searing ache.

“Boost!” My last attack may have failed, but even so, the gauntlet on my hand let out a deep, bellowing roar. Despite my increased power, the pain was torturous. Tears continued washing down my face, and drool dripped from my chin.

Wha—?! My strength abandoned me, and I slipped hard onto the floor. I wasn’t even able to muster the energy to pull myself up. Dammit! My legs, my whole body, had been completely sapped of power. To say I was in a bad spot was putting it lightly.

“…You know, I really am impressed. A lower-class demon rooting out not one but two spears of light? But you’re fighting the inevitable. My light might not be particularly flashy, but at that density, it’s incredibly efficient at killing demons. So efficient, in fact, that I gifted it to my priests to use in their own weapons. Even a middle-class demon would have difficulty recovering from a single strike. As for one of your rank? Heh-heh-heh, don’t underestimate the power of light. Especially mine.” Raynare sure seemed to enjoy the sound of her own voice.

“It’s already circulating throughout your body, whittling away at you piece by piece. If you don’t get healed soon, that will be it. Heh. Frankly, I expected you’d have already kicked the bucket by now. You’re stronger than you look.”

Volume 1 - Diablos of the Old School Building
Life.4 (I'm Saving My Friend!)"
t9dRcraX?source=archive,Untitled,dgl_2,text,Saturday 25th of July 2026 12:36:42 PM CDT,"“No! I have the supreme power!”

“Go to hell, you goddamned angel!”

“You lowly demon!”

“Hraaaaah!” In one fell burst, I unleashed the energy that had built up in the gauntlet, concentrating my whole being on that one, final punch. I directed the blow straight into the face of my hated enemy.

Crack! There was a cruel breaking sound as my fist caved in Raynare’s skull then just kept going even harder. The force of the impact sent her flying backward across the room.

Crash! The fallen angel smashed into the far wall, tearing a gaping hole in the stone edifice and sending dust billowing through the air. When the cloud finally settled, I saw her lying sprawled on the ground outside. Raynare wasn’t moving. I couldn’t tell whether she was dead or not, but whatever the case, she clearly wasn’t about to get back up.

“Serves you right.” I curled my lips in a faint grin. Really, that had felt good.

Volume 1 - Diablos of the Old School Building
Life.4 (I'm Saving My Friend!)"
cVUzk7pA?source=archive,Untitled,dgl_2,text,Saturday 25th of July 2026 12:33:51 PM CDT,"Raynare summoned fresh spears of light in both hands, hurling them with all her might.

I brushed the projectiles aside with my fist, and both dissipated into thin air.

Watching me deflect her frenzied attack with such ease, Raynare grew pale. “N-no!”

Volume 1 - Diablos of the Old School Building
Life.4 (I'm Saving My Friend!)"
dQDMjHWw?source=archive,Untitled,dgl_2,text,Saturday 25th of July 2026 12:31:47 PM CDT,"This was my chance. I charged straight for that psycho.

“Sacred Gear! Activate!”

“Boost!” A powerful voice boomed from the jewel embedded in my gauntlet, and my whole body surged with energy. My attack was aimed at the priest, but he’d seen me coming for him.

“How many times do I have to say it?! You really are pissing me off!” He leveled his gun right at me, blasting me with another soundless projectile.

This was it! “Promotion: Rook!” I cried out. The bullet ricocheted off me, vanishing.

“Promotion?! You’re a Pawn?!” Freed was clearly taken aback.

Yep, I’m a Pawn! And this Pawn is gonna crush you! “A Rook’s key attributes are incredible defense—,” I began, lifting my fist in front of his face. There was a strange, stiff sensation in my hand, but I didn’t let that stop me from letting loose. Freed was sent flying backward across the room. “—and unparalleled strength!”

I broke into a weak chuckle as I caught my breath. “That was for hitting Asia… Heh, it felt pretty good, actually.”

Freed hauled himself up from the ground, spitting out a mouthful of blood. His right cheek was badly swollen.

That’s it? It seemed promoting myself to a Rook wasn’t enough to match Koneko’s power.

Hold on… Upon closer inspection, I saw that the hilt of Freed’s sword had been completely shattered. Did he use it to shield himself? I wondered. That must have been the sensation I’d felt. He was fast, that was for sure.

Volume 1 - Diablos of the Old School Building
Life.4 (I'm Saving My Friend!)"
W4igCnTJ?source=archive,disable countdown timer in cart for drop price,wpgenie,PHP,Saturday 25th of July 2026 04:38:25 AM CDT,"/* 
 * Drop Price for WooCommerce - disable countdown timer in cart 
 *
 * https://wpgenie.org
 * this code snippet goes to themes\child-theme\functions.php
*/


add_filter( 'woocommerce_drop_prices_enable_cart', '__return_false' );"
qPF5UgEy?source=archive,bcachefs strange error,s1ckn3s5,text,Saturday 25th of July 2026 02:24:39 AM CDT,"[1337892.845878] bcachefs (691f1fb1-1958-4ad4-8ca7-f359ea8a9cda): btree trans held srcu lock (delaying memory reclaim) for 36 seconds
                   data_read_inline:    8       0       0       0       0       0       0       0       0       0       0       0      00       0       0       0       0       0       0
                   journal_reclaim_finish:      4       5       4       5       5       5       5       5       4       5       5      55       5       4       5       5       5       5       5
                   journal_reclaim_start:       4       5       4       5       5       5       5       5       4       5       5      55       5       4       5       5       5       5       5
                   [<0>] bch2_trans_put+0x25/0x1d0 [bcachefs]
                   [<0>] bch2_readahead+0x3a7/0x5b0 [bcachefs]
                   [<0>] read_pages+0x76/0x220
                   [<0>] page_cache_ra_order+0x245/0x3a0
                   [<0>] filemap_get_pages+0x152/0x790
                   [<0>] filemap_read+0xfb/0x3e0
                   [<0>] bch2_read_iter+0x5e/0xe0 [bcachefs]
                   [<0>] vfs_read+0x25d/0x370
                   [<0>] ksys_read+0x6b/0xe0
                   [<0>] do_syscall_64+0x10a/0x670
                   [<0>] entry_SYSCALL_64_after_hwframe+0x76/0x7e
"
vGNp5ssL?source=archive,Improved Sed.cs,uniblab,C#,Friday 24th of July 2026 05:51:30 PM CDT,"// Original behavior/reference: sed (Lee E. McMahon)
// Ported to .NET by Timothy J. Bruce <uniblab@hotmail.com>

namespace Icod.CoreUtils.Sed;

using System;
using System.Collections.Generic;
using System.IO;
using System.Text;
using System.Text.RegularExpressions;

/// <summary>
/// sed: stream editor (simplified).
/// Supported features:
///   -n        suppress automatic printing
///   -e script add script to the commands to run
///   -i[SUFFIX] edit files in-place, optional backup SUFFIX (e.g. -i.bak or -i)
///   -?        display this help/usage text
/// Script forms supported (subset):
///   s/old/new/g   substitute (supports regex) with optional g flag
///   N i TEXT      insert TEXT before line N (example: ""1i this is foo"")
///   N r FILE      read FILE and append its contents after line N (example: ""2r file.txt"")
/// Multiple -e accepted; first script applied if none specified.
/// This is a small, portable subset for common use cases.
/// </summary>
public static class Command {
	private sealed class Script {
		public enum KindT {
			Substitute,
			Insert,
			Read
		}

		public KindT Kind {
			get;
		}
		public string? Text {
			get;
		}
		public string? Pattern {
			get;
		}
		public string? Replacement {
			get;
		}
		public string? Flags {
			get;
		}
		public int LineNumber {
			get;
		}
		public string? FileName {
			get;
		}

		private Script( KindT k, string? text = null, string? pattern = null, string? replacement = null, string? flags = null, int lineNumber = 0, string? fileName = null ) {
			Kind = k;
			Text = text;
			Pattern = pattern;
			Replacement = replacement;
			Flags = flags;
			LineNumber = lineNumber;
			FileName = fileName;
		}

		public static Script Subst( string pattern, string replacement, string? flags ) =>
			new Script( KindT.Substitute, pattern: pattern, replacement: replacement, flags: flags );

		public static Script Insert( int lineNumber, string text ) =>
			new Script( KindT.Insert, text: text, lineNumber: lineNumber );

		public static Script Read( int lineNumber, string fileName ) =>
			new Script( KindT.Read, lineNumber: lineNumber, fileName: fileName );
	}

	public static int Run( string[] args, TextReader? stdin = null, TextWriter? stdout = null, TextWriter? stderr = null ) {
		stdin ??= Console.In;
		stdout ??= Console.Out;
		stderr ??= Console.Error;

		var scripts = new List<Script>();
		var suppress = false;
		var files = new List<string>();
		var inPlace = false;
		string? backupSuffix = null;
		var exitCode = 0;

		int i = 0;
		for ( ; i < args.Length; i++ ) {
			var a = args[ i ];
			if ( !a.StartsWith( ""-"" ) ) {
				break;
			}

			if ( a == ""-n"" ) {
				suppress = true;
			} else if ( a == ""-e"" ) {
				if ( i + 1 < args.Length ) {
					i++;
					ParseAndAddScript( args[ i ], scripts );
				}
			} else if ( a == ""-i"" ) {
				inPlace = true;
				backupSuffix = string.Empty; // no backup
			} else if ( a.StartsWith( ""-i"" ) && a.Length > 2 ) {
				inPlace = true;
				backupSuffix = a.Substring( 2 ); // -iSUFFIX
			} else if ( a == ""-?"" ) {
				PrintUsage( stdout );
				return 0;
			} else {
				// ignore other options
			}
		}

		for ( ; i < args.Length; i++ ) {
			files.Add( args[ i ] );
		}

		// If no -e scripts provided, GNU sed treats first non-option arg as the script.
		// Handle single-argument script and split forms (Ni TEXT, Nr FILE).
		if ( scripts.Count == 0 && files.Count > 0 ) {
			var candidate = files[ 0 ];

			if ( candidate.StartsWith( ""s/"" ) || Regex.IsMatch( candidate, @""^[0-9]+[ir]\b"" ) ) {
				var simpleOnly = Regex.IsMatch( candidate, @""^[0-9]+[ir]$"" );
				if ( simpleOnly && files.Count >= 3 ) {
					// assemble middle tokens as script payload, last token is filename (target)
					var middle = string.Join( "" "", files.GetRange( 1, files.Count - 2 ) );
					var scriptText = candidate + "" "" + middle;
					ParseAndAddScript( scriptText, scripts );
					var last = files[ files.Count - 1 ];
					files.Clear();
					files.Add( last );
				} else {
					ParseAndAddScript( candidate, scripts );
					files.RemoveAt( 0 );
				}
			}
		}

		if ( scripts.Count == 0 ) {
			stderr.WriteLine( ""sed: no scripts provided"" );
			return 2;
		}

		if ( files.Count == 0 ) {
			files.Add( ""-"" );
		}

		try {
			foreach ( var path in files ) {
				if ( inPlace && path == ""-"" ) {
					stderr.WriteLine( ""sed: cannot edit standard input in-place"" );
					return 2;
				}

				TextReader reader;
				if ( path == ""-"" ) {
					reader = stdin;
				} else {
					reader = new StreamReader( path, Encoding.UTF8, detectEncodingFromByteOrderMarks: true );
				}

				if ( inPlace && path != ""-"" ) {
					var dir = Path.GetDirectoryName( path ) ?? ""."";
					var tmp = Path.Combine( dir, $"".sed.{Path.GetRandomFileName()}.tmp"" );
					using ( reader )
					using ( var outStream = new FileStream( tmp, FileMode.CreateNew, FileAccess.Write, FileShare.None ) )
					using ( var writer = new StreamWriter( outStream, ( (StreamReader)reader ).CurrentEncoding ?? Encoding.UTF8 ) ) {
						int lineNo = 1;
						string? line;
						while ( ( line = reader.ReadLine() ) is not null ) {
							// insert scripts: before current line
							foreach ( var sc in scripts ) {
								if ( sc.Kind == Script.KindT.Insert && sc.LineNumber == lineNo ) {
									writer.WriteLine( sc.Text );
								}
							}

							// apply substitutions
							var outLine = line;
							foreach ( var sc in scripts ) {
								if ( sc.Kind == Script.KindT.Substitute ) {
									var oldPat = sc.Pattern ?? string.Empty;
									var newText = sc.Replacement ?? string.Empty;
									var flags = sc.Flags ?? string.Empty;
									var regexOptions = RegexOptions.None;
									var replaceCount = flags.Contains( 'g' ) ? -1 : 1;
									outLine = RegexReplace( outLine, oldPat, newText, regexOptions, replaceCount );
								}
							}

							if ( !suppress ) {
								writer.WriteLine( outLine );
							}

							// read-file scripts: append file contents AFTER the current line
							foreach ( var sc in scripts ) {
								if ( sc.Kind == Script.KindT.Read && sc.LineNumber == lineNo ) {
									try {
										using var rf = new StreamReader( sc.FileName ?? string.Empty, Encoding.UTF8 );
										string? rline;
										while ( ( rline = rf.ReadLine() ) is not null ) {
											writer.WriteLine( rline );
										}
									} catch ( Exception ex ) {
										stderr.WriteLine( $""sed: {sc.FileName}: {ex.Message}"" );
										exitCode = 1;
									}
								}
							}

							lineNo++;
						}

						writer.Flush();
					}

					if ( backupSuffix is not null && backupSuffix.Length > 0 ) {
						var bak = path + backupSuffix;
						if ( File.Exists( bak ) ) {
							File.Delete( bak );
						}
						File.Move( path, bak );
					}
					if ( File.Exists( path ) ) {
						File.Delete( path );
					}
					File.Move( tmp, path );
				} else {
					using ( reader ) {
						int lineNo = 1;
						string? line;
						while ( ( line = reader.ReadLine() ) is not null ) {
							// insert scripts write before the current line
							foreach ( var sc in scripts ) {
								if ( sc.Kind == Script.KindT.Insert && sc.LineNumber == lineNo ) {
									stdout.WriteLine( sc.Text );
								}
							}

							var outLine = line;
							foreach ( var sc in scripts ) {
								if ( sc.Kind == Script.KindT.Substitute ) {
									var oldPat = sc.Pattern ?? string.Empty;
									var newText = sc.Replacement ?? string.Empty;
									var flags = sc.Flags ?? string.Empty;
									var regexOptions = RegexOptions.None;
									var replaceCount = flags.Contains( 'g' ) ? -1 : 1;
									outLine = RegexReplace( outLine, oldPat, newText, regexOptions, replaceCount );
								}
							}

							if ( !suppress ) {
								stdout.WriteLine( outLine );
							}

							// read-file scripts append file contents after the current line
							foreach ( var sc in scripts ) {
								if ( sc.Kind == Script.KindT.Read && sc.LineNumber == lineNo ) {
									try {
										using var rf = new StreamReader( sc.FileName ?? string.Empty, Encoding.UTF8 );
										string? rline;
										while ( ( rline = rf.ReadLine() ) is not null ) {
											stdout.WriteLine( rline );
										}
									} catch ( Exception ex ) {
										stderr.WriteLine( $""sed: {sc.FileName}: {ex.Message}"" );
										exitCode = 1;
									}
								}
							}

							lineNo++;
						}
					}
				}
			}

			return exitCode;
		} catch ( Exception ex ) {
			stderr.WriteLine( $""sed: {ex.Message}"" );
			return 1;
		}
	}

	private static void ParseAndAddScript( string scriptText, List<Script> scripts ) {
		// substitution
		var m = Regex.Match( scriptText, @""^s/(?<old>.*?)/(?<new>.*?)/(?<flags>.*)$"" );
		if ( !m.Success ) {
			m = Regex.Match( scriptText, @""^s/(?<old>.*?)/(?<new>.*)$"" );
		}
		if ( m.Success ) {
			var oldPat = m.Groups[ ""old"" ].Value;
			var newText = m.Groups[ ""new"" ].Value;
			var flags = m.Groups[ ""flags"" ].Success ? m.Groups[ ""flags"" ].Value : string.Empty;
			newText = UnescapeSedString( newText );
			scripts.Add( Script.Subst( oldPat, newText, flags ) );
			return;
		}

		// insert: ""<number>i TEXT""
		var im = Regex.Match( scriptText, @""^(?<ln>[0-9]+)i(?:\s+)(?<text>.*)$"" );
		if ( im.Success ) {
			if ( int.TryParse( im.Groups[ ""ln"" ].Value, out var ln ) ) {
				var text = UnescapeSedString( im.Groups[ ""text"" ].Value );
				scripts.Add( Script.Insert( ln, text ) );
				return;
			}
		}

		// read: ""<number>r FILE""
		var rm = Regex.Match( scriptText, @""^(?<ln>[0-9]+)r(?:\s+)(?<file>.*)$"" );
		if ( rm.Success ) {
			if ( int.TryParse( rm.Groups[ ""ln"" ].Value, out var ln ) ) {
				var file = rm.Groups[ ""file"" ].Value;
				// do not unescape filenames
				scripts.Add( Script.Read( ln, file ) );
				return;
			}
		}

		// unsupported script: ignore
	}

	private static string UnescapeSedString( string s ) {
		if ( string.IsNullOrEmpty( s ) )
			return s;
		var sb = new StringBuilder( s.Length );
		for ( var i = 0; i < s.Length; i++ ) {
			var c = s[ i ];
			if ( c != '\\' ) {
				sb.Append( c );
				continue;
			}

			i++;
			if ( i >= s.Length ) {
				sb.Append( '\\' );
				break;
			}

			var esc = s[ i ];
			switch ( esc ) {
				case 'n':
					sb.Append( '\n' );
					break;
				case 'r':
					sb.Append( '\r' );
					break;
				case 't':
					sb.Append( '\t' );
					break;
				case '\\':
					sb.Append( '\\' );
					break;
				case 'a':
					sb.Append( '\a' );
					break;
				case 'b':
					sb.Append( '\b' );
					break;
				case 'f':
					sb.Append( '\f' );
					break;
				case 'v':
					sb.Append( '\v' );
					break;
				default:
					sb.Append( '\\' );
					sb.Append( esc );
					break;
			}
		}
		return sb.ToString();
	}

	private static string RegexReplace( string input, string pattern, string replacement, RegexOptions options, int maxReplacements ) {
		try {
			if ( maxReplacements == -1 ) {
				return Regex.Replace( input, pattern, replacement, options );
			}

			var regex = new Regex( pattern, options );
			var count = 0;
			return regex.Replace( input, m => {
				count++;
				if ( count <= maxReplacements ) {
					return replacement;
				}

				return m.Value;
			} );
		} catch {
			return input;
		}
	}

	private static void PrintUsage( TextWriter stdout ) {
		stdout.WriteLine( ""Usage: sed [-n] [-e script]... [-i[SUFFIX]] [file...]"" );
		stdout.WriteLine( ""  -n           suppress automatic printing of pattern space"" );
		stdout.WriteLine( ""  -e script    add the script to the commands to be executed"" );
		stdout.WriteLine( ""  -i[SUFFIX]   edit files in-place, optional backup SUFFIX"" );
		stdout.WriteLine( ""  -?           display this help and exit"" );
	}
}
"
9TYwUjQt?source=archive,Horrible formatting made better,uniblab,C#,Friday 24th of July 2026 05:48:42 PM CDT,"// HORRIBLE! BAD PROGRAMMER!
public TodoService(
    IHttpClientFactory httpClientFactory,
    ILogger<TodoService> logger) =>
    (_httpClientFactory, _logger) = (httpClientFactory, logger);

// Very good!
public TodoService(
    IHttpClientFactory httpClientFactory,
    ILogger<TodoService> logger
) => (_httpClientFactory, _logger) = (httpClientFactory, logger);"
FPvLPqg2?source=archive,How to correctly instantiate an HttpClient,uniblab,C#,Friday 24th of July 2026 05:47:01 PM CDT,"var handler = new HttpClientHandler {
#if NET48_OR_GREATER || NET5_0_OR_GREATER
	SslProtocols = System.Security.Authentication.SslProtocols.Tls12 | System.Security.Authentication.SslProtocols.Tls13, 
#else
	SslProtocols = System.Security.Authentication.SslProtocols.Tls | System.Security.Authentication.SslProtocols.Tls11 | System.Security.Authentication.SslProtocols.Tls12 | System.Security.Authentication.SslProtocols.Ssl3,
#endif
#if DEBUG
	AutomaticDecompression = System.Net.DecompressionMethods.None,
#elif NETFRAMEWORK || NETSTANDARD
	AutomaticDecompression = System.Net.DecompressionMethods.GZip | System.Net.DecompressionMethods.Deflate,
#else
	AutomaticDecompression = System.Net.DecompressionMethods.All,
#endif
};"
MkLdfJy9?source=archive,VLF: VLF Notes: VMware ESXi for VSI/VMS hobbyists @ 2024.12.03,VLF,text,Friday 24th of July 2026 02:56:12 AM CDT,"From vlf@star.enet.dec.com Tue Dec 03 11:16:09 2024
From: Subcommandante XDelta <vlf@star.enet.dec.com>
Newsgroups: comp.os.vms
Subject: VLF Notes: VMware ESXi for VSI/VMS hobbyists
Date: Tue, 03 Dec 2024 11:16:09 +1100
Message-Id: <s6jskjl1b73tbj7mq3ojugj1vaj93t7434@4ax.com>
User-Agent: ForteAgent/8.00.32.1272
Mime-Version: 1.0
Content-Type: text/plain; charset=us-ascii
Content-Transfer-Encoding: 7bit
Lines: 320
Path: not-for-mail
Nntp-Posting-Date: Tue, 03 Dec 2024 00:16:14 +0000
Organization: NewsgroupDirect
X-Complaints-To: abuse@newsgroupdirect.com

Dear comp.os.vms collegiates,

The purpose of this VLF (VMS Liberation Front) note is to provide a
resource - VMware ESXi - for VSI/VMS hobbyists who want to get closer
to the bare metal than what VirtualBox can provide.

VMware.ESXi.v8.0.2-BTCRiSO

It can be downloaded from the Usenet Binaries Newgroups:

https://www.nzbking.com/?q=VMware.ESXi.v8.0.2-BTCRiSO

And unpacked with your favourite archiving utility.

It's straight from Scene Source, pure as the driven snow, clean as a
whistle, and you can bet your nuclear reactor on it.

It is kindly provided by our esteemed colleagues elsewhere in the
general RCE (Reverse Code Engineering) Scene.

BTB, the VLF Project is mostly retired - it was founded and forged in
the dim, dark, dismal, days of 2011-2012, when VMS was at its
near-death nadir, near its 35th anniversary, and the catastrophic
collapse of VMS mindshare looked imminent - so two ex-digits gave HP
the finger, and decided we were going to put up a hell of a fight - we
were old as the hills, mad as hell, and quite possibly mad, and we
weren't going to take it anymore - and we vowed to continue until our
system clocks ran down.

We were quite productive in those early years with the release of the
LMFgen and a serendipitous mother-lode treasure-trove of Stromasys
CHARON VAX/AXP/PDP hardware virtualisers, courtesy of a rather
casually protected FTP server, back in the day.

We delivered the best for the benighted and beleaguered VAX/VMS and
AXP/VMS hobbyists, and indeed, there is no VAX/VMS or AXP/VMS
hobbyist, or, indeed, shop, that cannot continue to run, with the
consequent preservation of VMS mindshare - and any VAX/VMS or AXP/VMS
shop that continues to run, is one that can migrate to VSI/VMS, rather
than migrate away from VMS.

We terminated the risk of an extinction level event (ELE) of VMS
mindshare - and we make no apologies for that.

About a decade ago, one of our old-hand digit, Aussie, sympathisers,
apprised, and briefed, that pioneering elder statesman of DEC
Australia, Mr Max Burnet, whom, sadly, passed away in 2023, of the
existence and the works of the VLF, and he reported back that Mr
Burnet had a tear in his eye as he said ""That such VMS fanatics
exist."" - that is the only validation we have needed, really, that our
methods were sound (per Colonel Kurtz, Apocalypse Now) and that our
path was true.

https://www.acsfoundation.com.au/post/max-burnet-oam-a-technology-legend

Back in the day on comp.os.vms we copped a lot of brickbats, when we
made out entrance out of left field, particularly from IP fetishists
that would rather have seen VMS die from the violating IP owners (HP),
than see IP violated - but as we patiently and persistently reminded
comp.os.vms collegiates - that because the VLF exists, none of them,
with their backs against the wall, would have their hand forced to do
exactly what we had done.

We fondly recall one of our most energetic critics, at that time -
Herr ""Gott im Himmel"" Helbig - we did discuss, to wind him up,
pretending to be ""KremVax"" Russian hackers, giving the VMS anglosphere
a grandparental master class in egg husbandry about how to sort
matters out - however, we thought the better of it, and didn't want to
raise his Teutonic blood pressure - I'm sure that, IRL, we could have
buried the hatchet, sorted out our differences, and enjoyed a few
beer-steins of quality German lagered products, together.

With the welcome advent of both VSI (VMS Software International) and
the VMS Generations group, roughly around the same time, IIRC, we
decided that there may well be a brighter future for VMS, and the VMS
ecosystem, and consequently we dialed back the exigent urgency of our
VLF Project bucket-list action-items.

What with doting on grand-children, attending to portfolios of medical
woes, and the relativistic time contraction with advancing age, the
years have rolled by.

We do regret not getting around to releasing Oracle/RBD for the VMS
hobbyists.

We do regret not releasing the LMFgen in the proper, and fitting,
manner which was originally intended, back in 2012 - as BLISS, and
VAXC, full source code - also compiled for VAX and AXP, and designed
for integration as DCL Verbs. We also intended to write the LMFgen as
a DCL Command Script, so that it was comprehensible to any VMS person
- DCL is capable of great elegance - the joys of lexical discourse!

A technical note to VSI - there is absolutely nothing wrong with the
License Management Facility (LMF) - it's elegantly fit for purpose -
VMS people are rules players, the LMF allows them to know where they
stand. Allow license types that give confidence to VMS shops that it's
safe and secure to continue with VMS, and not have to plan to migrate
away, should VSI ever go belly up - the VMS Generations group have
very sage advice on that, as always, providing reliable North Star
navigation, from the VMS ecosystem.

Another technical note to VSI - please do not think to complicate your
code-bases with byzantine, and diabolical, protection systems -
excellence sells - maintain focus on that. There is no protection
system that cannot be bypassed.

Case in point, the terminated targets from these Stellar underground
RCE Scene groups: MAGNiTUDE, XFORCE, and CORE, to name but a few:

https://predb.net/group/MAGNiTUDE?page=1&q=apps&type=section

https://predb.net/group/XFORCE?page=1&q=MAGNiTUDE&type=group

https://predb.net/group/CORE?page=1&q=XFORCE&type=group

In the audio underground RCE Scene, Team R2R (Reverse to
Revolutionise) rule supreme as comprehensive protection demolition
experts - indeed their releases tend to start faster, operate faster,
with substantial less audio latency:

https://audioz.download/?do=search&story=R2R

A reassurance to VSI - the VLF never, ever, intended, or intend, to
reverse engineer the VSI licensing systems - we want both VSI, and the
VMS Ecosystem, to thrive, and to thrive vigorously, and to continue to
do so.

A history of VLF releases and comp.os.vms communiques can be found
here:

https://pastebin.com/u/VLF

Please note carefully that there are no direct links for the
downloading of our releases, it is purely informational (NFO) only.

The VLF releases, however, can be found and downloaded on
alt.binaries.warez, and also downloaded from this underground RCE
Scene Distro repository:

https://webscene.ir/distro/VLF

Archive Password: webscene.ir

All the VLF releases have been uploaded to the IPFS (Inter-Planetary
File System) resilient, persistent, file system, in preparation for
when my system clock runs down:

A reliable, simple, IPFS downloader:

https://github.com/ipfs/ipget

https://ipfs.io/

Note: IPFS downloads (at least on Windows) can lose file extensions -
simply tack "".rar"" to the end of the downloaded file.

LiBREVMS.LMFGEN.OpenVMS.Tru64.OSF1.ULTRIX.v1.2.WinALL.x86.x64.KEYGEN-VLF
ipfs://QmPSnMKkJNf6QPwHerC8duma7xcvnoKFUZQUQZRJzEzwRi

Stromasys.CHARON-11.v2.5.Build.117.Retail.WinALL.x86.Cracked-VLF
ipfs://QmdmhhY3X6XPte47ayLt2PVFrRPucM4YX7j1YFeVg7eX1q

Stromasys.CHARON-AXP.v4.2.Build.142-01.68704122.Retail.GNU.Linux.x64.Cracked-VLF
ipfs://QmbtiLpeJHaiYBKS2hRiMskbj9WsQTBppqWvdT7Y9v1p6A

Stromasys.CHARON-AXP_4100_DS_ES_GS.v4.1.Build.129-04.Retail.WinALL.x64.Cracked-VLF
ipfs://QmT5Qw8LSSmJiv4dSBnXieGttCspqwDbp3odSFnHiz2vcU

Stromasys.CHARON-VAX_Xx_66x0.v4.0.Build.122-04.Retail.WinALL.x86.x64.Cracked-VLF
ipfs://QmZ3Mfpgi9hKoLtRpJMd7FfFVkhBpbUr5yEnmVKtDPdGqb

Stromasys.CHARON-VAX_Xx_66x0.v4.1.Build.134-02.Retail.Win7.W2K8.x86.x64.Cracked-VLF
ipfs://QmP7GuQCWatJiUu57GmXjSbhf9JVVNpvxcSbQLGyWa23Zb

Advanced.Systems.Concepts.XLNT.Professional.v4.0.WinALL.Cracked-VLF
ipfs://QmTRk3GUUbVPSA9h7e9sZr3UXpWiwLkjaY9A7fu13DqPbL

Advanced.Systems.Concepts.XLNT.Professional.v5.0.WinALL.Cracked-VLF
ipfs://QmaNL3rE7Szd6K7X9Ld1crhx16Q4egnLMaudS3ALWGPC14

Corel.WordPerfect.v5.3.OpenVMS.VAX.AXP.Cracked.Repack-VLF
ipfs://QmYzEEWhJu5M5ss9H15eibAB2BGwb9XT9pxHss6N7drzGm

And some bonus extras:

digital.To-Do.List.Pad.Page.Form.9513.A5-DEC
ipfs://QmPTSLpMTVaZs53vnT11tNrJkajwCnh7ZVMJben6uCUqpr

digital.VAX.VMS.20.Years.1977.To.1997.eBook-DEC
ipfs://QmbRCo3RqpKasJpiFFUUrVKu3GGPYiZqjF6pJC6YhdPuzg

Edgar.H.Schein.DEC.Is.Dead.Long.Live.DEC.2004.eBook-iND
ipfs://QmS91VvBjvDgRaFUZoqjo6prNEhgb8EUNmCEFLBJQJbCPj

If you need a Windows substrate to run the Stromasys CHARON hardware
virtualisers on, then we refer you to the excellent MAS Project:

https://massgrave.dev/

Back to matter of the VLF Project being semi-retired, I regret to
impart that my esteemed colleague, and good friend, Subcommandante
BYPASS, has, in all likelihood, kicked the big bit bucket, and is
abiding in Silicon Heaven with Big Ken. In the ""mad genius"" that was
the VLF, Subcommandante BYPASS was the RCE genius half, and I was (and
am) the mad half.

We loved our super secret squirrel cyphertext communications - I tend
to be a cypherpunk hard-arse, and BYPASS was a hundred times worse -
compiling his own cypher systems, from early, walked-through, PGP
code, and always, annoyingly, exasperatingly, setting expiries on his
PGP keys - which, of course, he'd, inevitably, forget to renew... -
consequently - oh, the humanity, irony, and the comedy! - I'd have to
paper mail him a post-card to prompt his memory, so that we could
continue our cyphertext email conversations via our super secret
squirrel, brown paper bag, identities.

With apparent paradox, we did cleartext paper mail each other (never
mentioning secret VLF business), sent family photographs, and
Christmas cards, and parcels of DEC memorabilia, to each other.

I haven't had any contact from him since August 2022, either by
e-mail, or by paper post, and there has been no response to my
Christmas cards for the last two years, and I expect, but do not
anticipate, that there will be no response this year either, alas.

I regret that I never quite got around to shipping him one of my VAX
11/780 circuit boards, to hang on his wall, to complement his
extensive collection of things DEC.

I regret that we never got around to setting up a VLF FTP so that we
could share and mirror all our R&D data, and sundry files, easily -
and act as disaster recovery, and ongoing backup - alas, much has been
lost with his departure.

I regret that our well-intention plans to cross oceans and continents
- to quaff quality lagered products together - never got beyond
arm-waving, blue-sky, kite-flying, affable affirmations, and
declarations of strong intent (DECronym: DSI).

I dearly miss our conversations on matters VMS, and the plotting of
the next stage of the revolution, and conversations about his
beer-craft, and his beloved bee-hives, and his beloved VMS cluster.

I salute his love and dedication to the VMS Operating System - that
intellectual jewel, glory, and heritage, of the Digital Equipment
Corporation - and whilst I continue to draw breath, I will hold him
dearly in both my heart and my memory.

Subcommandante BYPASS - resquiat in pace, requiem in potestate, dear
comrade.

System Clocks run down - it can't be helped - so it goes, so it goes.

And what is a take-away message from the myriad regrets essayed? -
tick action-items off your to-do lists, pro-actively, sooner than
later - 'twas ever thus, 'twas ever thus...

In regards to our VLF releases, standard protocol applies - as always
- neither brickbats, nor bouquets, are desired - do not get
distracted, rather, keep focused on sharing your erudition,
experience, and expertise, on matters VMS, on comp.os.vms - as per
usual.

One final thought, as much as the venerable Vernon is the beloved
mascot of VMS, and exigently relevant given that the clade
Selachimorpha are under the extinction pump, there is a strong case to
be made that the totem animal, or spirit animal, of VMS is Balthazar
the Donkey, from the classic film from the French Director, Robert
Bresson: ""Au hasard Balthazar"" (1966).

https://www.criterion.com/current/posts/370-au-hasard-balthazar

https://en.wikipedia.org/wiki/Au_hasard_Balthazar

It is a profound film, one of the greatest of all time, and I heartily
recommend all comp.os.vms collegiates to view it - track down the
Criterion DVD. With reference to the movie, our Balthazar, VMS, is
once again in good hands, with VSI, in complementary concert with the
charitable animal inspectors at the VMS Generations group. 

I don't usually, interact with the comp.os.vms colloquy, but I do
monitor it, to see what the old gang is up to - the ranks have been
thinning out over the years, but it admirably carries on - there may
come a time when its down to ""Four Yorkshiremen"" (per Monty Python),
but it will carry on regardless!.

I only stick my beak in, when something warrants prodding and poking,
and then have a short excursion from the MCR mausoleum - like as with
my recent post on bare-metal VMS - that ever present elephant in the
VMS loungeroom.

This was intended to be a short, sweet, VLF note, but has discursively
wandered into reminiscing and eulogy - it was delivered, ex cathedra,
from my La-Z-Boy recliner, from my ThinkPad perched on a dinner tray,
with a lagered product by my side. What's that dear? - stop playing
VMS underground superheroes and ready for bed? (my SO is 99 to my 86)
- Oh well, time for my hot malted milk, with a nip of something extra.

That's it from the near-emeritus Team VLF for this year - have a very
merry Christmas and a happy new year! - toodle-pip!

Thank you for your attention, comp.os.vms collegiates.

As always - Semper VMS.

With the very best regards,

Subcommandante XDelta
p.p. Subcommandante BYPASS (RIP)
The VMS Liberation Front: In VMS We Trust

PS: When I get around to it, I will release DECDocument for VAX/VMS
and AXP/VMS, from the bucket list, to complement our WordPerfect
release from 2016.

Touch.Technologies.DECdocument.v3.3H.OpenVMS.VAX.AXP.Incl.License-VLF

$!-------------------------- damn straight -----------------------!$
$ opprobrium/level=kittens/mode=conniptions/input=VLF:/output=NL: !$
$!--------------------------- enough said ------------------------!$

"
bAcVSGWa?source=archive,evdev 2nd seat v4.04,vindree,Python,Thursday 23rd of July 2026 01:13:39 PM CDT,"#!/usr/bin/env python3
""""""
VTTGrabber v4.04 - Stable USB Input Edition
- Adds scroll wheel zoom and middle-click pan for Foundry VTT
- Atomic message IDs for reliable CDP communication
- Retains all v4.03 functionality: strict USB filtering, modifier keys, device selection
""""""

import asyncio
import evdev
from evdev import ecodes, InputDevice
import json
import os
import signal
import sys
import urllib.request
import websockets
from pathlib import Path

CONFIG_FILE = Path.home() / '.vttgrabber.json'
CDP_URL = ""ws://localhost:9222/devtools/browser""
SCREEN_WIDTH = 1920
SCREEN_HEIGHT = 1080


class DeviceScanner:
    """"""Strict USB device discovery with ASUS hardware blacklist""""""
    BUILT_IN_PATTERNS = ['AT Translated', 'Lid Switch', 'Power Button', 'Sleep Button']
    
    def is_forbidden(self, device):
        name = device.name.lower()
        info = device.info
        
        if info.vendor == 0x0b05 and info.product == 0x19b6:
            return True, 'ASUS built-in hardware (Hardcoded block)'
        if 'asus' in name and 'keyboard' in name:
            return True, 'ASUS built-in hardware (Name block)'
        if any(p.lower() in name for p in self.BUILT_IN_PATTERNS):
            return True, 'System built-in'
        return False, ''

    def is_usb(self, device):
        return device.phys and 'usb' in device.phys.lower()

    def get_all_devices(self):
        devices = {'remotes': [], 'keyboards': [], 'mice': [], 'forbidden': []}
        
        for path in evdev.list_devices():
            try:
                dev = InputDevice(path)
                caps = dev.capabilities()
                
                device_info = {
                    'name': dev.name,
                    'path': path,
                    'usb_path': self._get_usb_path(path)
                }
                
                forbidden, reason = self.is_forbidden(dev)
                if forbidden:
                    device_info['reason'] = reason
                    devices['forbidden'].append(device_info)
                    continue
                    
                if not self.is_usb(dev):
                    continue

                # Hardware heuristics: mice have REL_X, keyboards have >20 keys
                keys = caps.get(ecodes.EV_KEY, [])
                rel_axes = caps.get(ecodes.EV_REL, [])
                abs_axes = caps.get(ecodes.EV_ABS, [])
                
                is_mouse = ecodes.REL_X in rel_axes or ecodes.ABS_X in abs_axes
                is_keyboard = len(keys) > 20

                # Combo devices (wireless dongles) register as both
                if is_mouse and is_keyboard:
                    devices['remotes'].append(device_info)
                    devices['keyboards'].append(device_info)
                    devices['mice'].append(device_info)
                elif is_mouse:
                    devices['mice'].append(device_info)
                elif is_keyboard:
                    devices['keyboards'].append(device_info)
                    
            except (PermissionError, OSError):
                continue
        
        return devices
    
    def _get_usb_path(self, path):
        try:
            real = os.path.realpath(path)
            parts = real.split('/')
            for i, part in enumerate(parts):
                if 'usb' in part.lower():
                    return '/'.join(parts[:i+2])
        except: 
            pass
        return path
    
    def find_combo_devices(self, devices):
        usb_groups = {}
        for dev in devices:
            usb = dev.get('usb_path', dev['path'])
            usb_groups.setdefault(usb, []).append(dev)
        
        combos = []
        for usb_path, devs in usb_groups.items():
            if len(devs) > 1:
                combos.append({
                    'name': devs[0]['name'],
                    'path': devs[0]['path'],
                    'usb_path': usb_path,
                    'interfaces': devs
                })
        return combos
    
    def prompt_device_selection(self, devices_list, device_type, forbidden_list=None, saved_path=None):
        if not devices_list:
            print(f""\nNo USB {device_type} devices found."")
            return None
        
        print(f""\n--- Select USB {device_type.upper()} (Enter to skip) ---"")
        
        for i, dev in enumerate(devices_list, 1):
            marker = "" [saved]"" if dev['path'] == saved_path else """"
            print(f""  [{i}] {dev['name']}{marker}"")
            print(f""      {dev['path']}"")
        
        if forbidden_list:
            print(f""\n  Forbidden/Blocked Hardware:"")
            for dev in forbidden_list:
                print(f""    - {dev['name']} ({dev['reason']})"")
        
        choice = input(f""\nEnter 1-{len(devices_list)} or press Enter to skip: "").strip()
        
        if choice.isdigit():
            idx = int(choice) - 1
            if 0 <= idx < len(devices_list):
                return devices_list[idx]['path']
        
        if saved_path:
            print(f""Using saved: {saved_path}"")
            return saved_path
        
        return None


class VTTGrabber:
    def __init__(self):
        self.devices = {}
        self.ws = None
        self.target_id = None
        self.running = False
        self.msg_counter = 0  # Atomic message ID counter
        
        self.mouse_x = SCREEN_WIDTH // 2
        self.mouse_y = SCREEN_HEIGHT // 2
        self.scroll_accumulator = 0  # For smooth scroll handling
        
        self.shift_pressed = False
        self.ctrl_pressed = False
        self.alt_pressed = False
        self.meta_pressed = False
        
    def load_saved(self):
        if CONFIG_FILE.exists():
            try: 
                return json.load(open(CONFIG_FILE))
            except: 
                pass
        return {}
    
    def save_config(self, remote, keyboard, mouse):
        try: 
            json.dump({'remote': remote, 'keyboard': keyboard, 'mouse': mouse}, open(CONFIG_FILE, 'w'))
        except: 
            pass

    async def select_and_grab_devices(self):
        scanner = DeviceScanner()
        devices = scanner.get_all_devices()
        saved = self.load_saved()
        
        all_remotes = devices['remotes'].copy()
        all_mice = devices['mice'].copy()
        combos = scanner.find_combo_devices(devices['keyboards'])
        for combo in combos:
            if combo not in all_remotes:
                all_remotes.append(combo)
        
        remote_path = scanner.prompt_device_selection(all_remotes, 'remote combo/trackpad', saved_path=saved.get('remote'))
        keyboard_path = scanner.prompt_device_selection(devices['keyboards'], 'keyboard', forbidden_list=devices['forbidden'], saved_path=saved.get('keyboard'))
        mouse_path = scanner.prompt_device_selection(all_mice, 'mouse/trackpad', saved_path=saved.get('mouse'))
        
        self.save_config(remote_path, keyboard_path, mouse_path)
        
        paths = {'remote': remote_path, 'keyboard': keyboard_path, 'mouse': mouse_path}
        for name, path in paths.items():
            if path:
                try:
                    dev = InputDevice(path)
                    dev.grab()
                    self.devices[name] = dev
                    print(f""Opened and grabbed {name}: {dev.name}"")
                except Exception as e:
                    print(f""Failed to open {name}: {e}. Run with sudo."")
        return len(self.devices) > 0

    async def find_chromium_target(self):
        try:
            req = urllib.request.Request(""http://localhost:9222/json"", headers={""Host"": ""localhost:9222""})
            with urllib.request.urlopen(req, timeout=5) as response:
                targets = json.loads(response.read().decode())
            for target in targets:
                if target[""type""] == ""page"":
                    self.target_id = target[""id""]
                    print(f""Found target: {target.get('title', 'Unknown')}"")
                    return target[""webSocketDebuggerUrl""]
        except Exception as e:
            print(f""Error finding Chromium target: {e}"")
            return None

    async def connect_cdp(self):
        ws_url = await self.find_chromium_target()
        if not ws_url:
            raise ConnectionError(""No Chromium target found. Is Chrome running with --remote-debugging-port=9222?"")
        self.ws = await websockets.connect(ws_url, ping_interval=None)
        await self.send_cdp(""Input.enable"", {})
        await self.send_cdp(""Runtime.enable"", {})
        asyncio.create_task(self._drain_ws())

    async def _drain_ws(self):
        """"""Background task to prevent WebSocket buffer overflow""""""
        try:
            while self.running and self.ws:
                try: 
                    await asyncio.wait_for(self.ws.recv(), timeout=0.1)
                except asyncio.TimeoutError: 
                    continue
                except Exception: 
                    break
        except Exception: 
            pass

    async def send_cdp(self, method, params):
        """"""Send CDP command with atomic message ID""""""
        if not self.ws: 
            return
        self.msg_counter += 1
        msg = {""id"": self.msg_counter, ""method"": method, ""params"": params}
        try: 
            await self.ws.send(json.dumps(msg))
        except Exception: 
            pass

    async def inject_cursor(self):
        """"""Inject synthetic cursor for visibility""""""
        cursor_script = """"""
        (function() {
            const existing = document.getElementById('vtt-cursor');
            if (existing) existing.remove();
            const c = document.createElement('div');
            c.id = 'vtt-cursor';
            c.style.cssText = `position: fixed; width: 24px; height: 24px; background: radial-gradient(circle, rgba(255,0,85,0.9) 0%, rgba(255,0,85,0.6) 40%, rgba(255,0,85,0) 70%); border: 3px solid #ff0055; border-radius: 50%; pointer-events: none; z-index: 2147483647; left: 0; top: 0; box-shadow: 0 0 10px #ff0055, 0 0 20px #ff0055; transition: transform 0.05s ease-out;`;
            document.body.appendChild(c);
            window.vttCursor = c;
            window.updateVTTCursor = function(x, y) { if (window.vttCursor) window.vttCursor.style.transform = `translate(${x}px, ${y}px)`; };
        })();
        """"""
        await self.send_cdp(""Runtime.evaluate"", {""expression"": cursor_script, ""awaitPromise"": False})

    async def _get_modifiers(self):
        """"""Calculate modifier bitmask for CDP""""""
        modifiers = 0
        if self.alt_pressed: 
            modifiers |= 1
        if self.ctrl_pressed: 
            modifiers |= 2
        if self.meta_pressed: 
            modifiers |= 4
        if self.shift_pressed: 
            modifiers |= 8
        return modifiers

    # =========================================================================
    # MOUSE HANDLING - Added scroll wheel and middle-click
    # =========================================================================
    async def route_mouse_device(self, device):
        """"""Handle mouse movement, buttons, and scroll""""""
        async for event in device.async_read_loop():
            if not self.running: 
                break
            
            # Mouse movement
            if event.type == ecodes.EV_REL:
                if event.code == ecodes.REL_X: 
                    self.mouse_x = max(0, min(SCREEN_WIDTH - 1, self.mouse_x + event.value))
                elif event.code == ecodes.REL_Y: 
                    self.mouse_y = max(0, min(SCREEN_HEIGHT - 1, self.mouse_y + event.value))
                
                await self.send_cdp(""Input.dispatchMouseEvent"", {
                    ""type"": ""mouseMoved"", 
                    ""x"": self.mouse_x, 
                    ""y"": self.mouse_y, 
                    ""modifiers"": await self._get_modifiers()
                })
                
                # Update synthetic cursor position
                await self.send_cdp(""Runtime.evaluate"", {
                    ""expression"": f""if(window.updateVTTCursor) window.updateVTTCursor({self.mouse_x},{self.mouse_y});"",
                    ""awaitPromise"": False
                })
            
            # Scroll wheel (NEW in v4.04)
            elif event.type == ecodes.EV_REL and event.code == ecodes.REL_WHEEL:
                self.scroll_accumulator += event.value
                if abs(self.scroll_accumulator) >= 1:
                    await self.send_cdp(""Input.dispatchMouseEvent"", {
                        ""type"": ""mouseWheel"",
                        ""x"": self.mouse_x,
                        ""y"": self.mouse_y,
                        ""deltaX"": 0,
                        ""deltaY"": int(self.scroll_accumulator * -50),  # Negative for natural scroll
                        ""modifiers"": await self._get_modifiers()
                    })
                    self.scroll_accumulator = 0
            
            # Mouse buttons (NEW: added middle click 274)
            elif event.type == ecodes.EV_KEY:
                if event.code in (272, 273, 274):  # 272=Left, 273=Right, 274=Middle
                    button_map = {272: ""left"", 273: ""right"", 274: ""middle""}
                    button = button_map[event.code]
                    action = ""mousePressed"" if event.value == 1 else ""mouseReleased""
                    
                    await self.send_cdp(""Input.dispatchMouseEvent"", {
                        ""type"": action,
                        ""x"": self.mouse_x,
                        ""y"": self.mouse_y,
                        ""button"": button,
                        ""clickCount"": 1,
                        ""modifiers"": await self._get_modifiers()
                    })

    # =========================================================================
    # KEYBOARD HANDLING - Unchanged from v4.03 (proven working)
    # =========================================================================
    def _parse_dynamic_key(self, keycode):
        """"""Extended dynamic parser for VTT functional keys""""""
        key_name = ecodes.KEY.get(keycode)
        if not key_name: 
            return None, None, None
        if isinstance(key_name, list): 
            key_name = key_name[0]
        
        base = key_name.replace('KEY_', '')
        
        # Standard Alphanumeric
        if len(base) == 1 and base.isalpha():
            return (base if self.shift_pressed else base.lower(), f""Key{base}"", base if self.shift_pressed else base.lower())
        if len(base) == 1 and base.isdigit():
            symbols = {'1':'!', '2':'@', '3':'#', '4':'$', '5':'%', '6':'^', '7':'&', '8':'*', '9':'(', '0':')'}
            return (symbols[base] if self.shift_pressed else base, f""Digit{base}"", symbols[base] if self.shift_pressed else base)
            
        # Expanded Functional Mapping
        specials = {
            'SPACE': (' ', 'Space', ' '), 
            'ENTER': ('\r', 'Enter', None), 
            'KPENTER': ('\r', 'NumpadEnter', None),
            'BACKSPACE': ('Backspace', 'Backspace', None),
            'DELETE': ('Delete', 'Delete', None),
            'PAGEUP': ('PageUp', 'PageUp', None),
            'PAGEDOWN': ('PageDown', 'PageDown', None),
            'UP': ('ArrowUp', 'ArrowUp', None), 
            'DOWN': ('ArrowDown', 'ArrowDown', None), 
            'LEFT': ('ArrowLeft', 'ArrowLeft', None), 
            'RIGHT': ('ArrowRight', 'ArrowRight', None),
            'MINUS': ('_' if self.shift_pressed else '-', 'Minus', '_' if self.shift_pressed else '-'), 
            'EQUAL': ('+' if self.shift_pressed else '=', 'Equal', '+' if self.shift_pressed else '='),
            'SLASH': ('?' if self.shift_pressed else '/', 'Slash', '?' if self.shift_pressed else '/'), 
            'DOT': ('>' if self.shift_pressed else '.', 'Period', '>' if self.shift_pressed else '.'),
            'COMMA': ('<' if self.shift_pressed else ',', 'Comma', '<' if self.shift_pressed else ','),
            'ESC': ('Escape', 'Escape', None)
        }
        return specials.get(base, (None, None, None))

    async def _send_modifier_keys(self, keycode, value):
        """"""Send modifier key state changes""""""
        mod_map = {
            ecodes.KEY_LEFTSHIFT: (""Shift"", ""ShiftLeft""), 
            ecodes.KEY_RIGHTSHIFT: (""Shift"", ""ShiftRight""),
            ecodes.KEY_LEFTCTRL: (""Control"", ""ControlLeft""), 
            ecodes.KEY_RIGHTCTRL: (""Control"", ""ControlRight""),
            ecodes.KEY_LEFTALT: (""Alt"", ""AltLeft""), 
            ecodes.KEY_RIGHTALT: (""Alt"", ""AltRight""),
        }
        if keycode in mod_map:
            key, code = mod_map[keycode]
            await self.send_cdp(""Input.dispatchKeyEvent"", {
                ""type"": ""keyDown"" if value > 0 else ""keyUp"", 
                ""key"": key, 
                ""code"": code, 
                ""modifiers"": await self._get_modifiers()
            })

    async def route_keyboard_device(self, device):
        """"""Handle keyboard input with strict event type checking""""""
        async for event in device.async_read_loop():
            if not self.running or event.type != ecodes.EV_KEY: 
                continue
                
            keycode, value = event.code, event.value
            
            # Update modifier state
            if keycode in (ecodes.KEY_LEFTSHIFT, ecodes.KEY_RIGHTSHIFT): 
                self.shift_pressed = value > 0
                await self._send_modifier_keys(keycode, value)
                continue
            elif keycode in (ecodes.KEY_LEFTCTRL, ecodes.KEY_RIGHTCTRL): 
                self.ctrl_pressed = value > 0
                await self._send_modifier_keys(keycode, value)
                continue
            elif keycode in (ecodes.KEY_LEFTALT, ecodes.KEY_RIGHTALT): 
                self.alt_pressed = value > 0
                await self._send_modifier_keys(keycode, value)
                continue
            
            # Special key handling
            if keycode == ecodes.KEY_TAB and value == 1:
                await self.send_cdp(""Runtime.evaluate"", {
                    ""expression"": ""const evt = new KeyboardEvent('keydown', {key: 'Tab', code: 'Tab', keyCode: 9, which: 9, bubbles: true}); (document.activeElement || document.body).dispatchEvent(evt);""
                })
                continue
            if keycode == ecodes.KEY_ESC and value == 1:
                await self.send_cdp(""Runtime.evaluate"", {
                    ""expression"": ""document.querySelectorAll('.window-header .close, #chat-controls .close').forEach(b => b.click()); const c = document.querySelector('canvas#board'); if(c)c.focus(); document.dispatchEvent(new KeyboardEvent('keydown', {key: 'Escape', code: 'Escape', keyCode: 27, which: 27, bubbles: true}));""
                })
                continue
            
            # Regular key handling
            display_key, code, text_char = self._parse_dynamic_key(keycode)
            if not display_key: 
                continue
            
            if value in (1, 2):  # Key down or repeat
                await self.send_cdp(""Input.dispatchKeyEvent"", {
                    ""type"": ""keyDown"", 
                    ""key"": display_key, 
                    ""code"": code, 
                    ""modifiers"": await self._get_modifiers()
                })
                if value == 1 and text_char:  # Only send char on initial press
                    await self.send_cdp(""Input.dispatchKeyEvent"", {
                        ""type"": ""char"", 
                        ""text"": text_char, 
                        ""modifiers"": await self._get_modifiers()
                    })
            elif value == 0:  # Key up
                await self.send_cdp(""Input.dispatchKeyEvent"", {
                    ""type"": ""keyUp"", 
                    ""key"": display_key, 
                    ""code"": code, 
                    ""modifiers"": await self._get_modifiers()
                })

    # =========================================================================
    # MAIN
    # =========================================================================
    async def run(self):
        self.running = True
        
        if not await self.select_and_grab_devices():
            print(""No USB devices selected. Exiting."")
            return
            
        print(""\nConnecting to Chromium..."")
        await self.connect_cdp()
        await self.inject_cursor()
        
        # Create tasks for all grabbed devices
        tasks = []
        for name, device in self.devices.items():
            if 'mouse' in name or 'remote' in name:
                tasks.append(asyncio.create_task(self.route_mouse_device(device)))
            if 'keyboard' in name or 'remote' in name:
                tasks.append(asyncio.create_task(self.route_keyboard_device(device)))
        
        await asyncio.gather(*tasks)

    def cleanup(self):
        """"""Release all grabbed devices""""""
        self.running = False
        for name, device in self.devices.items():
            try: 
                device.ungrab()
                print(f""Released {name}"")
            except: 
                pass


if __name__ == ""__main__"":
    grabber = VTTGrabber()
    
    # Signal handling for clean shutdown
    def signal_handler(signum, frame):
        print(f""\nReceived signal {signum}, shutting down..."")
        grabber.cleanup()
        sys.exit(0)
    
    signal.signal(signal.SIGINT, signal_handler)
    signal.signal(signal.SIGTERM, signal_handler)
    
    try: 
        asyncio.run(grabber.run())
    except (KeyboardInterrupt, Exception) as e: 
        print(f""Error: {e}"")
        grabber.cleanup()"
DtDuHxRr?source=archive,LearnDash - Aelia Currency Switcher integration (PROOF OF CONCEPT),businessdad,PHP,Thursday 23rd of July 2026 08:36:13 AM CDT,"<?php
/*
Plugin Name: LearnDash - Integration with Aelia Currency Switcher (PROOF OF CONCEPT)
Plugin URI: https://aelia.co/
Description: This plugin tries to pass the LearnDash ""course"" product to the Aelia Currency Switcher for conversion.
Version: 1.0.0
Author: Aelia
Author URI: https://aelia.co
License: GPLv3
*/

/**
 * GPL DISCLAIMER
 * Except when otherwise stated in writing the copyright holders and/or other parties provide the program ""as is""
 * without warranty of any kind, either expressed or implied, including, but not limited to, the implied warranties of
 * merchantability and fitness for a particular purpose. The entire risk as to the quality and performance of the program
 * is with you. should the program prove defective, you assume the cost of all necessary servicing, repair or correction.
 */

/**
 * == Changelog ==
 *
 * = 1.0.0 =
 * First release, 04 April 2022.
 */

/**
 * Experimental integration with LearnDash. This plugin tries to pass the LearnDash ""course"" product to
 * the Aelia Currency Switcher for conversion.
 *
 * IMPORTANT
 * This plugin is to be intended as the proof of concept to show the LeadnDash developer how they could easily
 * implement a basic integration  with the Aelia Currency Switcher. It's not meant to be a guarnatee of compatibility,
 * and we cannot provide any support for it.
 */
class WC_LearnDash_Aelia_Currency_Switcher_Integration {
	/**
	 * The singleton instance of this class.
	 *
	 * @var WC_LearnDash_Aelia_Currency_Switcher_Integration
	 */
	protected static $_instance;

	/**
	 * The product type used by LearnDash.
	 *
	 * @var string
	 */
	const PRODUCT_TYPE = 'course';

	/**
	 * The text domain used by the plugin.
	 *
	 * @var string
	 */
	protected static $text_domain = 'wc-aelia-learndash-integration';

	/**
	 * The instance of the Pricing Manager used by the Aelia Currency Switcher.
	 *
	 * @var object
	 */
	protected $pricing_manager;

	/**
	 * Returns the singleton instance of this class.
	 *
	 * @return WC_LearnDash_Aelia_Currency_Switcher_Integration
	 */
	public static function instance(): WC_LearnDash_Aelia_Currency_Switcher_Integration {
		return static::$_instance ?? static::$_instance = new static();
	}

  /**
	 * Constructor.
	 */
	public function __construct() {
		$this->set_hooks();
	}

	/**
	 * Returns the instance of the Aelia Currency Switcher.
	 *
	 * @return object|false The plugin instance, or false if the plugin is not
	 * active.
	 */
	protected function cs() {
		if(!is_object($GLOBALS['woocommerce-aelia-currencyswitcher'])) {
			return false;
		}
		return $GLOBALS['woocommerce-aelia-currencyswitcher'];
	}


  /**
   * Sets all actions and filters used by the plugin.
   */
	protected function set_hooks() {
		add_action('init', array($this, 'init'), 10);
	}

	/**
	 * Performs actions when all plugins have been loaded.
	 */
	public function init() {
		// Load the plugin's text domain, to allow localisation
		load_plugin_textdomain(self::$text_domain, false, dirname(plugin_basename(__FILE__)) . '/languages/');

		// We can only run our custom code if the Currency Switcher is active
		if($this->cs() !== false) {
			$this->pricing_manager = $this->cs()->currencyprices_manager();

			add_filter('wc_aelia_currencyswitcher_product_convert_callback', array($this, 'wc_aelia_currencyswitcher_product_convert_callback'), 10, 2);
			add_action('woocommerce_process_product_meta_' . self::PRODUCT_TYPE, array($this, 'woocommerce_process_product_meta'));
		}
	}

	/**
	 * Event handler fired when a Product is being saved. It processes and saves
	 * the Currency Prices associated with the Product.
	 *
	 * @param int post_id The ID of the Post (product) being saved.
	 */
	public function woocommerce_process_product_meta($post_id) {
		$this->pricing_manager->process_product_meta($post_id);
	}

	/**
	 * Alter the callbacks used by the Currency Switcher, replacing the callback
	 * for a ""course"" type with a custom one.
	 *
	 * @param callable convert_callback The original callback.
	 * @param WC_Product product The callback being converted.
	 * @return callable The callback that will convert the product's prices.
	 */
	public function wc_aelia_currencyswitcher_product_convert_callback($convert_callback, $product) {
		if($product->is_type(self::PRODUCT_TYPE)) {
			$convert_callback = array($this, 'convert_product_prices');
		}

		return $convert_callback;
	}

	/**
	 * Converts the prices of a ""course"" product.
	 *
	 * IMPORTANT
	 * This method assumes that a ""course"" is just another simple product. If that's not the case, the
	 * conversion may not work as expected. In that case, the best course of action would be for the
	 * authors of LearnDash to add native multi-currency support to their plugin.
	 *
	 * @param WC_Product product The product whose prices will be converted.
	 * @param string currency The target currency.
	 * @return WC_Product The product, with the prices converted to the target
	 * currency.
	 */
	public function convert_product_prices(WC_Product $product, $currency) {
		$product = $this->pricing_manager->convert_simple_product_prices($product, $currency);

		return $product;
	}
}

WC_LearnDash_Aelia_Currency_Switcher_Integration::instance();"
yZQ76LJ5?source=archive,bcachefs read error,s1ckn3s5,text,Thursday 23rd of July 2026 06:19:19 AM CDT,"[1184387.052203] bcachefs (691f1fb1-1958-4ad4-8ca7-f359ea8a9cda): data read error at /giochi/mame0236/mamecopy.sh offset 0: key_type_error
[1184387.052469] bcachefs (691f1fb1-1958-4ad4-8ca7-f359ea8a9cda): data read error at /giochi/mame0236/mamecopy.sh offset 0: key_type_error
[1184387.068075] bcachefs (691f1fb1-1958-4ad4-8ca7-f359ea8a9cda): data read error at /giochi/mame0236/mamecopy.sh offset 0: key_type_error
[1184391.642979] bcachefs (691f1fb1-1958-4ad4-8ca7-f359ea8a9cda): data read error at /giochi/mame0236/mamecopybuone.sh offset 0: key_type_error
[1184391.643018] bcachefs (691f1fb1-1958-4ad4-8ca7-f359ea8a9cda): data read error at /giochi/mame0236/mamecopybuone.sh offset 0: key_type_error
[1184391.654787] bcachefs (691f1fb1-1958-4ad4-8ca7-f359ea8a9cda): data read error at /giochi/mame0236/mamecopybuone.sh offset 0: key_type_error
[1184595.491163] bcachefs (691f1fb1-1958-4ad4-8ca7-f359ea8a9cda): data read error at /giochi/mame0287/chdbuoni.txt offset 0: key_type_error
[1184595.491226] bcachefs (691f1fb1-1958-4ad4-8ca7-f359ea8a9cda): data read error at /giochi/mame0287/chdbuoni.txt offset 0: key_type_error
"
32HDpaET?source=archive,Man's Library,pdffreedownload,text,Thursday 23rd of July 2026 06:09:29 AM CDT,"GSA URL REDIRECT PRO v2.70 CHECK (1,500+ Man Guides - Massive Survival Library Inside):


http://freeurlredirect.com/manslibrary209158
https://1borsa.com/manslibrary225165
http://saleoffer.co/manslibrary-157357
http://owy.pl/manslibrary-378277
https://come.ac/manslibrary-998447
https://da.gd/manslibrar
https://beta.thryt.com/manslibrary118336
https://gowedia.link/manslibrary639958
https://alstr.in/manslibrary-85644
https://jbiv.com/manslibrary764340
https://gnosis.link/manslibrary-135532
https://kisalt.co/manslibrary849924
https://link.1hut.ru/manslibrary371154
https://lnkbits.com/manslibrary286766
https://makeachang-e.com/manslibrary-442764
https://linkulb.com/manslibrary-494671
https://m.clickto.cc/manslibrary-75085
https://avyc.io/manslibrary546846
https://plu.sh/manslibrary585781
https://pdfja.com/manslibrary-704351
https://s.bea.sh/manslibrary365443
https://piti.nc/manslibrary-190223
https://shorto.link/manslibrary992278
https://supershort.to/manslibrary572717
https://pedalhub.store/manslibrary-749720
https://trbs.link/manslibrary381068
https://short.vird.co/manslibrary-397454
https://urlnub.com/manslibrary328588
https://qrlinkgenerator.com/manslibrary211984

Submission finished with 29 links..."
hQKJmtfw?source=archive,Repost bot advanced,ferdj40,text,Wednesday 22nd of July 2026 06:53:06 PM CDT,"from telethon import TelegramClient, events
import asyncio
import logging
import os
from pathlib import Path

# Intentar cargar variables de entorno desde .env
try:
    from dotenv import load_dotenv
    load_dotenv()
    logger_init = logging.getLogger(__name__)
    logger_init.info(""✅ Variables de entorno cargadas desde .env"")
except ImportError:
    pass  # python-dotenv no está instalado, usar valores directos

# Configuración de logging
logging.basicConfig(
    format='%(asctime)s - %(name)s - %(levelname)s - %(message)s',
    level=logging.INFO
)
logger = logging.getLogger(__name__)

# ===================== CONFIGURACIÓN =====================
# Opción 1: Usar variables de entorno (recomendado para seguridad)
API_ID = os.getenv('API_ID') or 'TU_API_ID'
API_HASH = os.getenv('API_HASH') or 'TU_API_HASH'
BOT_TOKEN = os.getenv('BOT_TOKEN') or 'TU_BOT_TOKEN'

SOURCE_CHANNEL = os.getenv('SOURCE_CHANNEL') or '@canal_origen'
TARGET_CHANNEL = os.getenv('TARGET_CHANNEL') or '@canal_destino'

# Extensiones de archivo a repostear (puedes agregar más)
ALLOWED_EXTENSIONS = ('.zip', '.rar', '.7z', '.tar', '.gz', '.3mf', '.stl', '.gcode')

# Opciones adicionales
FORWARD_AS_COPY = False  # Si True, copia el mensaje sin mostrar ""Forwarded from""
ADD_WATERMARK = False    # Si True, agrega un texto al repostear
WATERMARK_TEXT = ""\n\n📦 Reposteado automáticamente""
# =========================================================


# Crear el cliente del bot
bot = TelegramClient('bot_session', API_ID, API_HASH)


def is_allowed_file(file_name):
    """"""
    Verifica si el archivo tiene una extensión permitida
    """"""
    if not file_name:
        return False
    return any(file_name.lower().endswith(ext) for ext in ALLOWED_EXTENSIONS)


async def get_file_info(message):
    """"""
    Extrae información del archivo del mensaje
    """"""
    if not message.document:
        return None
    
    file_name = None
    file_size = message.document.size
    mime_type = message.document.mime_type
    
    for attribute in message.document.attributes:
        if hasattr(attribute, 'file_name'):
            file_name = attribute.file_name
            break
    
    return {
        'name': file_name,
        'size': file_size,
        'mime_type': mime_type
    }


def format_file_size(size_bytes):
    """"""
    Convierte bytes a formato legible (KB, MB, GB)
    """"""
    for unit in ['B', 'KB', 'MB', 'GB']:
        if size_bytes < 1024.0:
            return f""{size_bytes:.2f} {unit}""
        size_bytes /= 1024.0
    return f""{size_bytes:.2f} TB""


@bot.on(events.NewMessage(chats=SOURCE_CHANNEL))
async def repost_handler(event):
    """"""
    Maneja los nuevos mensajes del canal origen y los repostea al destino
    """"""
    try:
        message = event.message
        
        # Verificar si el mensaje tiene un archivo
        if message.media and message.document:
            file_info = await get_file_info(message)
            
            if not file_info or not file_info['name']:
                logger.debug(""⏭️ Mensaje sin nombre de archivo, ignorado"")
                return
            
            file_name = file_info['name']
            
            # Verificar si es una extensión permitida
            if is_allowed_file(file_name):
                file_size = format_file_size(file_info['size'])
                logger.info(f""📥 Reposteando archivo: {file_name} ({file_size})"")
                
                if FORWARD_AS_COPY:
                    # Opción: Enviar como copia (sin ""Forwarded from"")
                    caption = message.message or """"
                    if ADD_WATERMARK:
                        caption += WATERMARK_TEXT
                    
                    await bot.send_file(
                        TARGET_CHANNEL,
                        file=message.media,
                        caption=caption
                    )
                else:
                    # Opción: Forward directo (muestra ""Forwarded from"")
                    await bot.forward_messages(
                        entity=TARGET_CHANNEL,
                        messages=message.id,
                        from_peer=SOURCE_CHANNEL
                    )
                
                logger.info(f""✅ Archivo reposteado exitosamente: {file_name}"")
            else:
                logger.debug(f""⏭️ Archivo ignorado (extensión no permitida): {file_name}"")
        else:
            logger.debug(""⏭️ Mensaje sin archivo, ignorado"")
            
    except Exception as e:
        logger.error(f""❌ Error al repostear mensaje: {e}"", exc_info=True)


@bot.on(events.NewMessage(pattern='/start'))
async def start_handler(event):
    """"""
    Comando /start para verificar que el bot funciona
    """"""
    await event.respond(
        ""🤖 **Bot de Reposteo Activo**\n\n""
        f""📡 Canal origen: `{SOURCE_CHANNEL}`\n""
        f""📤 Canal destino: `{TARGET_CHANNEL}`\n""
        f""📁 Extensiones: {', '.join(ALLOWED_EXTENSIONS)}\n\n""
        ""✅ El bot está funcionando correctamente.""
    )


@bot.on(events.NewMessage(pattern='/status'))
async def status_handler(event):
    """"""
    Comando /status para verificar el estado del bot
    """"""
    try:
        # Verificar acceso a los canales
        source_entity = await bot.get_entity(SOURCE_CHANNEL)
        target_entity = await bot.get_entity(TARGET_CHANNEL)
        
        await event.respond(
            ""📊 **Estado del Bot**\n\n""
            f""✅ Canal origen: {source_entity.title}\n""
            f""✅ Canal destino: {target_entity.title}\n""
            f""✅ Extensiones activas: {len(ALLOWED_EXTENSIONS)}\n""
            f""✅ Bot funcionando correctamente""
        )
    except Exception as e:
        await event.respond(f""❌ Error: {e}"")


async def main():
    """"""
    Función principal para iniciar el bot
    """"""
    logger.info(""🤖 Iniciando bot..."")
    
    # Validar configuración
    if API_ID == 'TU_API_ID' or API_HASH == 'TU_API_HASH':
        logger.error(""❌ ERROR: Debes configurar API_ID y API_HASH"")
        return
    
    if BOT_TOKEN == 'TU_BOT_TOKEN':
        logger.error(""❌ ERROR: Debes configurar BOT_TOKEN"")
        return
    
    # Conectar con el token del bot
    await bot.start(bot_token=BOT_TOKEN)
    
    # Obtener información del bot
    me = await bot.get_me()
    logger.info(f""✅ Bot conectado: @{me.username}"")
    logger.info(f""📡 Escuchando mensajes en: {SOURCE_CHANNEL}"")
    logger.info(f""📤 Reposteando a: {TARGET_CHANNEL}"")
    logger.info(f""📁 Extensiones permitidas: {', '.join(ALLOWED_EXTENSIONS)}"")
    logger.info(f""🔄 Modo: {'Copia' if FORWARD_AS_COPY else 'Forward'}"")
    logger.info(""🟢 Bot funcionando. Presiona Ctrl+C para detener."")
    logger.info(""💡 Tip: Envía /start o /status al bot para verificar su estado"")
    
    # Mantener el bot corriendo
    await bot.run_until_disconnected()


if __name__ == '__main__':
    try:
        asyncio.run(main())
    except KeyboardInterrupt:
        logger.info(""\n🛑 Bot detenido por el usuario"")
    except Exception as e:
        logger.error(f""❌ Error fatal: {e}"", exc_info=True)"
V4rxsw7q?source=archive,Repost bot,ferdj40,text,Wednesday 22nd of July 2026 06:51:47 PM CDT,"from telethon import TelegramClient, events
import asyncio
import logging

# Configuración de logging
logging.basicConfig(
    format='%(asctime)s - %(name)s - %(levelname)s - %(message)s',
    level=logging.INFO
)
logger = logging.getLogger(__name__)

# ===================== CONFIGURACIÓN =====================
# Obtén estos valores de https://my.telegram.org
API_ID = 'TU_API_ID'
API_HASH = 'TU_API_HASH'
BOT_TOKEN = 'TU_BOT_TOKEN'  # Obtén esto de @BotFather

# IDs de los canales (pueden ser username o ID numérico)
SOURCE_CHANNEL = '@canal_origen'  # O -1001234567890
TARGET_CHANNEL = '@canal_destino'  # O -1001234567890

# Extensiones de archivo a repostear
ALLOWED_EXTENSIONS = ('.zip', '.rar', '.7z', '.tar', '.gz', '.3mf', '.stl')
# =========================================================


# Crear el cliente del bot
bot = TelegramClient('bot_session', API_ID, API_HASH)


@bot.on(events.NewMessage(chats=SOURCE_CHANNEL))
async def repost_handler(event):
    """"""
    Maneja los nuevos mensajes del canal origen y los repostea al destino
    """"""
    try:
        message = event.message
        
        # Verificar si el mensaje tiene un archivo
        if message.media and message.document:
            # Obtener el nombre del archivo
            file_name = None
            for attribute in message.document.attributes:
                if hasattr(attribute, 'file_name'):
                    file_name = attribute.file_name
                    break
            
            # Verificar si es una extensión permitida
            if file_name and any(file_name.lower().endswith(ext) for ext in ALLOWED_EXTENSIONS):
                logger.info(f""📥 Reposteando archivo: {file_name}"")
                
                # Repostear el mensaje completo (archivo + caption si existe)
                await bot.forward_messages(
                    entity=TARGET_CHANNEL,
                    messages=message.id,
                    from_peer=SOURCE_CHANNEL
                )
                
                logger.info(f""✅ Archivo reposteado exitosamente: {file_name}"")
            else:
                logger.debug(f""⏭️ Archivo ignorado (extensión no permitida): {file_name}"")
        else:
            logger.debug(""⏭️ Mensaje sin archivo, ignorado"")
            
    except Exception as e:
        logger.error(f""❌ Error al repostear mensaje: {e}"")


async def main():
    """"""
    Función principal para iniciar el bot
    """"""
    logger.info(""🤖 Iniciando bot..."")
    
    # Conectar con el token del bot
    await bot.start(bot_token=BOT_TOKEN)
    
    # Obtener información del bot
    me = await bot.get_me()
    logger.info(f""✅ Bot conectado: @{me.username}"")
    logger.info(f""📡 Escuchando mensajes en: {SOURCE_CHANNEL}"")
    logger.info(f""📤 Reposteando a: {TARGET_CHANNEL}"")
    logger.info(f""📁 Extensiones permitidas: {', '.join(ALLOWED_EXTENSIONS)}"")
    logger.info(""🟢 Bot funcionando. Presiona Ctrl+C para detener."")
    
    # Mantener el bot corriendo
    await bot.run_until_disconnected()


if __name__ == '__main__':
    try:
        asyncio.run(main())
    except KeyboardInterrupt:
        logger.info(""🛑 Bot detenido por el usuario"")"
eY7R7U8F?source=archive,Bot de Reposteo,ferdj40,text,Wednesday 22nd of July 2026 06:42:43 PM CDT,"# Bot de Reposteo de Archivos para Telegram

Bot que repostea automáticamente archivos (ZIP, RAR, 7Z, 3MF, STL, etc.) de un canal a otro usando Telethon.

## 🚀 Características

- ✅ Reposteo automático de archivos
- ✅ Soporta múltiples formatos: `.zip`, `.rar`, `.7z`, `.tar`, `.gz`, `.3mf`, `.stl`
- ✅ Preserva los captions originales
- ✅ Sistema de logging detallado
- ✅ Fácil de configurar

## 📋 Requisitos Previos

1. **Python 3.8 o superior**
2. **Cuenta de Telegram**
3. **API ID y API Hash** (de https://my.telegram.org)
4. **Bot Token** (de @BotFather)

## 🔧 Instalación

### Paso 1: Clonar o descargar el proyecto

```bash
# Si usas git
git clone <tu-repositorio>
cd repost-bot

# O simplemente descarga los archivos
```

### Paso 2: Instalar dependencias

```bash
pip install -r requirements.txt
```

### Paso 3: Obtener credenciales

#### A) Obtener API_ID y API_HASH

1. Ve a https://my.telegram.org
2. Inicia sesión con tu número de teléfono
3. Ve a ""API Development Tools""
4. Crea una nueva aplicación si no tienes una
5. Copia el `api_id` y `api_hash`

#### B) Crear el bot y obtener BOT_TOKEN

1. Abre Telegram y busca **@BotFather**
2. Envía `/newbot`
3. Sigue las instrucciones:
   - Elige un nombre para tu bot (ej: ""Mi Repost Bot"")
   - Elige un username (debe terminar en 'bot', ej: ""mi_repost_bot"")
4. Copia el **token** que te da BotFather (algo como `1234567890:ABCdefGHIjklMNOpqrsTUVwxyz`)

#### C) Agregar el bot a tus canales

1. Ve al **canal origen** (donde se publican los archivos)
   - Haz clic en el nombre del canal → Administradores → Agregar administrador
   - Busca tu bot y agrégalo
   - **Permisos necesarios**: ""Publicar mensajes"" (opcional pero recomendado)

2. Ve al **canal destino** (donde se repostearán los archivos)
   - Haz clic en el nombre del canal → Administradores → Agregar administrador
   - Busca tu bot y agrégalo
   - **Permisos necesarios**: ""Publicar mensajes"" ✅

#### D) Obtener los IDs de los canales

**Opción 1: Usar el username del canal**
```python
SOURCE_CHANNEL = '@mi_canal_origen'
TARGET_CHANNEL = '@mi_canal_destino'
```

**Opción 2: Usar el ID numérico**
- Puedes usar bots como @userinfobot para obtener el ID
- O reenviar un mensaje del canal a @userinfobot
- El ID será algo como `-1001234567890`

```python
SOURCE_CHANNEL = -1001234567890
TARGET_CHANNEL = -1009876543210
```

### Paso 4: Configurar el bot

Edita el archivo `repost_bot.py` y completa:

```python
API_ID = 12345678  # Tu API ID (número)
API_HASH = 'tu_api_hash_aqui'  # Tu API Hash
BOT_TOKEN = '1234567890:ABCdefGHIjklMNOpqrsTUVwxyz'  # Token del bot

SOURCE_CHANNEL = '@canal_origen'  # Canal de donde se toman los archivos
TARGET_CHANNEL = '@canal_destino'  # Canal donde se repostean
```

### Paso 5: Ejecutar el bot

```bash
python repost_bot.py
```

Deberías ver algo como:
```
2024-02-09 10:30:00 - __main__ - INFO - 🤖 Iniciando bot...
2024-02-09 10:30:01 - __main__ - INFO - ✅ Bot conectado: @mi_repost_bot
2024-02-09 10:30:01 - __main__ - INFO - 📡 Escuchando mensajes en: @canal_origen
2024-02-09 10:30:01 - __main__ - INFO - 📤 Reposteando a: @canal_destino
2024-02-09 10:30:01 - __main__ - INFO - 📁 Extensiones permitidas: .zip, .rar, .7z, .tar, .gz, .3mf, .stl
2024-02-09 10:30:01 - __main__ - INFO - 🟢 Bot funcionando. Presiona Ctrl+C para detener.
```

## 🎯 Uso

El bot funciona automáticamente. Cuando se publique un archivo con extensión permitida en el canal origen, será reposteado automáticamente al canal destino.

### Extensiones soportadas por defecto:
- Archivos comprimidos: `.zip`, `.rar`, `.7z`, `.tar`, `.gz`
- Archivos 3D: `.3mf`, `.stl`

### Agregar más extensiones

Edita la variable `ALLOWED_EXTENSIONS` en el código:

```python
ALLOWED_EXTENSIONS = ('.zip', '.rar', '.7z', '.tar', '.gz', '.3mf', '.stl', '.pdf', '.dwg')
```

## 🐛 Solución de Problemas

### Error: ""Cannot find any entity corresponding to...""
- Verifica que los IDs de los canales sean correctos
- Asegúrate de que el bot sea administrador en ambos canales

### Error: ""The bot doesn't have enough rights...""
- El bot necesita permisos de administrador con ""Publicar mensajes"" activado

### El bot no repostea nada
- Verifica que los archivos tengan la extensión correcta
- Revisa los logs para ver si hay errores
- Asegúrate de que el bot esté corriendo

### Error de autenticación
- Verifica que API_ID, API_HASH y BOT_TOKEN sean correctos
- Elimina el archivo `bot_session.session` y vuelve a intentar

## 📝 Notas

- El bot usa `forward_messages` para preservar el mensaje original
- Los captions se mantienen intactos
- El bot solo procesa archivos nuevos (después de iniciarse)
- Para detener el bot, presiona `Ctrl+C`

## 🔒 Seguridad

- **NO compartas** tu `API_HASH` ni `BOT_TOKEN`
- Considera usar variables de entorno para datos sensibles:

```python
import os
API_ID = os.getenv('API_ID')
API_HASH = os.getenv('API_HASH')
BOT_TOKEN = os.getenv('BOT_TOKEN')
```

## 📄 Licencia

Este proyecto es de código abierto y está disponible bajo tu licencia preferida.

## 🤝 Contribuciones

Las contribuciones son bienvenidas. Si encuentras un bug o tienes una sugerencia, abre un issue."
WTdT0MQa?source=archive,xbld void restricted package builder,bvdeenen,Bash,Tuesday 21st of July 2026 07:11:52 AM CDT,"function xbld() {
    local dir=""${1:-$HOME/void-packages}""

    if [[ ! -d ""$dir/srcpkgs"" ]]; then
        echo ""Error: $dir does not look like a void-packages tree"" >&2
        return 1
    fi
    (
        set -e
        cd ""$dir"" || exit 1
        git pull --rebase

        # Collect restricted package names cleanly
        local pkgs
        pkgs=$(
            shopt -s extglob nullglob
            cd srcpkgs 2>/dev/null || exit 1
            grep -l '^restricted=yes' **/template 2>/dev/null |
                awk -F/ '{print $1}' |
                sort -u
        )

        if [[ -z ""$pkgs"" ]]; then
            echo ""No restricted packages found."" >&2
            exit 0
        fi

        # fzf single select with bat preview
        local selection
        selection=$(
            echo ""$pkgs"" | fzf \
                --height 60% \
                --layout=reverse \
                --border \
                --prompt=""Select restricted package to build+install → "" \
                --header=""Restricted packages in $(basename ""$dir"")"" \
                --preview 'p={}; bat --color=always --style=numbers --line-range :500 ""$PWD/srcpkgs/$p/template"" ' \
                --preview-window=right:50%:wrap \
                --header='ctrl-u=check for updates' \
                --bind ""ctrl-u:preview( ./xbps-src update-check {} )""
        )

        if [[ -z ""$selection"" ]]; then
            echo ""Nothing selected.""
            exit 0
        fi

        echo
        echo ""→ Selected: $selection""
        echo ""  Building and installing...""

        # Optional: clean first if you often want fresh builds
        # ./xbps-src clean-restricted ""$selection""  # uncomment if desired

        if ./xbps-src pkg ""$selection"" && command -v xi >/dev/null 2>&1; then
            yes | xi ""$selection""
        else
            echo ""Build failed or 'xi' command not found."" >&2
            return 1
        fi
    )
    return $?
}
"
8G88aXTR?source=archive,standard UNIX sed ported to C#,uniblab,C#,Monday 20th of July 2026 07:11:40 PM CDT,"// Original behavior/reference: sed (Lee E. McMahon)
// Ported to .NET by Timothy J. Bruce <uniblab@hotmail.com>

namespace Icod.CoreUtils.Sed;

using System;
using System.Collections.Generic;
using System.IO;
using System.Text.RegularExpressions;
using System.Text;

/// <summary>
/// sed: stream editor (simplified).
/// Supported features:
///   -n        suppress automatic printing
///   -e script add script to the commands to run
/// Script forms supported (simple subset):
///   s/old/new/g   substitute (supports regex) with optional g flag
/// Multiple -e accepted; first script applied if none specified.
/// This is a small, portable subset for common use cases.
/// </summary>
public static class Command
{
    public static int Run(string[] args, TextReader? stdin = null, TextWriter? stdout = null, TextWriter? stderr = null)
    {
        stdin ??= Console.In;
        stdout ??= Console.Out;
        stderr ??= Console.Error;

        var scripts = new List<string>();
        var suppress = false;
        var files = new List<string>();

        var i = 0;
        for (; i < args.Length; i++)
        {
            var a = args[i];
            if (!a.StartsWith(""-""))
            {
                break;
            }

            if (a == ""-n"")
            {
                suppress = true;
            }
            else if (a == ""-e"")
            {
                if (i + 1 < args.Length)
                {
                    i++;
                    scripts.Add(args[i]);
                }
            }
            else
            {
                // ignore other options
            }
        }

        for (; i < args.Length; i++)
        {
            files.Add(args[i]);
        }

        if (scripts.Count == 0)
        {
            stderr.WriteLine(""sed: no scripts provided"");
            return 2;
        }

        if (files.Count == 0)
        {
            files.Add(""-"");
        }

        try
        {
            foreach (var path in files)
            {
                TextReader reader;
                if (path == ""-"")
                {
                    reader = stdin;
                }
                else
                {
                    reader = new StreamReader(path, Encoding.UTF8, detectEncodingFromByteOrderMarks: true);
                }

                using (reader)
                {
                    string? line;
                    while ((line = reader.ReadLine()) is not null)
                    {
                        var outLine = line;
                        foreach (var script in scripts)
                        {
                            if (script.StartsWith(""s/""))
                            {
                                // parse s/old/new/flags
                                var m = Regex.Match(script, @""^s/(?<old>.*?)/(?<new>.*?)/(?<flags>.*)$"");
                                if (!m.Success)
                                {
                                    m = Regex.Match(script, @""^s/(?<old>.*?)/(?<new>.*)$"");
                                }

                                if (m.Success)
                                {
                                    var oldPat = m.Groups[""old""].Value;
                                    var newText = m.Groups[""new""].Value;
                                    var flags = m.Groups[""flags""].Success ? m.Groups[""flags""].Value : string.Empty;
                                    var regexOptions = RegexOptions.None;
                                    var replaceCount = flags.Contains(""g"") ? -1 : 1;
                                    outLine = RegexReplace(outLine, oldPat, newText, regexOptions, replaceCount);
                                }
                            }
                            else
                            {
                                // unsupported script: ignore
                            }
                        }

                        if (!suppress)
                        {
                            stdout.WriteLine(outLine);
                        }
                    }
                }
            }

            return 0;
        }
        catch (Exception ex)
        {
            stderr.WriteLine($""sed: {ex.Message}"");
            return 1;
        }
    }

    private static string RegexReplace(string input, string pattern, string replacement, RegexOptions options, int maxReplacements)
    {
        try
        {
            if (maxReplacements == -1)
            {
                return Regex.Replace(input, pattern, replacement, options);
            }

            var regex = new Regex(pattern, options);
            var count = 0;
            return regex.Replace(input, m =>
            {
                count++;
                if (count <= maxReplacements)
                {
                    return replacement;
                }

                return m.Value;
            });
        }
        catch
        {
            return input;
        }
    }
}
"
XrUaNSiS?source=archive,PSY Chat,pdffreedownload,text,Saturday 18th of July 2026 06:45:15 AM CDT,"GSA URL REDIRECT PRO v2.70 CHECK (Ultra-personalized chat with master psychic Julian Sinclair):

http://freeurlredirect.com/livepsychicchat881305
https://1borsa.com/livepsychicchat376079
http://saleoffer.co/livepsychicchat-559787
https://beta.thryt.com/livepsychicchat891990
https://come.ac/livepsychicchat-539768
https://da.gd/livepsychi
http://owy.pl/livepsychicchat-344347
https://alstr.in/livepsychicchat-266703
https://gowedia.link/livepsychicchat110501
https://hiurls.com/livepsychicchat-662754
https://jbiv.com/livepsychicchat695449
https://gnosis.link/livepsychicchat-36947
https://lnkbits.com/livepsychicchat104502
https://link.1hut.ru/livepsychicchat586211
https://kisalt.co/livepsychicchat459217
https://makeachang-e.com/livepsychicchat-819324
https://avyc.io/livepsychicchat315470
https://m.clickto.cc/livepsychicchat-370736
https://pdfja.com/livepsychicchat-677731
https://plu.sh/livepsychicchat838761
https://s.bea.sh/livepsychicchat38271
https://piti.nc/livepsychicchat-852694
https://pedalhub.store/livepsychicchat-998212
https://shorto.link/livepsychicchat927055
https://qrlinkgenerator.com/livepsychicchat503386
https://short.vird.co/livepsychicchat-830286
https://trbs.link/livepsychicchat770496
https://supershort.to/livepsychicchat747635
https://urlnub.com/livepsychicchat859058

Submission finished with 29 short links... LpM 19"
U1jkPH1j?source=archive,bs.to css 2.0,GoodSoul,text,Friday 17th of July 2026 06:30:52 AM CDT,"/* 
   Modernized Theme for bs.to / cine.to 
   Clean, Dark, Streaming-Platform Aesthetic
*/

:root {
    --bg-main: #0d0e12;
    --bg-darker: #07080a;
    --bg-card: #161820;
    --bg-card-hover: #1e2230;
    --accent-primary: #4facfe;
    --accent-secondary: #00f2fe;
    --text-main: #f1f3f5;
    --text-muted: #9aa0a6;
    --text-dark: #12131a;
    --border-color: rgba(255, 255, 255, 0.06);
    --radius-sm: 6px;
    --radius-md: 10px;
    --radius-lg: 16px;
    --glow-effect: x0 4px 20px rgba(0, 242, 254, 0.15);
}

/* Global Reset & Body Background */
body {
    background-color: var(--bg-main) !important;
    color: var(--text-main) !important;
    font-family: 'Inter', -apple-system, BlinkMacSystemFont, ""Segoe UI"", Roboto, sans-serif !important;
    letter-spacing: -0.01em;
}

/* Wrapper / Container */
#root, #wrapper, .container, #main {
    background: transparent !important;
    border: none !important;
    box-shadow: none !important;
}

/* Header & Navigation Modernization */
header, #nav, .navigation, nav {
    background-color: var(--bg-darker) !important;
    border-bottom: 1px solid var(--border-color) !important;
    padding: 15px 0 !important;
}

nav a, .nav-link {
    color: var(--text-muted) !important;
    font-weight: 500 !important;
    transition: color 0.2s ease, text-shadow 0.2s ease;
}

nav a:hover, .nav-link:hover, nav a.active {
    color: var(--accent-secondary) !important;
    text-shadow: 0 0 10px rgba(0, 242, 254, 0.4);
}

/* Content Boxes & Cards (Zusammenfassungen, Serienbeschreibungen) */
.box, .card, .content-box, #content {
    background-color: var(--bg-card) !important;
    border: 1px solid var(--border-color) !important;
    border-radius: var(--radius-md) !important;
    padding: 20px !important;
    box-shadow: 0 8px 24px rgba(0,0,0,0.2) !important;
}

/* Tables / Episode Lists (Schnittstelle zu den Streams) */
table, .table, .episodes, .series-list {
    border-collapse: separate !important;
    border-spacing: 0 6px !important;
    width: 100% !important;
    background: transparent !important;
}

th {
    background: transparent !important;
    color: var(--text-muted) !important;
    text-transform: uppercase !important;
    font-size: 0.75rem !important;
    font-weight: 700 !important;
    letter-spacing: 0.05em;
    padding: 10px 15px !important;
    border: none !important;
}

td {
    background-color: var(--bg-card) !important;
    padding: 12px 15px !important;
    border-top: 1px solid var(--border-color) !important;
    border-bottom: 1px solid var(--border-color) !important;
    transition: background-color 0.2s ease;
}

td:first-child {
    border-left: 1px solid var(--border-color) !important;
    border-top-left-radius: var(--radius-sm) !important;
    border-bottom-left-radius: var(--radius-sm) !important;
}

td:last-child {
    border-right: 1px solid var(--border-color) !important;
    border-top-right-radius: var(--radius-sm) !important;
    border-bottom-right-radius: var(--radius-sm) !important;
}

tr:hover td {
    background-color: var(--bg-card-hover) !important;
}

/* Links & Text Utilities */
a {
    color: var(--accent-primary);
    text-decoration: none !important;
    transition: color 0.15s ease;
}

a:hover {
    color: var(--accent-secondary);
}

/* Hoster Buttons / Stream Links */
.hoster-button, .stream-link, .btn, input[type=""submit""], button {
    background: linear-gradient(135deg, var(--accent-primary), var(--accent-secondary)) !important;
    color: var(--text-dark) !important;
    font-weight: 600 !important;
    border: none !important;
    border-radius: var(--radius-sm) !important;
    padding: 10px 20px !important;
    cursor: pointer !important;
    transition: transform 0.2s ease, box-shadow 0.2s ease !important;
    display: inline-flex !important;
    align-items: center !important;
    justify-content: center !important;
    box-shadow: 0 4px 12px rgba(79, 172, 254, 0.2) !important;
}

.hoster-button:hover, .stream-link:hover, .btn:hover, button:hover {
    transform: translateY(-1px) !important;
    box-shadow: 0 6px 20px rgba(0, 242, 254, 0.4) !important;
}

/* Inputs & Search Bar */
input[type=""text""], input[type=""search""], select, textarea {
    background-color: var(--bg-darker) !important;
    border: 1px solid var(--border-color) !important;
    color: var(--text-main) !important;
    border-radius: var(--radius-sm) !important;
    padding: 10px 14px !important;
    outline: none !important;
    transition: border-color 0.2s ease, box-shadow 0.2s ease !important;
}

input[type=""text""]:focus, input[type=""search""]:focus, select:focus {
    border-color: var(--accent-secondary) !important;
    box-shadow: 0 0 0 3px rgba(0, 242, 254, 0.15) !important;
}

/* Genre / Badges Tag Styles */
.badge, .genre, .tag {
    background-color: rgba(255, 255, 255, 0.05) !important;
    color: var(--text-muted) !important;
    border: 1px solid var(--border-color) !important;
    border-radius: 20px !important;
    padding: 4px 12px !important;
    font-size: 0.8rem !important;
    font-weight: 500 !important;
}

/* Scrollbar Overrides */
::-webkit-scrollbar {
    width: 10px;
    height: 10px;
}
::-webkit-scrollbar-track {
    background: var(--bg-main);
}
::-webkit-scrollbar-thumb {
    background: var(--bg-card);
    border-radius: var(--radius-sm);
    border: 2px solid var(--bg-main);
}
::-webkit-scrollbar-thumb:hover {
    background: var(--border-color);
}"
TMsKsg2j?source=archive,simple mineing,heresjohnny32,Lua,Thursday 16th of July 2026 08:32:05 PM CDT,"-- Permanent Home Quarry Script

-- Track coordinates relative to start (0,0,0 is the starting point before the 4-block offset)
local x, y, z = 0, 0, 0
local dir = 0 -- 0=forward (+Z), 1=right (+X), 2=back (-Z), 3=left (-X)
local targetX, targetY, targetZ = 0, 0, 0

-- Prompt for dimensions
print(""Enter Width (X - Right):"")
targetX = tonumber(read()) or 32
print(""Enter Length (Z - Forward):"")
targetZ = tonumber(read()) or 32
print(""Enter Height (Y - Down):"")
targetY = tonumber(read()) or 32

-- Fuel and inventory config
local FUEL_SLOT = 1
local MIN_FUEL = 200

-- Navigation helpers
local function turnRight()
    turtle.turnRight()
    dir = (dir + 1) % 4
end

local function turnLeft()
    turtle.turnLeft()
    dir = (dir - 1) % 4
end

local function face(targetDir)
    while dir ~= targetDir do
        turnRight()
    end
end

local function checkFuel()
    if turtle.getFuelLevel() == ""unlimited"" then return true end
    
    -- Try auto-refueling from inventory slot 1
    if turtle.getFuelLevel() < MIN_FUEL then
        local currentSlot = turtle.getSelectedSlot()
        turtle.select(FUEL_SLOT)
        turtle.refuel(16)
        turtle.select(currentSlot)
    end
    
    -- Return total distance back to absolute (0,0,0) home estimate
    local distHome = math.abs(x) + math.abs(y) + math.abs(z)
    return turtle.getFuelLevel() > (distHome + 50)
end

local function isInventoryFull()
    for i = 1, 16 do
        if turtle.getItemCount(i) == 0 then return false end
    end
    return true
end

-- Clear block ahead to prevent getting stuck
local function digForward()
    while turtle.detect() do
        turtle.dig()
        os.sleep(0.5)
    end
end

-- Move to absolute coordinate system safely
local function goTo(targetX, targetY, targetZ, targetDir)
    -- 1. Always clear height (Y) first to avoid obstacles
    while y < targetY do
        while turtle.detectUp() do turtle.digUp() end
        if turtle.up() then y = y + 1 end
    end
    while y > targetY do
        while turtle.detectDown() do turtle.digDown() end
        if turtle.down() then y = y - 1 end
    end

    -- 2. Move along X axis
    if x < targetX then
        face(1)
        while x < targetX do digForward() if turtle.forward() then x = x + 1 end end
    elseif x > targetX then
        face(3)
        while x > targetX do digForward() if turtle.forward() then x = x - 1 end end
    end

    -- 3. Move along Z axis
    if z < targetZ then
        face(0)
        while z < targetZ do digForward() if turtle.forward() then z = z + 1 end end
    elseif z > targetZ then
        face(2)
        while z > targetZ do digForward() if turtle.forward() then z = z - 1 end end
    end

    -- 4. Set final direction
    face(targetDir)
end

-- Return to absolute (0,0,0), dump, and return to exact coordinate
local function returnHomeAndResume()
    print(""Returning home..."")
    -- Remember current mining state
    local savedX, savedY, savedZ, savedDir = x, y, z, dir
    
    -- Go to absolute 0,0,0 (Home) and face original forward (0)
    -- This lands right back in front of your chests
    goTo(0, 0, 0, 0)
    
    -- Empty inventory into rear chest (turtle faces 0, chest is behind at 2)
    face(2)
    for i = 2, 16 do
        turtle.select(i)
        turtle.drop()
    end
    turtle.select(1)
    
    -- Pull fuel from bottom chest if needed
    if turtle.getFuelLevel() < MIN_FUEL then
        turtle.suckDown()
        turtle.refuel()
    end
    
    print(""Resuming mining..."")
    -- Fly directly back to the exact saved mining coordinates
    goTo(savedX, savedY, savedZ, savedDir)
end

local function moveForward()
    if not checkFuel() or isInventoryFull() then
        returnHomeAndResume()
    end
    
    digForward()
    
    if turtle.forward() then
        if dir == 0 then z = z + 1
        elseif dir == 1 then x = x + 1
        elseif dir == 2 then z = z - 1
        elseif dir == 3 then x = x - 1
        end
        return true
    end
    return false
end

-- Main Program Execution

-- 1. Initial 4 block home offset (Moves to absolute Z = 4)
print(""Moving 4 blocks out..."")
while z < 4 do
    moveForward()
end

-- Save the starting Z boundary for the mining area
local startZ = 4

-- 2. Mining Logic loop
for layer = 1, targetY do
    for row = 1, targetX do
        for col = 1, targetZ - 1 do
            moveForward()
        end
        
        -- Turn to next row logic
        if row < targetX then
            if row % 2 == 1 then
                if layer % 2 == 1 then turnRight() moveForward() turnRight()
                else turnLeft() moveForward() turnLeft() end
            else
                if layer % 2 == 1 then turnLeft() moveForward() turnLeft()
                else turnRight() moveForward() turnRight() end
            end
        end
    end
    
    -- Move down to next layer if not finished
    if layer < targetY then
        while turtle.detectDown() do turtle.digDown() end
        turtle.down()
        y = y - 1
        -- Turn around to reverse pattern for next layer efficiency
        turnRight()
        turnRight()
    end
end

-- Return Home permanently when complete
print(""Mining complete! Returning home."")
goTo(0, 0, 0, 0)
print(""Done!"")
"
jDSQ6Zdm?source=archive,minecraft_cc_tweek_mineing_ws,heresjohnny32,Lua,Thursday 16th of July 2026 05:25:28 PM CDT,"-- Configuration Settings
local serverUrl = ""wss://://yourdomain.com"" 
local token = ""your_secure_secret_token""    
local FUEL_LIMIT = 400                      
local FORWARD_BUFFER = 4                    -- Blocks to travel forward safely BEFORE mining starts

-- Operational & Spatial State Tracking
local turtleId = tostring(os.computerID())
local idNum = os.computerID() 
local ws = nil
local stopRequested = false
local lastHeartbeat = os.epoch(""utc"")

-- Saved State for Resumption
local jobActive = false
local targetX, targetY, targetZ = 0, 0, 0
local savedX, savedY, savedZ = 1, 1, 1

-- Relative Position Tracking Matrix
local currentX, currentY, currentZ = 0, 0, 0
local currentDir = 0 -- 0=Forward (+X), 1=Right (+Y), 2=Back (-X), 3=Left (-Y)

local function getFullSlots()
    local fullCount = 0
    for i = 1, 16 do if turtle.getItemCount(i) > 0 then fullCount = fullCount + 1 end end
    return fullCount
end

local function getTelemetry(currentStatus)
    return {
        fuel = turtle.getFuelLevel(),
        maxFuel = turtle.getFuelLimit(),
        inventorySlots = getFullSlots(),
        status = currentStatus or ""Idle"",
        pos = {x = currentX, y = currentY, z = currentZ}
    }
end

local function sendUpdate(status, logMessage)
    if ws then
        pcall(function()
            ws.send(textutils.serializeJSON({
                type = ""telemetry"",
                turtleId = turtleId,
                data = getTelemetry(status),
                logMessage = logMessage
            }))
        end)
    end
end

-- NEW & IMPROVED: Constant Automatic Refueling Hook
local function autoRefuel()
    if turtle.getFuelLevel() == ""unlimited"" then return end
    
    -- Only consume items if we are below our maximum fuel capacity limit
    if turtle.getFuelLevel() < turtle.getFuelLimit() then
        local currentFuel = turtle.getFuelLevel()
        
        for i = 1, 16 do
            turtle.select(i)
            -- Check if slot has a fuel item without consuming it yet
            if turtle.refuel(0) then 
                -- If we are critically low, eat everything. 
                -- Otherwise, only eat if we have room so we don't waste fuel points.
                if currentFuel < FUEL_LIMIT or (turtle.getFuelLevel() < (turtle.getFuelLimit() - 80)) then
                    local before = turtle.getFuelLevel()
                    turtle.refuel(turtle.getItemCount(i)) -- Eat the stack!
                    local gained = turtle.getFuelLevel() - before
                    sendUpdate(nil, ""Auto-Refuel: Consumed items from slot "" .. i .. "". Added +"" .. gained .. "" fuel."")
                end
            end
        end
        turtle.select(1) -- Always default selection box back to slot 1
    end
end

-- Navigation Wrappers
local function trackTurnRight()
    turtle.turnRight()
    currentDir = (currentDir + 1) % 4
end

local function trackTurnLeft()
    turtle.turnLeft()
    currentDir = (currentDir - 1) % 4
end

local function trackForward()
    while turtle.detect() do 
        turtle.dig() 
        os.sleep(0.4)
    end
    if turtle.forward() then
        if currentDir == 0 then currentX = currentX + 1
        elseif currentDir == 1 then currentY = currentY + 1
        elseif currentDir == 2 then currentX = currentX - 1
        elseif currentDir == 3 then currentY = currentY - 1
        end
        autoRefuel() -- Automatically scan and eat any fuel mined up or collected immediately
        return true
    end
    return false
end

local function trackDown()
    while turtle.detectDown() do turtle.digDown() end
    if turtle.down() then
        currentZ = currentZ - 1
        autoRefuel()
        return true
    end
    return false
end

local function trackUp()
    while turtle.detectUp() do turtle.digUp() end
    if turtle.up() then
        currentZ = currentZ + 1
        autoRefuel()
        return true
    end
    return false
end

local function navigateHome()
    sendUpdate(""Returning Home"", ""Initiating return path tracking sequence to base dock."")
    while currentZ < 0 do trackUp() end
    while currentZ > 0 do trackDown() end
    
    if currentY > 0 then
        while currentDir ~= 3 do trackTurnRight() end
        while currentY > 0 do trackForward() end
    elseif currentY < 0 then
        while currentDir ~= 1 do trackTurnRight() end
        while currentY < 0 do trackForward() end
    end
    
    if currentX > 0 then
        while currentDir ~= 2 do trackTurnRight() end
        while currentX > 0 do trackForward() end
    end
    
    while currentDir ~= 0 do trackTurnRight() end
    sendUpdate(""Idle"", ""Successfully docked at home station."")
    jobActive = false
end

local function checkFuelSafety()
    if turtle.getFuelLevel() == ""unlimited"" then return true end
    
    -- Always try to eat fuel right before checking safety values
    autoRefuel()
    
    local distanceHome = math.abs(currentX) + math.abs(currentY) + math.abs(currentZ)
    local absoluteMinimumNeeded = distanceHome + 5
    
    if turtle.getFuelLevel() <= absoluteMinimumNeeded then
        sendUpdate(""Low Fuel Return"", ""Critical fuel fallback reached. Heading home."")
        navigateHome()
        return false
    end
    return true
end

-- Resumable Mining Engine Loop
local function executeMiningJob()
    stopRequested = false
    
    if savedX == 1 and savedY == 1 and savedZ == 1 then
        sendUpdate(""Buffer Transit"", ""Moving forward past the "" .. FORWARD_BUFFER .. "" block safety buffer zone."")
        for i = 1, FORWARD_BUFFER do
            if not checkFuelSafety() then return end
            trackForward()
        end

        local myOffsetSequence = (idNum - 1) * targetY
        if myOffsetSequence > 0 then
            sendUpdate(""Positioning"", ""Shifting right by "" .. myOffsetSequence .. "" blocks to align team row."")
            trackTurnRight()
            for i = 1, myOffsetSequence do trackForward() end
            trackTurnLeft()
        end
    end

    sendUpdate(""Mining Grid Active"", ""Resuming/Starting sector clearing: "" .. targetX .. ""x"" .. targetY .. ""x"" .. targetZ)

    for z = savedZ, targetZ do
        savedZ = z
        for y = savedY, targetY do
            savedY = y
            for x = savedX, targetX - 1 do
                savedX = x
                os.sleep(0.05)

                if not ws then
                    sendUpdate(""Reconnecting"", ""Connection lost! Pausing mining operation until server is online..."")
                    print(""Lost server handshake. Freezing task loop until reconnected..."")
                    while not ws do os.sleep(1) end
                    lastHeartbeat = os.epoch(""utc"")
                    sendUpdate(""Mining Grid Active"", ""Connection restored! Resuming task."")
                end

                if stopRequested then
                    sendUpdate(""Aborted"", ""Halted by backend request."")
                    navigateHome()
                    return
                end

                if getFullSlots() >= 16 then
                    sendUpdate(""Returning Base"", ""Inventory full."")
                    navigateHome()
                    return
                end
                
                if not checkFuelSafety() then return end
                trackForward()
            end
            savedX = 1 
            
            if y < targetY then
                if y % 2 == 1 then
                    trackTurnRight()
                    trackForward()
                    trackTurnRight()
                else
                    trackTurnLeft()
                    trackForward()
                    trackTurnLeft()
                end
            end
        end
        savedY = 1 
        
        if z < targetZ then
            trackDown()
            trackTurnRight()
            trackTurnRight()
        end
    end
    
    navigateHome()
end

local function connect()
    print(""Connecting to Central Control..."")
    local success, socketOrErr = pcall(http.websocket, serverUrl)
    if not success or not socketOrErr then return false end

    ws = socketOrErr
    ws.send(textutils.serializeJSON({
        type = ""handshake"",
        token = token,
        turtleId = turtleId,
        data = getTelemetry(jobActive and ""Mining Grid Active"" or ""Online"")
    }))
    lastHeartbeat = os.epoch(""utc"")
    print(""Connected safely."")
    return true
end

-- Global parallel handler threads
local function listenToNetwork()
    while true do
        if not ws then
            if not connect() then os.sleep(5) end
        else
            local event, url, msg = os.pullEvent()
            if event == ""websocket_message"" then
                lastHeartbeat = os.epoch(""utc"")
                local success, payload = pcall(textutils.unserializeJSON, msg)
                if success and payload then
                    if payload.command == ""excavate"" and not jobActive then
                        targetX = payload.args.x
                        targetY = payload.args.y
                        targetZ = payload.args.z
                        savedX, savedY, savedZ = 1, 1, 1 
                        jobActive = true
                    elseif payload.command == ""stop"" then
                        stopRequested = true
                    end
                end
            elseif event == ""websocket_closed"" then
                ws = nil
                print(""WebSocket closed by proxy."")
            end
        end
    end
end

local function jobWorker()
    while true do
        if jobActive then
            executeMiningJob()
        end
        os.sleep(1)
    end
end

parallel.waitForAll(listenToNetwork, jobWorker)
"
dyxbY4Ae?source=archive,minecraft_cc_tweek_mineing,heresjohnny32,Lua,Thursday 16th of July 2026 04:27:01 PM CDT,"-- Configuration
local WIDTH = 32
local LENGTH = 32
local DEPTH = 32

-- State Tracking
local x, y, z = 0, 0, 0
local facing = 0 -- 0: Forward, 1: Right, 2: Back, 3: Left
local returnX, returnY, returnZ, returnFacing

-- UI Functions
local function drawUI(status)
    term.clear()
    term.setCursorPos(1, 1)
    print(""=== Advanced Mining Turtle ==="")
    print(""Status: "" .. status)
    print(string.format(""Pos   : X:%d Y:%d Z:%d"", x, y, z))
    print(""Fuel  : "" .. turtle.getFuelLevel() .. ""/"" .. turtle.getFuelLimit())
end

-- Movement & Positioning
local function turnRight()
    turtle.turnRight()
    facing = (facing + 1) % 4
end

local function turnLeft()
    turtle.turnLeft()
    facing = (facing - 1) % 4
end

local function moveForward()
    while turtle.detect() do turtle.dig() end
    if turtle.forward() then
        if facing == 0 then z = z + 1
        elseif facing == 1 then x = x + 1
        elseif facing == 2 then z = z - 1
        elseif facing == 3 then x = x - 1
        end
        return true
    end
    return false
end

local function moveUp()
    while turtle.detectUp() do turtle.digUp() end
    if turtle.up() then y = y + 1; return true end
    return false
end

local function moveDown()
    while turtle.detectDown() do turtle.digDown() end
    if turtle.down() then y = y - 1; return true end
    return false
end

local function turnTo(targetFacing)
    while facing ~= targetFacing do
        turnRight()
    end
end

-- Maintenance Checks
local function needsFuel()
    local distanceHome = math.abs(x) + math.abs(y) + math.abs(z) + 5
    return turtle.getFuelLevel() < distanceHome
end

local function isFull()
    for i = 1, 16 do
        if turtle.getItemCount(i) == 0 then return false end
    end
    return true
end

-- Navigation Home and Back
local function goHome()
    returnX, returnY, returnZ, returnFacing = x, y, z, facing
    drawUI(""Returning Home..."")

    -- Rise to safety height first to avoid walls, then go home
    while y < 0 do moveUp() end
    
    -- Align and move X
    if x > 0 then turnTo(3) while x > 0 do moveForward() end
    elseif x < 0 then turnTo(1) while x < 0 do moveForward() end
    end

    -- Align and move Z
    if z > 0 then turnTo(2) while z > 0 do moveForward() end
    elseif z < 0 then turnTo(0) while z < 0 do moveForward() end
    end

    -- Drop items behind
    turnTo(2)
    for i = 1, 15 do
        turtle.select(i)
        turtle.drop()
    end
    
    -- Refuel from chest above
    turtle.select(16)
    turtle.suckUp()
    turtle.refuel()
    
    turtle.select(1)
end

local function resumePosition()
    drawUI(""Returning to Work..."")
    -- Move Z
    if returnZ > 0 then turnTo(0) while z < returnZ do moveForward() end
    end
    -- Move X
    if returnX > 0 then turnTo(1) while x < returnX do moveForward() end
    end
    -- Move Down
    while y > returnY do moveDown() end
    turnTo(returnFacing)
end

local function checkMaintenance()
    if needsFuel() or isFull() then
        goHome()
        resumePosition()
    end
end

-- Core Mining Logic
local function mineLayer()
    for i = 1, LENGTH do
        for j = 1, WIDTH - 1 do
            checkMaintenance()
            moveForward()
        end
        if i < LENGTH then
            if i % 2 == 1 then
                turnRight() moveForward() turnRight()
            else
                turnLeft() moveForward() turnLeft()
            end
        end
    end
end

local function main()
    turtle.select(1)
    turtle.refuel() -- Initial fuel check
    
    for layer = 1, DEPTH do
        drawUI(""Mining Layer "" .. layer)
        mineLayer()
        
        if layer < DEPTH then
            -- Return to start column of the layer before dropping down
            drawUI(""Resetting Column..."")
            while x > 0 do turnTo(3) moveForward() end
            while z > 0 do turnTo(2) moveForward() end
            turnTo(0)
            moveDown()
        end
    end
    
    drawUI(""Job Finished! Going Home."")
    goHome()
    turnTo(0)
    drawUI(""Done!"")
end

main()
"
QXmB8Lhc?source=archive,Answering Concerns About City/State in Semantic Seed Releases,EMWebFX,text,Thursday 16th of July 2026 08:29:50 AM CDT,"Hi [IM NAME]!

Semantic Seed Releases are not centered around the city and state we ask you to provide! The reason we need this location is because these seed releases are published like press releases, which require a dateline to publish. Datelines traditionally include a relevant location to provide additional context around the content. These locations will appear like this in the published content: https://webpagefx.mangoapps.com/msc/MjkxNTMwN18yNDk2ODU5Mw.

However, for Semantic Seed Releases, this will be the only way we’re specifically tying the client to that location, outside of potentially mentioning their general service areas in the content. The content itself will not center around the location the same way Geo Semantic Seed Releases do. This is simply a requirement from our publisher!

Can you provide the client’s headquarters location for us to use in this seed release?

Thanks!"
zPbNwDPx?source=archive,Switching Location for Geo Semantic Seed Release,EMWebFX,text,Thursday 16th of July 2026 08:26:44 AM CDT,"Hi [IM NAME]!

Thanks for providing the information for this project! For Geo Semantic Seed Releases, we actually recommend using the same or very relevant location to the target query for the city and state. For example, if the target query includes the location Phoenix, Arizona, the location we recommend using is Phoenix, Arizona. This small component helps us further optimize the content for this location.

For additional context, seed releases are published like press releases, which require a dateline to publish. Datelines traditionally include a relevant location to provide additional locational context around the content. These locations will appear like this in the published content: https://webpagefx.mangoapps.com/msc/MjkxNTMwN18yNDk2ODU5Mw. You can review the Guru card for more context and examples: https://app.getguru.com/card/ioyrbrpT/AI-SEO-Answer-Citation-Seeds-Geo-Semantic-Seed-Release-FuelTankFX-Service-Guru-Card-Service-Overview.

Can we switch the location to [LOCATION IN TARGET QUERY] so we can keep that consistent in the content?

Thanks!"
2FLt1ftc?source=archive,Asking IM to Provide City and State for Semantic Seed Releases,EMWebFX,text,Thursday 16th of July 2026 07:52:16 AM CDT,"Hi [IM NAME]!

Thanks for providing the information for this project! For [GEO SEMANTIC OR SEMANTIC] Seed Releases, we actually need both the city and state that the client operates in. This is because these seed releases are published like press releases, which require a dateline to publish. Datelines traditionally include a relevant location to provide additional context around the content. These locations will appear like this in the published content: https://webpagefx.mangoapps.com/msc/MjkxNTMwN18yNDk2ODU5Mw. You can review the Guru card [LINK GEO SEMANTIC OR SEMANTIC SERVICE GURU CARD] for more context and examples.

We generally recommend using the following guidelines when choosing locations for Geo-Semantic or Semantic Seed Releases:

For Geo Semantic Seed Releases: The same or very relevant location to the target query. For example, if the target query includes the location Phoenix, Arizona, the location we recommend using is Phoenix, Arizona. If the target query only includes a state, like Arizona, we would use one of the client’s locations within that state.

For Semantic Seed Releases: We recommend using the client’s headquarters location, as these seed releases are not optimized for the location. 

Can you confirm the city and state we should use for this seed release?

Thanks!"
Fpyw6ufY?source=archive,Providing Newsworthy Ideas for Semantic Seed Releases,EMWebFX,text,Thursday 16th of July 2026 07:49:47 AM CDT,"Hi [IM NAME]!

I wanted to get some clarification on the topic for this one!

Because the Semantic and Geo Semantic Seed Release services are similar to press releases, we rely on a timely, newsworthy, or noteworthy element related to at least one of the following: the client, their business, and/or the industry they work in. 

The information provided in this request is helpful general information about the client, but ultimately does not provide us with enough context to create content on. Based on the client and their industry, here are some potential connections we could make: [PROVIDE ANY THOUGHTS ON POTENTIAL NEWSWORTHY/TIMELY CONNECTIONS].

Does this sound like a good connection to you? Are there any other updates, news, topics from either the client or their industry that would be a good fit here?

If you need additional context or examples, you can check out the Guru card on this service: [LINK GEO SEMANTIC OR SEMANTIC SERVICE GURU CARD].

Let me know if you have any questions! Thanks!"
jfd0SmcJ?source=archive,Asking IM to Provide Newsworthy Context for Semantic Seed Releases,EMWebFX,text,Thursday 16th of July 2026 07:47:45 AM CDT,"Hi [IM NAME]!

I wanted to get some clarification on the topic for this one!

Because the Semantic and Geo Semantic Seed Release services are similar to press releases, we rely on a timely, newsworthy, or noteworthy element related to at least one of the following: the client, their business, and/or the industry they work in. 

The information provided in this request is helpful general information about the client, but ultimately does not provide us with enough context to create content on. Are there any other updates, news, topics from either the client or their industry that would be a good fit here? For example, does the client have any business updates that are relevant to [TOPIC OF QUERY]? Are there any relevant connections or updates within the larger industry that the client works in or the target location that can connect to [TOPIC OF QUERY]?

If nothing comes to mind, I can do some digging on my end to see if I can find a relevant connection.

If you need additional context or examples, you can check out the Guru card on this service: [LINK GEO SEMANTIC OR SEMANTIC SERVICE GURU CARD].

Let me know if you have any questions! Thanks!"
Awacw7nM?source=archive,Duplicate Semantic Seed Release Requests,EMWebFX,text,Thursday 16th of July 2026 07:45:51 AM CDT,"Hi [IM NAME]!

I noticed that this request has the same target query as this request [LINK OTHER PROJECT THREAD]. For Semantic or Geo Semantic Seed Releases, we don't recommend several projects with the same target query because these seed releases are published on the same platform, which ends up creating duplicate content for the client that won't drive much AI SEO power.

There are a few things we can do:

1. We can choose a new prompt to target for this project
2. We can refund this project and use these assets towards another AI optimized service, like the AI Citation Seeds service: https://app.getguru.com/card/c5Badb5i/AI-SEO-AI-Citation-Seeds-FuelTankFX-Service-Guru-Card
3. We can refund this project and plan to target this prompt again in a future month (ideally 2+ months down the line) to avoid duplicate content

Let me know which direction you want to go in! Thanks!"
T7c8Cq8Q?source=archive,Asking IM to Switch to Semantic,EMWebFX,text,Thursday 16th of July 2026 07:44:06 AM CDT,"Hi [IM NAME]!

Thanks for providing the information for this project! I noticed that this project doesn’t target a locational query.

Based on this, this request would actually be a better fit as a Semantic Seed Release! The Semantic Seed Release service is designed to target non-locational queries that require less AI SEO power to target, whereas Geo Semantic Seed Releases are designed to target and optimize for locational queries to better position the client in their local market. 

If you need more information, you can review the Guru card here: https://app.getguru.com/card/cXxKK69i/AI-SEO-Citation-Seeds-Semantic-Seed-Release-FuelTankFX-Service-Guru-Card-Service-Overview.

Can you re-request this project as a Semantic Seed Release? 

Let me know if you have any questions! Thanks!"
3u84uwFL?source=archive,Asking IM to Switch to Geo Semantic,EMWebFX,text,Thursday 16th of July 2026 07:40:37 AM CDT,"Hi [IM NAME]!

Thanks for providing the information for this project! I noticed that this project targets a locational query.

Based on this, this request would actually be a better fit as a Geo Semantic Seed Release! The Geo Semantic Seed Release service is designed to target and optimize for locational queries to better position the client in their local market, whereas the Semantic Seed Release service is designed to target non-locational queries that require less AI SEO power to target. 

If you need more information, you can review the Guru card here: https://app.getguru.com/card/ioyrbrpT/AI-SEO-Answer-Citation-Seeds-Geo-Semantic-Seed-Release-FuelTankFX-Service-Guru-Card-Service-Overview.

Can you re-request this project as a Geo Semantic Seed Release? 

Let me know if you have any questions! Thanks!"
TvsvrEav?source=archive,7PM,pdffreedownload,text,Thursday 16th of July 2026 04:43:28 AM CDT,"GSA URL REDIRECT PRO v2.70 CHECK (Always Eat After 7PM):

http://freeurlredirect.com/eatafter7pm356387
https://1borsa.com/eatafter7pm584891
http://saleoffer.co/eatafter7pm-224095
https://beta.thryt.com/eatafter7pm549878
https://come.ac/eatafter7pm-283645
https://da.gd/eatafter7p
https://alstr.in/eatafter7pm-78417
http://owy.pl/eatafter7pm-996288
https://gowedia.link/eatafter7pm934614
https://gnosis.link/eatafter7pm-912117
https://link.1hut.ru/eatafter7pm812208
https://lnkbits.com/eatafter7pm880619
https://kisalt.co/eatafter7pm524483
https://linkulb.com/eatafter7pm-114874
https://cut.gl/eatafter7pm422584
https://m.clickto.cc/eatafter7pm-873080
https://makeachang-e.com/eatafter7pm-256477
https://plu.sh/eatafter7pm57532
https://pdfja.com/eatafter7pm-37688
https://piti.nc/eatafter7pm-623890
https://s.bea.sh/eatafter7pm929464
https://avyc.io/eatafter7pm619834
https://pedalhub.store/eatafter7pm-354603
https://shorto.link/eatafter7pm384706
https://supershort.to/eatafter7pm342977
https://trbs.link/eatafter7pm833961
https://urlnub.com/eatafter7pm531203

"
4SM58VX7?source=archive,G2A.com adunits,clickio,text,Thursday 16th of July 2026 03:56:42 AM CDT,"<!-- Descktop Top -->
<script async type='text/javascript' src='//s.clickiocdn.com/t/249251/360_light.js'></script>
<div id=""Desktop_Top""></div>
<script>
(window.__lxGc__=window.__lxGc__||{'s':{},'b':0}).cmd=window.__lxGc__.cmd||[];

__lxGc__.cmd.push(function(){
	// render ad unit into the DOM element 
	__lxGc__.display('Desktop_Top', '_249251', '_729684');
});
</script>

<!-- Descktop Article -->
<script async type='text/javascript' src='//s.clickiocdn.com/t/249251/360_light.js'></script>
<div id=""Desktop_Article""></div>
<script>
(window.__lxGc__=window.__lxGc__||{'s':{},'b':0}).cmd=window.__lxGc__.cmd||[];

__lxGc__.cmd.push(function(){
	// render ad unit into the DOM element 
	__lxGc__.display('Desktop_Article', '_249251', '_729688');
});
</script>

<!-- Mobile Top -->
<script async type='text/javascript' src='//s.clickiocdn.com/t/249251/360_light.js'></script>
<div id=""Mobile_Top""></div>
<script>
(window.__lxGc__=window.__lxGc__||{'s':{},'b':0}).cmd=window.__lxGc__.cmd||[];

__lxGc__.cmd.push(function(){
	// render ad unit into the DOM element 
	__lxGc__.display('Mobile_Top', '_249251', '_729934');
});
</script>

<!-- Mobile Article -->
<script async type='text/javascript' src='//s.clickiocdn.com/t/249251/360_light.js'></script>
<div id=""Mobile_article""></div>
<script>
(window.__lxGc__=window.__lxGc__||{'s':{},'b':0}).cmd=window.__lxGc__.cmd||[];

__lxGc__.cmd.push(function(){
	// render ad unit into the DOM element 
	__lxGc__.display('Mobile_article', '_249251', '_729717');
});
</script>

<!-- Descktop bottom sticky -->

<script async type='text/javascript' src='//s.clickiocdn.com/t/249251/360_light.js'></script>
<div id=""Desktop_bottom""></div>
<script>
(window.__lxGc__=window.__lxGc__||{'s':{},'b':0}).cmd=window.__lxGc__.cmd||[];
__lxGc__.cmd.push(function(){
	// render ad unit into the DOM element 
	__lxGc__.display('Desktop_bottom', '_249251', '_729689');
});
</script>

<!-- Mobile bottom sticky-->
<script async type='text/javascript' src='//s.clickiocdn.com/t/249251/360_light.js'></script>
<div id=""Mobile_bottom""></div>
<script>
(window.__lxGc__=window.__lxGc__||{'s':{},'b':0}).cmd=window.__lxGc__.cmd||[];

__lxGc__.cmd.push(function(){
	// render ad unit into the DOM element 
	__lxGc__.display('Mobile_bottom', '_249251', '_729785');
});
</script>
"
T0LN5Q69?source=archive,Content Syndication Staggering Syndications,EMWebFX,text,Wednesday 15th of July 2026 12:27:47 PM CDT,"Hi NAME! 
Since we have multiple content syndication projects in progress for this client, we recommend staggering their syndications rather than submitting them in the same month. We have found that spreading out syndications can prevent an unusual spike in backlinks to the client's site, and it will allow the individual articles to perform better and attract more publishers. 
We can plan to submit this content for syndication on DATE 4 WEEKS OUT so it does not overlap with the other campaign. I will follow up once it has been submitted. 
Let me know if you have any questions!"
pLx7kurW?source=archive,The Mandalorian Armor 8,dgl_2,text,Tuesday 14th of July 2026 11:44:40 PM CDT,"""Spare me your tedious legal analysis."" Bossk had locked the concentric rings of the tracker sight onto the distant craft. ""If Boba Fett wants to lodge a complaint against me, he'll have to do it from the other side of the grave. If enough of him can be scraped up to put into one."" He ignored the rest of Zuckuss's tiresome fretting. His index claw hit the main fire button, and a quick rumble rolled through the Hound's frame. On the screen, a brilliant white tracer shot toward the icon representing Boba Fett's ship. ""Got him!"" The shot must have caught Fett completely by surprise; he'd taken no evasive action at all. What a fool, thought Bossk with contempt. That's what you get for trusting other bounty hunters.-Chpt.8 pg.77

""Something's wrong,"" said Zuckuss as he looked about the Slave I's empty hold.  ""Something's always wrong, as far as you're concerned."" This time, though, Bossk wondered whether his partner might be right. A sense of un- ease crawled across his scales; he drew his blaster and slowly scanned across the open hatchways. Zuckuss reached over and poked a gloved finger at one of the bulkheads. The thin material wobbled back and forth; another poke, and Zuckuss's finger went right through it. ""It's a decoy."" Zuckuss gave a few more exploratory proddings to the hold's confines, with similar results. ""That's why there's nothing here-it's just a shell!"" He turned toward Bossk. ""No wonder your shot went right through. There's no real mass to have taken the hit. It's like shooting through flimsiplast."" Rage boiled up inside Bossk, nearly blinding him. ""That slimy...” Words failed him. He stomped toward the dummy ship's aft section, shoulders smashing apart the sides of the flimsy hatches. ""This is why we got a positive identification."" Zuckuss had followed behind, into what would have been the cockpit if they had been aboard a real ship. He pointed to a beacon transmitter mounted to one of the space's curved walls. ""Look-you can see that it's been programmed with the Slave I's ID profile."" Zuckuss nodded in admiration. 

“Setting up something like this takes a lot of work; you have to force through overrides almost down to the subatomic level. And then to build it back up with the false data. . .” He stepped back from the unit. ""Fett must have had this decoy already prepared, just keeping it for sometime when he'd need it."" Even behind Zuckuss's face mask, there was a hint of amusement as he glanced over at Bossk. ""Like when he might be heading into some territory where creatures might have a grudge against him.""-Chpt.8 pg.77-78"
7PAyMjHQ?source=archive,The Mandalorian Armor 7,dgl_2,text,Tuesday 14th of July 2026 11:42:09 PM CDT,"""That's impossible,"" snapped Bossk. ""That wall's monocrystal-chained; we'd have heard any blast powerful enough to get through it. Unless..."" A sudden suspicion hit him; he glanced over his shoulder to the opposite wall. A sonic dissipator, the dials on its silvery ovoid surface trembling at the overload point, hung overhead by its automatically extruded gripfeet. The indicators slowly backed away from their red zones as the impact of the wall-breaching explosion was converted into a harmless sibilant whisper. The rage inside Bossk leaped up, as though it could blow out another hole, even bigger and hotter. That crossbred spawn of a... The curse died between his gritting fangs. There was only one bounty hunter who used that kind of sophisticated-and expensive-equipment. Either it had been smuggled into the counting room somehow, or-more likely-an access hole just big enough for the device had been drilled through the wall, followed by the explosive charge itself when the dissipator had been activated to soak up the noise.-Chpt.4 pg.38"
2pBVAFX7?source=archive,The Mandalorian Armor 6,dgl_2,text,Tuesday 14th of July 2026 11:41:03 PM CDT,"Bossk charged down the corridor, rifle clutched in both sets of talons, and into the casino's accounting room. Or what was left of it: the smoke from the thermal charges' explosion had lifted enough that the scattered taliputer and vidlink terminals could be seen. Along with the bodies of a half-dozen casino guards-each one had had a laser hole drilled through the chest plate of his uniform with impressive accuracy. ""And speed"", Bossk managed to note. None of the guards had even managed to get his weapon unslung and up into firing position; whoever had taken them out had done so in a matter of seconds.-Chpt.4 pg.38"
cymDQr20?source=archive,The Mandalorian Armor 4,dgl_2,text,Tuesday 14th of July 2026 11:33:03 PM CDT,"There he is, thought Kuat of Kuat. The distinctive helmeted visage of Boba Fett, the galaxy's most feared bounty hunter, gazed down at the mingled courtiers below like a totem of some planet's primordial deity, contemplating a justice colder than the spaces between the stars. Arrayed along Fett's arms and slung at his back were his working tools, the wrist lasers and miniaturized flamethrower, and all the other weapons that were as precise in his hands as the tiny probes were in
Kuat of Kuat's. The helmet, with its dark T-shaped visor, hid the bounty hunter's eyes and the measured calculations going on behind them.-Chpt.2 pg.23-24"
65YVHSZb?source=archive,The Mandalorian Armor 2,dgl_2,text,Tuesday 14th of July 2026 11:29:24 PM CDT,"He was just about to power off the 'binocs when he spotted something nearly fifty meters away. That one looks like he took the worst of it-another corpse lay on a stretch of rough gravel. Faceup; Dengar could make out the front of a narrow-apertured helmet. That was about all of the corpse's gear that was intact. The rest of the dead man's gear looked as if it hadn't been burned away so much as dissolved, some kind of acid bath reducing uniform and armaments to rags and corroded, pitted shapes of useless metal and plastoid. Dengar thumbwheeled the 'binocs into closer focus, trying to figure out what could've happened to create that kind of lethal effect. Wait a minute. The sprawled form filled the electrobinoculars' lenses. Maybe not exactly lethal, Dengar corrected himself. He could see the figure's chest moving, a slight rise and fall, right on the edge of survival. The half-exposed combatant, whoever it might be, was still alive. Or at least for the time being.-Chpt.1 pg.14"
jkeiA30c?source=archive,The Hunger 2,dgl_2,text,Tuesday 14th of July 2026 11:26:22 PM CDT,"Fett took one step down the corridor, and something small and hard ricocheted off the back of his helmet. Fett whirled and fired as the small object was still bouncing away in midair. A drinking glass, struck by Fett's blaster bolt, shattered into a thousand pieces. Another drinking glass leaped off a shelf and flew toward the bounty hunter. This time, Fett simply swatted it aside with the back of his hand.-Chpt.2 pg.15"
UThtrE8U?source=archive,The Hunger 1,dgl_2,text,Tuesday 14th of July 2026 11:21:23 PM CDT,"The bounty hunter moved smoothly and efficiently, with incredible speed. Before they could blink, a thick cable lashed out from a device on Fett's wrist and wrapped itself around Hoole, pinning his arms to his sides. In the same motion, Fett brought his other hand up. A flash of light blinded Zak and Tash, and Zak felt his arms and legs go limp. As he hit the floor, Zak thought he was dying. Then he realized that he could still see he just couldn't move. Boba Fett had hit him with some kind of stun bolt.-Chpt.2 pg.14"
XYkUZEj1?source=archive,TFU2 3,dgl_2,text,Tuesday 14th of July 2026 11:17:58 PM CDT,"And he had seen her, briefly, face white and spattered with her own blood, eyes wide and staring at him in utter disbelief. What was going through her mind he could not begin to guess. Joy? Confusion? Relief? Doubt? They had only locked stares for a moment before the man who had taken her captive pushed her out of sight. Then he had fired a missile at Starkiller's feet that had blown a massive hole in the frigate. Starkiller had thrown up a Force shield at the last instant, but had still found himself four decks away when the blast dissipated. By the time he had retraced his steps, Juno was gone.-Chpt.15 pg.193

She opened her mouth to shout a warning, but the bounty hunter shoved her through a doorway, out of view. She jerked to a halt at the end of the chain and went down to her knees, fighting waves of agony. Behind her, she heard Starkiller call her name, but his voice was drowned out on the second syllable by a massive explosion. Smoke and debris rushed out of the corridor and filled the room.
Even out of the blast's direct line she was still stung by the shrapnel. She covered her mouth and closed her eyes an instant too late. Blinking, coughing, deafened, she fought waves of unconsciousness as the bounty hunter dragged her back to her feet and pulled her into the corridor. Through streaming eyes she saw a huge hole where Starkiller had been standing. Drips of molten metal rained down on the cavernous space below. ""If you killed him-"" she started to say. ""You're as foolish as he is,"" the bounty hunter said with a sneer in his voice.-Chpt.14 pg.188"
k2gfCpJV?source=archive,TFU2 2,dgl_2,text,Tuesday 14th of July 2026 11:16:24 PM CDT,"The odd-looking prison ship sat on a landing platform belonging to a high-tech facility mounted on long columns directly over an ocean an ocean that stretched as far as her eyes could see. A broad walkway connected the platform to a series of tall habitats constructed in a distinctly Imperial style. She must have seen hundreds like them, all across the occupied worlds. At the nearest end of the ramp was a welcoming committee of ten stormtroopers, their white armor slick with rain. The building behind them showed signs of recent construction, or possibly repairs. A tall door opened in its side, and through it stepped Darth Vader.

She tensed without wanting to, and the bounty hunter felt it. Perhaps fearing that she might make a break for the edge of the platform, there to hurl herself into the sea, he tightened his grip and pulled her forward. ""You returned sooner than I expected, bounty hunter,"" said Vader when they were within earshot. ""I work faster than most."" The bounty hunter pushed her forward.

""She's all yours.""

""And Starkiller?""

""He's your problem, Lord Vader. I know my limitations.""

""Our arrangement is not complete until he is in the Kamino
system.""

""I don't think you'll be waiting long.""

Juno swallowed her fear as Vader's attention turned to her. ""Captain Eclipse, you and your fellow subversives in the Rebel Alliance have caused me considerable inconvenience. I should execute you now as the traitor you are, but there is one last service that I would have you perform.""

""I will never willingly serve you.""-Chpt.18 pg.223"
kU7p2uzL?source=archive,TFU2 1,dgl_2,text,Tuesday 14th of July 2026 11:14:46 PM CDT,"She lost her footing and jarred her shoulder. Dazed by pain, she would have tumbled helplessly out of the cargo bay but for a cable that whipped about her waist and dragged her back toward the bounty hunter. At the same time, a stubby missile protruding from the top of his jetpack launched itself out into the void. Halfway between the cargo bay and the hanging ship outside, its tip unfolded into a grappling hook that an instant later found solid purchase on the side of the ship. The cable binding Juno brought her within arm's reach of the bounty hunter. Unaffected by the rapidly thinning atmosphere, he slapped a breather across her face and bodily threw himself out of the cargo bay, taking her with him. She kicked and struggled but his grip and the cable combined were impossible to resist.-Chpt.14 pg.190"
u12aiwGh?source=archive,Tales From Jabbas Palace 4,dgl_2,text,Tuesday 14th of July 2026 11:09:48 PM CDT,"The tentacles slashed around him, a sound like a thousand whips cracking, drowning out Fett's voice. He shoved, got his right foot solidly against the ground and pushed upward. The switch in the jet pack's emergency access panel, digging into the soft wall behind him, was pushed down as Boba Fett pushed up.

Flame erupted in the enclosed space around them. The Sarlacc itself shrieked in pain, a sound that echoed away down the tunnels, the hundreds of tentacles around Fett whipping themselves into a frenzy, those that held Fett constricting so tightly that for an instant he could not breathe. The jet pack had never been intended to be run in such tight quarters for any length of time. It exploded. It was his oldest possession; the Mandalorian combat armor that was almost as famous as he was, famous the galaxy wide. It had protected him, down the decades, from blaster fire and slugthrowers, explosions and knives, from all the various insults the universe was apt to throw at a man in his line of work. But not even Mandalorian combat armor, designed by the warriors who had fought, and sometimes defeated, Jedi Knights, had been intended to withstand an exploding jet pack in close quarters.

Fett could not have been unconscious for more than a few seconds; he came back to awareness unable to breathe. The jet pack's fuel had splattered down the length of the corridor, and the corridor was burning, and so was Fett. The flame touched his skin in exposed places, on his arms and legs and stomach, and flames danced on the surface of his combat armor, the armor itself cracked, broken open by the force of the explosion, and everywhere the armor touched him the metal was scaldingly hot.-Chpt.18 pg.382"
0gSdg2AV?source=archive,Tales From Jabbas Palace 3,dgl_2,text,Tuesday 14th of July 2026 11:08:46 PM CDT,"The on-board computer couldn't access the jet pack; they were not linked together. Fett couldn't run diagnostics on the pack, had no idea whether the thing was working or not. The emergency access panel was behind him, to his right; if he'd been able to get his left hand free, he might have been able to reach it. If I could get my left hand free, thought Fett dryly, I could do a lot of things.

Using radar and sonar, Fett had mapped out a rough picture of the Sarlacc's interior. Leading away from the main chamber were several dozen small tunnels, heading almost straight down into the earth. He was about ten meters away from the main chamber; and about forty meters beneath the ground. Even if the jet could take him out again, if he could move to activate it, even then he'd be stuck in the middle of nowhere, in the midst of a great desert.-Chpt.18 pg.377"
MstspwZt?source=archive,Tales From Jabbas Palace 1,dgl_2,text,Tuesday 14th of July 2026 11:05:20 PM CDT,"Then, she made her way through the reinvigorated party atmosphere to where the bounty hunter Boba Fett stood silent guard. ""Excuse me, sir,"" she said timidly, reaching a hand almost to his shoulder and then stopping, as if she'd been planning to tap him there and had suddenly thought better of it. ""My name's Arica-I just came in today. That thing with the bounty hunter-that was pretty scary. Does that sort of thing happen often?"" For a long moment he just stared at her, and for that same long moment Mara thought the game was up. Boba Fett had done a fair amount of quiet work for the Empire over the years, and it was entirely possible that he had spotted her at some point in the Emperor's entourage. She reached out with the Force, trying to touch his mind. But his control was excellent, and nothing she could read gave her any clues.

""Nice to meet you, Arica,"" he said at last, in that flat voice that so terrified his victims and impressed his employers. ""Don't worry about Boushh-he might have looked crazy right then, but he's not. And don't worry about anyone else. Jabba knows who can be trusted. No one else gets in."" He tapped the blaster rifle at his side. ""And I stay around here a lot between jobs.""

""I'm glad,"" Mara breathed. ""Thank you-I feel much better.""

""My pleasure.""

She smiled at him and moved away. So Boushh was indeed a man. Or at least, the real Boushh was.-Chpt.6 pgs.126-137"
