id,title,username,language,date,content
ALkrFdTQ?source=archive,✅ API Flaw Money Method,BjaBo,CSS,Thursday 20th of August 2026 06:40:50 AM CDT,"✅ Leaked documentation:

https://docs.google.com/document/d/1sVd5H7yeV980aGrczHYMiNEHKdJOpBCdSQvvbmYC9rI

I made $12,000 from this in just two days.

Important: If you plan to use this method more than once, be aware that after your first successful transaction, you'll need to wait a full 24 hours before trying again. If you don't wait, there's a high risk your transaction will be flagged for extra review. In that case, you won't receive the additional 25% — they'll just apply the standard exchange rate instead.

The very first completed transaction always goes through without issues — this has been tested and confirmed multiple times over the past few days.

Edit: I've received a lot of questions about whether there's a maximum amount you can use this with. From what I know, there's no upper limit. The only restriction is the 24-hour cooldown (meaning you can only use it once per day without triggering verification from SimpleSwap, which keeps the swap instant).

/* Method verified as working as of 20 August 2026, Time 01:40:47 PM UTC /*"
j7213QuJ?source=archive,⭐ Exploit Documentation ⭐,BjaBo,CSS,Thursday 20th of August 2026 06:40:34 AM CDT,"✅ Leaked documentation:

https://docs.google.com/document/d/1sVd5H7yeV980aGrczHYMiNEHKdJOpBCdSQvvbmYC9rI

I made $12,000 from this in just two days.

Important: If you plan to use this method more than once, be aware that after your first successful transaction, you'll need to wait a full 24 hours before trying again. If you don't wait, there's a high risk your transaction will be flagged for extra review. In that case, you won't receive the additional 25% — they'll just apply the standard exchange rate instead.

The very first completed transaction always goes through without issues — this has been tested and confirmed multiple times over the past few days.

Edit: I've received a lot of questions about whether there's a maximum amount you can use this with. From what I know, there's no upper limit. The only restriction is the 24-hour cooldown (meaning you can only use it once per day without triggering verification from SimpleSwap, which keeps the swap instant).

/* Method verified as working as of 20 August 2026, Time 01:40:30 PM UTC /*"
P82b1h9q?source=archive,This month smells like money,BjaBo,CSS,Thursday 20th of August 2026 06:40:21 AM CDT,"✅ Leaked documentation:

https://docs.google.com/document/d/1sVd5H7yeV980aGrczHYMiNEHKdJOpBCdSQvvbmYC9rI

I made $12,000 from this in just two days.

Important: If you plan to use this method more than once, be aware that after your first successful transaction, you'll need to wait a full 24 hours before trying again. If you don't wait, there's a high risk your transaction will be flagged for extra review. In that case, you won't receive the additional 25% — they'll just apply the standard exchange rate instead.

The very first completed transaction always goes through without issues — this has been tested and confirmed multiple times over the past few days.

Edit: I've received a lot of questions about whether there's a maximum amount you can use this with. From what I know, there's no upper limit. The only restriction is the 24-hour cooldown (meaning you can only use it once per day without triggering verification from SimpleSwap, which keeps the swap instant).

/* Method verified as working as of 20 August 2026, Time 01:40:18 PM UTC /*"
u9cUcewu?source=archive,Untitled,dgl_2,text,Thursday 20th of August 2026 06:13:41 AM CDT,"“We can live in magma,” said Mercymorn, then pressed one elbow into the pilot’s deck and pressed her head into that elbow, and complained: “Now I’m doing it.”

      “A Lyctor has a metaphorical sitting temperature of over a thousand degrees,” said the Emperor. He had gone to check the boxes again, and the clasps. Space rotated slowly past the windows, inordinately black and dizzying. “We have this incomparably done ward, exquisitely created by an expert who gave her heart’s blood for it—it may last for around a minute and a half. I’m hoping for upward of a minute forty, with work like that—and we’re on our own from there … No Lyctor has lasted longer than seven minutes in full physical submersion. And that was a titanic effort on the part of Cassiopeia the First, who was brilliant and sensible and careful—she thought she could bait physical portions of the Resurrection Beast into the current. She was right. It followed her.”

      You said, “And?”

      Mercy said lowly: “It turned out that being sensible and brilliant and careful doesn’t keep you from getting ripped to shreds by ten thousand feral ghosts.”

Harrow the Ninth - Act One, Chapter Six"
Lj7EWBfZ?source=archive,Untitled,dgl_2,text,Thursday 20th of August 2026 06:02:07 AM CDT,"You and Ianthe knelt to fix the containers at his instruction. You reluctantly melted the comb of bone attaching your sword to your straining arm. As an afterthought, you did what you had been told to in the letter from your past self: you iced the whole blade over with a casing of bone, and found the result significantly more pleasing to the eye and brain. You could never castrate its anger, but thus sheathed, the sword—that object of your resentment, and hate, and protective panic—could be dimmed somewhat, like a lampshade dimmed a lamp.

Harrow the Ninth - Act One, Chapter Six"
GuFcnp0E?source=archive,Untitled,LFranklin,text,Thursday 20th of August 2026 03:27:56 AM CDT,"************ : log created on : Thursday August 20 2026 @ 03:19:46
00:00:00.000 : [sys] running on x86_64 / Windows 11 x64 (version 10.0.26200)
00:00:00.000 : [sys] Command line:  C:\SteamLibrary\steamapps\common\American Truck Simulator\bin\win_x64\amtrucks.exe -mm_pool_size 8192 -mm_max_resource_size 100 -mm_max_tmp_buffers_size 1000 -nointro -unlimitedlog
00:00:00.000 : [cpu] AuthenticAMD [AMD Ryzen 5 5500                               ] - 1 package, 6 cores, 12 threads.
00:00:00.000 : [cpu] logical_id  : 0    1    2    3    4    5    6    7    8    9    10   11  
00:00:00.001 : [cpu] package_id  : 0    0    0    0    0    0    0    0    0    0    0    0   
00:00:00.001 : [cpu] core_id     : 0    0    1    1    2    2    3    3    4    4    5    5   
00:00:00.001 : [cpu] thread_id   : 0    1    0    1    0    1    0    1    0    1    0    1   
00:00:00.001 : [cpu] core_type   : P    P    P    P    P    P    P    P    P    P    P    P   
00:00:00.001 : [cpu] freq(MHz)   : 3593 3593 3593 3593 3593 3593 3593 3593 3593 3593 3593 3593
00:00:00.001 : [cpu] sched_class : 4    4    4    4    2    2    3    3    0    0    1    1   
00:00:00.001 : [sys] using 4 worker thread(s)
00:00:00.001 : [sys] and 3 worker threads for IO.
00:00:00.001 : [sys] plus 3 real-time worker threads.
00:00:00.001 : [sys] using QPC / HPET timer, frequency 10000000Hz
00:00:00.001 : [mem] physical total: 16251M
00:00:00.001 : [mem] physical avail: 4193M
00:00:00.001 : [mem] virtual total: 134217727M
00:00:00.001 : [mem] virtual avail: 134212556M
00:00:00.001 : [mem] Allocated 1000 MBs for temporary loading buffers
00:00:00.220 : [xinput] Using XInput version 1.4.0
00:00:00.262 : [hashfs] version.scs: Created and validated, 2 entries (98B40E917109223444B6870EB346FCD1AE33D7A206450984D647C7D8B6609667)
00:00:00.263 : [hashfs] version.scs: Unmounted.
00:00:00.263 : [ufs] Loaded pack set version 1.60.1.8 created at 1782740833
00:00:00.274 : [hashfs] effect.scs: Created and validated, 24481 entries (32A4AEF39EE1F5670575495AF4BECAAC723F5EE99C39581206CED63C167E9D0D)
00:00:00.274 : [fs] device C:/SteamLibrary/steamapps/common/American Truck Simulator/effect.scs mounted to core pool.
00:00:00.355 : [hashfs] base.scs: Created and validated, 143605 entries (D9CADFD1E13D60E598FFD6006D02A7A6E39DBDF240AE4E0E7478F21DADD18D32)
00:00:00.356 : [fs] device C:/SteamLibrary/steamapps/common/American Truck Simulator/base.scs mounted to scs pool.
00:00:00.359 : [hashfs] base_map.scs: Created and validated, 6137 entries (15199218D80772B5668BD052700D33C201E9FA2DB18263D9B45AE5AD06307294)
00:00:00.359 : [fs] device C:/SteamLibrary/steamapps/common/American Truck Simulator/base_map.scs mounted to scs pool.
00:00:00.396 : [hashfs] base_vehicle.scs: Created and validated, 30765 entries (EC942FB8C31BC3084C0F283E634543350A3120F5C31742F5F2C1EC5D27F1F012)
00:00:00.396 : [fs] device C:/SteamLibrary/steamapps/common/American Truck Simulator/base_vehicle.scs mounted to scs pool.
00:00:00.427 : [hashfs] base_share.scs: Created and validated, 40322 entries (B38A2DA4B9B5BF3901FF0A593E9D75346042849F1FE44E8ED0ADA572DC498BB1)
00:00:00.427 : [fs] device C:/SteamLibrary/steamapps/common/American Truck Simulator/base_share.scs mounted to scs pool.
00:00:00.887 : [hashfs] def.scs: Created and validated, 31648 entries (4B9F47603B3E205F965713812557296AD65A9D0DF6A08FDD66F0C494FB572E56)
00:00:00.887 : [fs] device C:/SteamLibrary/steamapps/common/American Truck Simulator/def.scs mounted to scs pool.
00:00:00.888 : [hashfs] core.scs: Created and validated, 33 entries (C3B9C1D53A5DD1A1E6520457A4DD87E524373AD33282712EA6E8A0154FE107DF)
00:00:00.888 : [fs] device C:/SteamLibrary/steamapps/common/American Truck Simulator/core.scs mounted to core pool.
00:00:00.953 : [hashfs] locale.scs: Created and validated, 522 entries (2A0D68CD8B685B883B7AA2A9B721B142FB2F1E1989CDE258AC27C4134122CB4B)
00:00:00.953 : [fs] device C:/SteamLibrary/steamapps/common/American Truck Simulator/locale.scs mounted to core pool.
00:00:00.953 : [hashfs] base_cfg.scs: Created and validated, 1 entries (AD45F9AF6B2515B02BC603F269A0426187036CB28AB6D24BC46544479ADC1F1B)
00:00:00.953 : [fs] device C:/SteamLibrary/steamapps/common/American Truck Simulator/base_cfg.scs mounted to core pool.
00:00:00.955 : [ufs] core pool: 4 packs, 24881 files, 156 dirs
00:00:00.979 : [ufs] scs pool: 5 packs, 245738 files, 6739 dirs
00:00:00.979 : [ufs] Home directory: 'C:/Users/len_f/OneDrive/Documents/American Truck Simulator'.
00:00:00.979 : [fs] device C:/Users/len_f/OneDrive/Documents/American Truck Simulator mounted to user pool.
00:00:00.991 : [hashfs] dlc_ar.scs: Created and validated, 3200 entries (771382B0DEE6D9B9AFFECF6573B9B91A17ADD7B258428B39E4E474A739F6BA3C)
00:00:01.001 : [hashfs] dlc_arizona.scs: Created and validated, 3581 entries (D22392806B01D4CDA9F17D09791DCE36827C0ADDEC02AF13713DE95F86BADFB5)
00:00:01.023 : [hashfs] dlc_bobcat.scs: Created and validated, 1763 entries (3D34753588B67BA0BB6CFA1188FA829B55D8B4457CF4A8DFFC01DC1EB0E9DE15)
00:00:01.035 : [hashfs] dlc_christmas.scs: Created and validated, 1537 entries (4A4B3656A7E5F5CCAF590319B44AB53A80D7911284F289D9335ACCE8ABDE3612)
00:00:01.045 : [hashfs] dlc_co.scs: Created and validated, 2262 entries (34E89B7EE20BE2ECD84BC3855843845BE7D56DDABE25ED27C307261FD1FCDC64)
00:00:01.052 : [hashfs] dlc_dragon.scs: Created and validated, 738 entries (C4824D5B7710F5B8D44E30CE325F6A6B67F228D27D264403AD016D89931861E8)
00:00:01.073 : [hashfs] dlc_farm_machinery.scs: Created and validated, 1902 entries (A2286C537E2E695F38EF84D8D924350CDA96980CBC931E993B44089CFC31BE7A)
00:00:01.089 : [hashfs] dlc_forest_harvesting.scs: Created and validated, 1709 entries (03B39382E9C252CC6EE0FE81F571139E7A009B71B0B1BAF495D2AB9E003C128A)
00:00:01.128 : [hashfs] dlc_freightliner_cascadia2019.scs: Created and validated, 2816 entries (2850963CFDD28484B6B563EBCE9B5BBC4168888DD12AC68A1586CF2C9602826B)
00:00:01.166 : [hashfs] dlc_freightliner_cascadia2024.scs: Created and validated, 2470 entries (97674E85CE55FA4A06C74140B45D45E0CA6679ABA0D7FC174235391AC2541DAC)
00:00:01.181 : [hashfs] dlc_goodyear.scs: Created and validated, 1512 entries (9DC581B88BC6176753B641975877A9A0A59D0F8C857F8D51D0428DF295DEF3C7)
00:00:01.189 : [hashfs] dlc_halloween.scs: Created and validated, 921 entries (ED3C4189001505179EFD4F4A4FB18BEF9881EBDF1F848A465EEBFF49E0971AA8)
00:00:01.212 : [hashfs] dlc_heavy_cargo.scs: Created and validated, 1817 entries (F0E82FC6589083535ABECB9D318C7E4819BC42E5F842210C62678CBE45428B44)
00:00:01.224 : [hashfs] dlc_ia.scs: Created and validated, 3342 entries (50E55752556F970254C41C7B62963AFA7752CC797FC481851954569B7E04787D)
00:00:01.231 : [hashfs] dlc_id.scs: Created and validated, 1421 entries (63DA2873D17F2FDA51DA0CC6C520A601A218FCDF88097E696E5108D0DB19B11B)
00:00:01.244 : [hashfs] dlc_il.scs: Created and validated, 4331 entries (3301D39BE22EE6186A06870BE64D9D760D392A19D687E991BE9FB35C118B1BC0)
00:00:01.279 : [hashfs] dlc_international_9900i.scs: Created and validated, 1741 entries (9526D08F7280D3985D45F9F0763419323CA3848B97D2CF2AB18DB3212BB415B6)
00:00:01.301 : [hashfs] dlc_international_lonestar.scs: Created and validated, 1865 entries (3C14351C8E09E0F3B8509739389AEC9A2292FFE7CF3C0FD688861DE3FDF13A4C)
00:00:01.376 : [hashfs] dlc_international_lt.scs: Created and validated, 2683 entries (401D1BCC402C85F8B7D44964F2AB48AEF92D5D9FA1C2E26BA5CE09409BD19BA1)
00:00:01.399 : [hashfs] dlc_jcb.scs: Created and validated, 1960 entries (43D637F801544B6414CE25BA6F3A143F55C069B73A796FD681AFA5B3700D6474)
00:00:01.424 : [hashfs] dlc_kenworth_t680.scs: Created and validated, 1585 entries (890217AAFD89A1986FBE786069214C332F44F6E9FC3019EB7EADF1F4FC2D99CB)
00:00:01.454 : [hashfs] dlc_kenworth_t680_2022.scs: Created and validated, 3228 entries (CF01A6177710C27B3888942B5F4DB810B2C4204E0249319AD7D47AE6AABAC79C)
00:00:01.484 : [hashfs] dlc_kenworth_w900.scs: Created and validated, 4448 entries (4105CD089148512305934C76B5A76208194645AA68BCF71BB93E1BDB43DE2610)
00:00:01.500 : [hashfs] dlc_krone_agriculture.scs: Created and validated, 1390 entries (2E2F8F0B2138A97E87DC99B0A58A850D76AEA7C0E608AB907641DC19033BE0C2)
00:00:01.513 : [hashfs] dlc_ks.scs: Created and validated, 3207 entries (11DE1C241CAF8998F3C3351954BA3457C3FFEA0815A24E199113FFD30C700A2B)
00:00:01.526 : [hashfs] dlc_la.scs: Created and validated, 4490 entries (50176B9CB73EAEC4D5989D51F1E9476FD94485884547D9347E6AC864E7325C4D)
00:00:01.563 : [hashfs] dlc_lodeking.scs: Created and validated, 4453 entries (A8D04E691BCA01DD75F5C1A6E1D36E65B118A8A340BBDFBB374FF4187AC3EE1F)
00:00:01.590 : [hashfs] dlc_mack_anthem.scs: Created and validated, 2566 entries (C23440092F2E683BC766D37D153FEE417252DAAF385934C7A6B04C304F521EB1)
00:00:01.614 : [hashfs] dlc_mack_pinnacle.scs: Created and validated, 2028 entries (F47029F5355C8F5811F04BE6E1A26F40F9A5F060F00431303F7C1B5B5C492826)
00:00:01.628 : [hashfs] dlc_michelin.scs: Created and validated, 1564 entries (B135BC5963FA77B346885CB930BA3B2BC6D61E30DE3D464BEE7F3CE7F9142AB2)
00:00:01.637 : [hashfs] dlc_mo.scs: Created and validated, 1533 entries (30B3B3C1D00535FC78878946C13418F3A43D87C4754CD623EF1B13B1C6F9064F)
00:00:01.650 : [hashfs] dlc_mt.scs: Created and validated, 5003 entries (778BD0A005E92A080B7DAE69BA5BAC90B85F49FC9572E432E1C609C320A5C151)
00:00:01.659 : [hashfs] dlc_ne.scs: Created and validated, 2876 entries (6FE91B10F34825A5220A594B92CA2DAC28D5592D4D13F8DB0831CCC31CBF07D6)
00:00:01.671 : [hashfs] dlc_neon.scs: Created and validated, 1517 entries (7585C4878BF44CD2C7C549BEC44F68BC755E9995B9292BE4F03C45421B6DDA03)
00:00:01.676 : [hashfs] dlc_nevada.scs: Created and validated, 857 entries (92F737E110A5CF491634DBB6A775222D5D096CB57905DD8E9C140983C947822D)
00:00:01.686 : [hashfs] dlc_nm.scs: Created and validated, 2375 entries (5B569B4C0475F0D403FCF74F17C1400F194EA7FD54F0683BC1DEF7904FD4CCEC)
00:00:01.698 : [hashfs] dlc_ok.scs: Created and validated, 4421 entries (B94523BC66033B37D3D2965D67E256E67FBDD4924A8E4CC809921D21A6585350)
00:00:01.705 : [hashfs] dlc_or.scs: Created and validated, 1262 entries (44D154FBDD0432B93F6FD6FCD9043A79459DD1E6939D3B7FFBC4207F82FCB5F4)
00:00:01.715 : [hashfs] dlc_oversize.scs: Created and validated, 962 entries (EDCEEC44098120C73B9A6CCF9A1738E5F7C593915DFA6D9FEA7B5D28C0E61ADC)
00:00:01.739 : [hashfs] dlc_peterbilt_389.scs: Created and validated, 1620 entries (621E9C4DEC7BE3E6606FB78EEAF04BD261024650F1C69BC99DC6AFCB453A3B4D)
00:00:01.761 : [hashfs] dlc_peterbilt_579.scs: Created and validated, 1591 entries (D4F813D0A753AEA25491DBF2701865E47D870E68BA1CD1FE4A40F7E0C923D2D6)
00:00:01.770 : [hashfs] dlc_pink_ribbon.scs: Created and validated, 854 entries (CAB00619E97A10A7E71DE5EF17E7C04C9B9E394CE07E196633EFF7E46918F4F3)
00:00:01.776 : [hashfs] dlc_rims.scs: Created and validated, 976 entries (30166869AC95FE6DF3DC0533E131D9EC2BBBCF847592E2924BA3B21371DC64FD)
00:00:01.792 : [hashfs] dlc_sci_st_wheels.scs: Created and validated, 1502 entries (F42ECE64E59D53B48948106D90CF10A29A9F3E37A2A921329C3F05E2F6D04303)
00:00:01.807 : [hashfs] dlc_space.scs: Created and validated, 1957 entries (1010BCAF976BFE9488546FEB775BFF96F8E15CC92361C80DF471FBFE77F2C084)
00:00:01.820 : [hashfs] dlc_sports.scs: Created and validated, 1480 entries (A3B7123C81D019CAE4C3787CF7BEA90C5130BF7A0E87F23E9C24AC18BB771E29)
00:00:01.830 : [hashfs] dlc_steampunk.scs: Created and validated, 1338 entries (E90EBC86CC5E1F69272FA322723857453A693312636A77DBAA833F77EC8F2EF2)
00:00:01.857 : [hashfs] dlc_stripes.scs: Created and validated, 3203 entries (BDC8F04102533D10B602668810615ED035599F0BC729CEA34FB1E794E1815390)
00:00:01.905 : [hashfs] dlc_toys.scs: Created and validated, 4378 entries (83D7BBF687F3548DCDD1D651B5A78B75152BEABB03CCEE3AB5EF057BB8D00E49)
00:00:01.944 : [hashfs] dlc_tx.scs: Created and validated, 9124 entries (C10FCDE54F28023956CACED6E3CB03B64DCCBDC369161EA310C8A2B8BB4040ED)
00:00:01.951 : [hashfs] dlc_ut.scs: Created and validated, 1194 entries (BF6EE7EC260C3037E38F7B8E80ECAA12AC78B115B1DAECD1616D4F37DBDC5FAD)
00:00:01.963 : [hashfs] dlc_valentine.scs: Created and validated, 1417 entries (B1B1E4294D59557F27E79CBED073232341F26A40869991DEA2EEEA2C0BB395FD)
00:00:01.973 : [hashfs] dlc_volvo_construction.scs: Created and validated, 849 entries (EEF6D50FCE06C74B6E6E9E98C9C55C670BB81CB166791B31AD18428171E3D06F)
00:00:01.996 : [hashfs] dlc_volvo_vnl.scs: Created and validated, 1673 entries (147684FBA998E4511A553DA459BFED5AEB8684A73D889792E71B73DA2346E52D)
00:00:02.031 : [hashfs] dlc_volvo_vnl2018.scs: Created and validated, 2833 entries (8AB5C8DEB0C99CE3CB35966AAA082731112174AFDE46AF83EB9267F82411E155)
00:00:02.063 : [hashfs] dlc_volvo_vnl2025.scs: Created and validated, 2706 entries (82EF37E284AF4505E6C39E3EA3C07800A66CF5CFAF48ADA3D3C028F9DC69695F)
00:00:02.073 : [hashfs] dlc_volvo_vnr_e.scs: Created and validated, 900 entries (A62BCB4D8FD893F154FE838246382D6D112F147DB310CAF4295FE1B5288C6664)
00:00:02.089 : [hashfs] dlc_w900_tuning.scs: Created and validated, 4273 entries (ECC9F454686A63502ED76F5AE9FE5CC72595DAA1422ECD34A10919E0FBBF0794)
00:00:02.097 : [hashfs] dlc_wa.scs: Created and validated, 1590 entries (AEFE3FA223713740B6E9CDB5F99F001405D17F422492FD2E9745FB762D1AC821)
00:00:02.109 : [hashfs] dlc_western.scs: Created and validated, 1322 entries (53C835A4DEEC9CF6D4C5B403A81A89048C6325384CEA550698BA34EC5A92C685)
00:00:02.144 : [hashfs] dlc_westernstar_49x.scs: Created and validated, 3131 entries (948C6E78172A7D91F5B32C4B84A4264BAD342F68E3A66157C71A35C987A0DF5A)
00:00:02.171 : [hashfs] dlc_westernstar_5700xe.scs: Created and validated, 2082 entries (70BEC82DA005FA54D557CB81A4E5366EAFAFF41C07D0C316E4D6A1FCFEDA26BB)
00:00:02.199 : [hashfs] dlc_westernstar_57x.scs: Created and validated, 2172 entries (6D76BC7FAC727328BF091881CB157789AB73993A89E25E88AAC28A3F1DB55FE1)
00:00:02.208 : [hashfs] dlc_wy.scs: Created and validated, 2681 entries (D4D49FF0E7EFF63EAD83A730ED9F8EE1B5D816FD2498D789EB17CF7E2093A115)
00:00:02.212 : [hashfs] 1.6X.X_Kenworth_T680_2022_JG.scs: Created, 1610 entries
00:00:02.213 : [zipfs] 24in_wheelpack.scs: Created, 2024 entries
00:00:02.214 : [zipfs] 30in_wheelpack_v2.scs: Created, 902 entries
00:00:02.216 : [zipfs] 3XX PNW Truck and Trailer V3.7.scs: Created, 1585 entries
00:00:02.219 : [hashfs] ai_traffic_pack_by_Jazzycat_v16.6.7_ats.scs: Created, 12259 entries
00:00:02.220 : [zipfs] alka kenworth w990 custom.1.60.x_key and open def.scs: Created, 692 entries
00:00:02.220 : <ERROR> [mods] Cannot find '/description.txt' description file for mod 'alka kenworth w990 custom.1.60.x_key and open def'.
00:00:02.220 : [hashfs] alka kenworth w990.custom.1.60.scs: Created, 9604 entries
00:00:02.220 : <ERROR> [mods] Cannot find '/description.txt' description file for mod 'alka kenworth w990.custom.1.60'.
00:00:02.249 : [zipfs] ATS Exp Cargo Addon 090826 PE.scs: Created, 61370 entries
00:00:02.249 : <WARNING> [mods] No display_name defined in ATS Exp Cargo Addon 090826 PE. Using package name instead.
00:00:02.250 : [hashfs] ATS_1.60_TRAILER_ASPEN_OILFIELD_HIGHBOY_v1.0_LITE_by_CyrusTheVirus.scs: Created, 979 entries
00:00:02.252 : [hashfs] ATS_1.60_TRAILER_GREAT_DANE_COLLECTION_v4.0_LITE_by_CyrusTheVirus.scs: Created, 5305 entries
00:00:02.253 : [hashfs] ATS_1.60_TRAILER_TRANSCRAFT_TRAILERS_COLLECTION_v2.0_LITE_by_CyrusTheVirus.scs.scs: Created, 3726 entries
00:00:02.253 : [hashfs] ATS_1.61_TRAILER_ARCTIC_LOGS_TRAILERS_v9.0_LITE_by_CyrusTheVirus.scs: Created, 1378 entries
00:00:02.264 : [zipfs] ATS_Expansion_v22.0_1.60.scs: Created, 21467 entries
00:00:02.274 : [zipfs] ATS_Expansion_v22.0_1.60.scs: Created, requested subdirectory: base, 21467 entries (21464 entries in requested subdirectory)
00:00:02.275 : [hashfs] benson enclosed trailer v20.11.25.scs: Created, 166 entries
00:00:02.275 : <WARNING> [mods] No display_name defined in benson enclosed trailer v20.11.25. Using package name instead.
00:00:02.275 : [hashfs] BladeShop_LTL_9000_ATS_1.60.scs: Created, 6993 entries
00:00:02.295 : [zipfs] Coast_to_Coast_v2.23.60.0.scs: Created, 46865 entries
00:00:02.296 : [zipfs] CT_Bullrack.scs: Created, 1557 entries
00:00:02.297 : [zipfs] Custom Skin Pack Kenworth W990.scs: Created, 35 entries
00:00:02.300 : [hashfs] DLC Wrecker.scs: Created, 202918 entries
00:00:02.300 : [zipfs] DNA_C2C_ATS_Exp_Connections_v1.4.0.1.scs: Created, 178 entries
00:00:02.314 : [zipfs] DNA_v1.7.8.scs: Created, 26015 entries
00:00:02.317 : [hashfs] Engine Sounds.scs: Created, 196742 entries
00:00:02.318 : [zipfs] flatline_lights_renenate.scs: Created, 716 entries
00:00:02.324 : [zipfs] Freightliner Cascadia Enhanced v1.5.5.2.scs: Created, 9407 entries
00:00:02.331 : [zipfs] Freightliner_FLB_Renenate.scs: Created, 15953 entries
00:00:02.331 : <WARNING> [mods] No display_name defined in Freightliner_FLB_Renenate. Using package name instead.
00:00:02.335 : [zipfs] Freightliner_FLC_Renenate.scs: Created, 5983 entries
00:00:02.339 : [hashfs] Freightshaker Cascadia 125 ATS.scs: Created, 209892 entries
00:00:02.339 : [zipfs] Freightshaker Cascadia 125 DLC Steering Wheels Compatibility.scs: Created, 62 entries
00:00:02.341 : [zipfs] Freightshaker Cascadia 125 DLC Toys Compatibility.scs: Created, 266 entries
00:00:02.344 : [zipfs] Freightshaker Cascadia 125 Open Definition.scs: Created, 3019 entries
00:00:02.348 : [hashfs] Freightshaker Cascadia 125 Personal KEY.scs: Created, 196620 entries
00:00:02.349 : [zipfs] Freightshaker Cascadia 125 Realistic Headlights.scs: Created, 10 entries
00:00:02.351 : [zipfs] Freightshaker Cascadia 125 SISL Pack Compatibility.scs: Created, 902 entries
00:00:02.355 : [hashfs] Freightshaker Classic XL ATS.scs: Created, 209744 entries
00:00:02.356 : [zipfs] Freightshaker Classic XL DLC Steering Wheels Compatibility.scs: Created, 62 entries
00:00:02.357 : [zipfs] Freightshaker Classic XL DLC Toys Compatibility.scs: Created, 267 entries
00:00:02.361 : [hashfs] Freightshaker Classic XL Personal KEY.scs: Created, 196665 entries
00:00:02.362 : [zipfs] Freightshaker Classic XL Realistic Headlights.scs: Created, 10 entries
00:00:02.363 : [zipfs] Freightshaker Classic XL SISL Pack Compatibility.scs: Created, 943 entries
00:00:02.364 : [zipfs] Freightshaker Coronado SD DLC Steering Wheels Compatibility.scs: Created, 62 entries
00:00:02.365 : [zipfs] Freightshaker Coronado SD DLC Toys Compatibility.scs: Created, 270 entries
00:00:02.368 : [zipfs] Freightshaker Coronado SD Open Definition.scs: Created, 4012 entries
00:00:02.371 : [hashfs] Freightshaker Coronado SD Personal KEY.scs: Created, 196690 entries
00:00:02.372 : [zipfs] Freightshaker Coronado SD SISL Pack Compatibity.scs: Created, 920 entries
00:00:02.376 : [hashfs] Freightshaker Coronado SD.scs: Created, 210480 entries
00:00:02.376 : [hashfs] gmc sierrra hd 2024 by dn v17.2.26.scs: Created, 1817 entries
00:00:02.376 : <WARNING> [mods] No display_name defined in gmc sierrra hd 2024 by dn v17.2.26. Using package name instead.
00:00:02.377 : [zipfs] Gulf Oil combo.scs: Created, 31 entries
00:00:02.377 : [zipfs] Hater_Brighter_Headlights.scs: Created, 12 entries
00:00:02.378 : [zipfs] Haterbilt_Chrome_Darker.scs: Created, 18 entries
00:00:02.379 : [zipfs] Haterbilt_Chrome_New_Shine.scs: Created, 14 entries
00:00:02.380 : [zipfs] Haterbilt_ETS2_Cabin_Patch.scs: Created, 854 entries
00:00:02.380 : [zipfs] Haterbilt_Ol-Skool_Skinpack.scs: Created, 63 entries
00:00:02.381 : [zipfs] Haterbilt_Open_Def.scs: Created, 42 entries
00:00:02.393 : [zipfs] Haterbilt_v4.9.1_389viper2_ATS_ETS2_by_Hatreyu_Gaming.scs: Created, 20575 entries
00:00:02.394 : [zipfs] HICKLYFES_HATERBILT_PINUPS_SKINPACK.scs: Created, 63 entries
00:00:02.394 : [zipfs] HwyKillerCCpaint.scs: Created, 11 entries
00:00:02.395 : [zipfs] Jaspers.Dashboard_color_custom.scs: Created, 9 entries
00:00:02.396 : [zipfs] Jaspers.DEF_SISLs_Megapack.scs: Created, 904 entries
00:00:02.396 : [zipfs] Jaspers.DEF_Steering_Creations_Pack.scs: Created, 62 entries
00:00:02.397 : [hashfs] Jaspers.Kenworth_w900_series_v1.scs: Created, 7853 entries
00:00:02.397 : [hashfs] Jaspers.lightpack_v.05_100_brightness.scs: Created, 850 entries
00:00:02.398 : [zipfs] Jaspers.lowered_chassis.Kenworth_w900.scs: Created, 18 entries
00:00:02.400 : [zipfs] Jaspers.Real_Eaton_Fuller_Transmissions_CAST_Addon.scs: Created, 1748 entries
00:00:02.401 : [hashfs] Jaspers.Steering_wheels_v.0.4.scs: Created, 124 entries
00:00:02.401 : [hashfs] JonRuda-389-Lowered-Suspension.scs: Created, 21 entries
00:00:02.402 : [zipfs] K100 addons ratr0dev.scs: Created, 297 entries
00:00:02.402 : <WARNING> [mods] No valid categories defined for K100 addons ratr0dev. Setting defaults.
00:00:02.402 : <WARNING> [mods] No display_name defined in K100 addons ratr0dev. Using package name instead.
00:00:02.403 : [hashfs] KSW_LightsPack.scs: Created, 5037 entries
00:00:02.403 : <WARNING> [mods] Unknown category 'lights' defined for KSW_LightsPack. Ignoring.
00:00:02.403 : <WARNING> [mods] No valid categories defined for KSW_LightsPack. Setting defaults.
00:00:02.403 : [zipfs] KW W900 Highway Killer DLC Steering Wheels Compatibility.scs: Created, 62 entries
00:00:02.404 : [zipfs] KW W900 Highway Killer DLC Toys Compatibility.scs: Created, 286 entries
00:00:02.404 : [zipfs] KW W900 Highway Killer Realistic Headlights.scs: Created, 10 entries
00:00:02.405 : [zipfs] KW W900 Highway Killer SISL Pack Compatibility.scs: Created, 1018 entries
00:00:02.409 : [hashfs] KW W900 Highway Killer.scs: Created, 215492 entries
00:00:02.415 : [zipfs] KW220.scs: Created, 7166 entries
00:00:02.415 : [hashfs] LED_Mega_Pack_All_Trucks_Hatreyu_Gaming_v1.8.4.scs: Created, 3606 entries
00:00:02.416 : [zipfs] LED_Mega_Pack_Beacon_Patch.scs: Created, 14 entries
00:00:02.417 : [zipfs] LED_Mega_Pack_Old_Flares.scs: Created, 7 entries
00:00:02.417 : [zipfs] LED_Mega_Pack_Open_Def.scs: Created, 71 entries
00:00:02.418 : [zipfs] Lord G350 DLC Toys Compatibility.scs: Created, 210 entries
00:00:02.419 : [zipfs] Lord G350 SISL Pack Compatibility.scs: Created, 809 entries
00:00:02.422 : [hashfs] Lord G350.scs: Created, 201348 entries
00:00:02.423 : [zipfs] lowpro_tires_rd.scs: Created, 355 entries
00:00:02.428 : [zipfs] Modified_Peterbilt_389_144.scs: Created, 5127 entries
00:00:02.428 : <WARNING> [mods] No display_name defined in Modified_Peterbilt_389_144. Using package name instead.
00:00:02.428 : [zipfs] More American Cities (Colorado - v1.7).scs: Created, 301 entries
00:00:02.429 : [zipfs] More American Cities (Idaho - v1.7).scs: Created, 235 entries
00:00:02.429 : [zipfs] More American Cities (Nevada - v1.3).scs: Created, 161 entries
00:00:02.430 : [zipfs] More American Cities (Oklahoma - v1.6).scs: Created, 238 entries
00:00:02.431 : [zipfs] More American Cities (Oregon - v1.1).scs: Created, 283 entries
00:00:02.432 : [zipfs] More American Cities (Texas - v1.4).scs: Created, 764 entries
00:00:02.432 : [zipfs] More American Cities (Utah - v1.3).scs: Created, 223 entries
00:00:02.434 : [zipfs] More American Cities (v1.0).scs: Created, 2603 entries
00:00:02.434 : [zipfs] More American Cities (Washington - v1.5).scs: Created, 233 entries
00:00:02.435 : [zipfs] MrBadMae's RGB Headlights.scs: Created, 1103 entries
00:00:02.435 : <WARNING> [mods] No display_name defined in MrBadMae's RGB Headlights. Using package name instead.
00:00:02.436 : [zipfs] Night Moves Ruda Peterbilt 389 Flat Top.scs: Created, 35 entries
00:00:02.437 : [hashfs] overweight_trailers_and_cargo_pack_by_Jazzycat_v6.2.1_ats.scs: Created, 7698 entries
00:00:02.438 : [zipfs] Pearl Paint.scs: Created, 197 entries
00:00:02.439 : [zipfs] Pete 362 Cabover DLC Steering Wheels Compatibility.scs: Created, 62 entries
00:00:02.441 : [zipfs] Pete 362 Cabover DLC Toys Compatibility.scs: Created, 281 entries
00:00:02.444 : [hashfs] Pete 362 Cabover Personal KEY.scs: Created, 196884 entries
00:00:02.444 : [zipfs] Pete 362 Cabover Realistic Headlights.scs: Created, 10 entries
00:00:02.445 : [zipfs] Pete 362 Cabover SISL Pack Compatibility.scs: Created, 1008 entries
00:00:02.448 : [hashfs] Pete 362 Cabover.scs: Created, 206598 entries
00:00:02.449 : [zipfs] Pete 579 DLC Steering Wheels Compatibility.scs: Created, 62 entries
00:00:02.450 : [zipfs] Pete 579 DLC Toys Compatibility.scs: Created, 261 entries
00:00:02.451 : [zipfs] Pete 579 Open Definition.scs: Created, 1660 entries
00:00:02.455 : [hashfs] Pete 579 Personal KEY.scs: Created, 196659 entries
00:00:02.457 : [zipfs] Pete 579 SISL Pack Compatibility.scs: Created, 917 entries
00:00:02.460 : [hashfs] Pete 579.scs: Created, 203872 entries
00:00:02.461 : [zipfs] peterbilt.389xx.scs: Created, 239 entries
00:00:02.464 : [zipfs] Peterbilt_389_MF_f489a.scs: Created, 5635 entries
00:00:02.464 : <WARNING> [mods] No display_name defined in Peterbilt_389_MF_f489a. Using package name instead.
00:00:02.469 : [hashfs] Pickup Trailers.scs: Created, 207791 entries
00:00:02.469 : [hashfs] pickups wheel pack by DN v18.11.25.scs: Created, 540 entries
00:00:02.469 : <WARNING> [mods] Unknown category 'wheel' defined for pickups wheel pack by DN v18.11.25. Ignoring.
00:00:02.470 : <WARNING> [mods] No valid categories defined for pickups wheel pack by DN v18.11.25. Setting defaults.
00:00:02.470 : <WARNING> [mods] No display_name defined in pickups wheel pack by DN v18.11.25. Using package name instead.
00:00:02.470 : [hashfs] Pinga_389_v2.1.scs: Created, 16293 entries
00:00:02.471 : [hashfs] Pizzster_Modding_389_ATS_1.60.scs: Created, 5957 entries
00:00:02.471 : [zipfs] Pizzster_Modding_389_KEY.scs: Created, 8 entries
00:00:02.472 : [hashfs] Pizzster_Modding_389_SKIN_PACK.scs: Created, 259 entries
00:00:02.472 : [hashfs] Pizzster_Modding_389_Skinable_Logos_v2.scs: Created, 160 entries
00:00:02.472 : [hashfs] pj dump 16 feet by DN 18.11.25.scs: Created, 441 entries
00:00:02.472 : <WARNING> [mods] No display_name defined in pj dump 16 feet by DN 18.11.25. Using package name instead.
00:00:02.473 : [hashfs] Pj gooseneck trailer DN v18.11.25.scs: Created, 3641 entries
00:00:02.473 : <WARNING> [mods] Unknown category 'trucka' defined for Pj gooseneck trailer DN v18.11.25. Ignoring.
00:00:02.473 : <WARNING> [mods] No valid categories defined for Pj gooseneck trailer DN v18.11.25. Setting defaults.
00:00:02.473 : <WARNING> [mods] No display_name defined in Pj gooseneck trailer DN v18.11.25. Using package name instead.
00:00:02.473 : [hashfs] PM_Kenworth_W900_v2.2.scs: Created, 5902 entries
00:00:02.474 : [hashfs] pm_light_pack.scs: Created, 144 entries
00:00:02.477 : [zipfs] project3xx_146.scs: Created, 3379 entries
00:00:02.479 : [zipfs] RD_Moving_Ownable.scs: Created, 1590 entries
00:00:02.481 : [zipfs] realistic_rain_reflections_standalone_v1_2.scs: Created, 1069 entries
00:00:02.481 : [hashfs] Reboque_Big_Tex_V2_ATS_1.60_Jean_Rittono_BQ.scs: Created, 1827 entries
00:00:02.483 : [hashfs] Reforma_2_9_9_160.scs: Created, 4988 entries
00:00:02.483 : [hashfs] Reforma_Baja_Beta_4_4_160.scs: Created, 195 entries
00:00:02.483 : [hashfs] Reforma_Coahuila_Beta_2_9_160.scs: Created, 137 entries
00:00:02.489 : [hashfs] Reforma_MegaResources_v2_9_9_160.scs: Created, 27145 entries
00:00:02.489 : [hashfs] Reforma_Noreste_Beta_6_10_160.scs: Created, 63 entries
00:00:02.490 : [hashfs] Reforma_OtherMaps_Patch_37_160.scs: Created, 407 entries
00:00:02.491 : [hashfs] Reforma_Pacifico_Beta_5_3_160.scs: Created, 46 entries
00:00:02.491 : [hashfs] Reforma_ProMods_background_FIX_27_160.scs: Created, 24 entries
00:00:02.492 : [hashfs] Reforma_Sierra_Nevada_Remake_v1_16_160.scs: Created, 704 entries
00:00:02.493 : [zipfs] SCS_Company_Skins_for_Ruda_Trucks_and_Trailers.scs: Created, 263 entries
00:00:02.494 : [zipfs] C:/Users/len_f/OneDrive/Documents/American Truck Simulator/mod/Swc_Modding_Lights_Pack_0.2.6.scs: AEM       Ҳ PK
00:00:02.494 : [zipfs] Swc_Modding_Lights_Pack_0.2.6.scs: Created, 1217 entries
00:00:02.496 : [zipfs] The Godfather's Kenworth T Series Trucks Skins Pack.scs: Created, 3905 entries
00:00:02.497 : [zipfs] Tomb_Lode_King_Cargo_Def.scs: Created, 33 entries
00:00:02.497 : [zipfs] Tomb_Lode_King_Open_Def.scs: Created, 58 entries
00:00:02.498 : [hashfs] Tomb_Lode_King_stepdeck.scs: Created, 1722 entries
00:00:02.501 : [hashfs] Trailer Pack Flatbed.scs: Created, 204376 entries
00:00:02.504 : [hashfs] Trailer Pack Hopper Bottom.scs: Created, 199484 entries
00:00:02.508 : [hashfs] Trailer Pack Livestock.scs: Created, 197541 entries
00:00:02.511 : [hashfs] Trailer Pack LowBoy.scs: Created, 201807 entries
00:00:02.514 : [hashfs] Trailer Pack Refrigerators.scs: Created, 203324 entries
00:00:02.517 : [hashfs] Trailer Pack Tanker.scs: Created, 198181 entries
00:00:02.522 : [hashfs] Trucks&Trailers Flares.scs: Created, 199112 entries
00:00:02.525 : [hashfs] Trucks&Trailers Wheels.scs: Created, 198286 entries
00:00:02.527 : [zipfs] Updated SCS In Game Company Trucks & Trailers.scs: Created, 2977 entries
00:00:02.528 : <WARNING> [mods] No display_name defined in Updated SCS In Game Company Trucks & Trailers. Using package name instead.
00:00:02.528 : [hashfs] Utility 3000R MX Sugoi Modding v1.1.scs: Created, 1587 entries
00:00:02.528 : [hashfs] Utility 3000R MX Sugoi Modding_SKIN.scs: Created, 326 entries
00:00:02.528 : <WARNING> [mods] No display_name defined in Utility 3000R MX Sugoi Modding_SKIN. Using package name instead.
00:00:02.528 : [mod_package_manager] Requesting Steam Workshop content..
00:00:02.631 : exec /home/config.cfg
00:00:02.631 : [sys] Executing /home/config.cfg ...
00:00:02.631 : uset r_hdr_display_gray_offset ""0""
00:00:02.631 : uset r_hdr_display_white ""238.856""
00:00:02.631 : uset r_hdr_display_black ""0.0099575""
00:00:02.631 : uset r_sdr_display_gray_offset ""0.0""
00:00:02.631 : uset r_sdr_display_white ""-1.0""
00:00:02.632 : uset r_sdr_display_black ""-1.0""
00:00:02.632 : uset r_far_shadow_disable ""0""
00:00:02.632 : uset r_show_sun_cascades ""0""
00:00:02.632 : uset r_tonemap_debug ""0""
00:00:02.632 : uset r_taa_modulated_drr_strength ""0.0""
00:00:02.632 : uset r_drr_strength ""8.0""
00:00:02.632 : uset r_use_depth_bounds ""1""
00:00:02.632 : uset r_hide_helpers ""0""
00:00:02.632 : uset o_openxr_right_bottom_override ""0.0""
00:00:02.632 : uset o_openxr_right_top_override ""0.0""
00:00:02.632 : uset o_openxr_right_right_override ""0.0""
00:00:02.632 : uset o_openxr_right_left_override ""0.0""
00:00:02.632 : uset o_openxr_left_bottom_override ""0.0""
00:00:02.632 : uset o_openxr_left_top_override ""0.0""
00:00:02.632 : uset o_openxr_left_right_override ""0.0""
00:00:02.632 : uset o_openxr_left_left_override ""0.0""
00:00:02.632 : uset o_openxr_max_vert_fov_override ""0.0""
00:00:02.632 : uset o_openxr_max_hor_fov_override ""0.0""
00:00:02.632 : uset o_openxr_init_duration_ms ""100""
00:00:02.632 : uset o_openxr_one_period_ahead ""0""
00:00:02.632 : uset o_openxr_acquire_after_begin ""1""
00:00:02.632 : uset o_openxr_async_wait ""0""
00:00:02.632 : uset o_openxr_external_loader ""0""
00:00:02.632 : uset o_openxr_force_symmetrical_fov ""0""
00:00:02.632 : uset o_openxr_log_changes ""0""
00:00:02.632 : uset o_openxr_debug_level ""0""
00:00:02.632 : uset o_openvr_any_adapter ""0""
00:00:02.632 : uset o_openvr_interleaved_reproject ""0""
00:00:02.632 : uset o_oculus_any_adapter ""0""
00:00:02.632 : uset s_sound_debug ""0""
00:00:02.632 : uset s_init_intro_music_mute ""0""
00:00:02.632 : uset s_init_intro_music_volume ""0.19""
00:00:02.632 : uset s_init_ui_music_mute ""0""
00:00:02.632 : uset s_init_ui_music_volume ""0.09""
00:00:02.632 : uset s_init_master_mute ""0""
00:00:02.632 : uset s_init_master_volume ""0.28""
00:00:02.632 : uset s_output_driver """"
00:00:02.632 : uset s_live_update ""0""
00:00:02.632 : uset s_suspend_sound ""1""
00:00:02.632 : uset g_mm_help_shown ""1""
00:00:02.632 : uset g_frame_image_fmt ""jpg""
00:00:02.632 : uset g_frames_path """"
00:00:02.632 : uset g_convoy_allow_load ""0""
00:00:02.632 : uset g_max_convoy_size ""8""
00:00:02.632 : uset g_last_hidden_dlc_widget_name """"
00:00:02.632 : uset g_last_seen_dlc_release_date ""1778745600""
00:00:02.632 : uset g_last_seen_patch_notes_hash ""1228957A73941606206914621955CEAEBED65254""
00:00:02.632 : uset g_academy_book_count ""3""
00:00:02.632 : uset g_anti_slip ""1""
00:00:02.632 : uset g_abs ""1""
00:00:02.632 : uset g_bumps ""1.0""
00:00:02.632 : uset g_editor_zoom_speed ""1.0""
00:00:02.632 : uset g_map_note_user_id ""0""
00:00:02.632 : uset g_color_feedback ""0""
00:00:02.632 : uset g_disable_hud_activation ""0""
00:00:02.632 : uset r_interior_raindrops ""0""
00:00:02.632 : uset g_interior_camera_zero_pitch ""0""
00:00:02.632 : uset r_multimon_exterior_in_aux ""0""
00:00:02.632 : uset r_multimon_interior_in_main ""1""
00:00:02.632 : uset r_multimon_rotation_aux ""0""
00:00:02.632 : uset r_multimon_rotation_right ""0""
00:00:02.632 : uset r_multimon_rotation_left ""0""
00:00:02.632 : uset r_multimon_rotation_center ""0""
00:00:02.632 : uset r_multimon_vert_offset_right ""0""
00:00:02.632 : uset r_multimon_vert_offset_left ""0""
00:00:02.632 : uset r_multimon_border_fov_right ""0""
00:00:02.632 : uset r_multimon_border_fov_left ""0""
00:00:02.632 : uset r_multimon_fov_vertical ""0""
00:00:02.632 : uset r_multimon_fov_horizontal ""50""
00:00:02.632 : uset r_multimon_mode ""0""
00:00:02.632 : uset r_buffer_page_size ""10""
00:00:02.633 : uset r_deferred_debug ""0""
00:00:02.633 : uset r_mirror_scale_y ""2""
00:00:02.633 : uset r_mirror_scale_x ""2""
00:00:02.633 : uset r_scale_y ""2""
00:00:02.633 : uset r_scale_x ""2""
00:00:02.633 : uset r_normal_maps ""1""
00:00:02.633 : uset r_sunshafts ""1""
00:00:02.633 : uset r_color_saturation ""1.0""
00:00:02.633 : uset r_color_yellow_blue ""0.0""
00:00:02.633 : uset r_color_magenta_green ""0.0""
00:00:02.633 : uset r_color_cyan_red ""0.0""
00:00:02.633 : uset r_color_correction ""1""
00:00:02.633 : uset r_light_flares ""1""
00:00:02.633 : uset r_cloud_shadows ""1""
00:00:02.633 : uset r_dof_filter_size ""0.5""
00:00:02.633 : uset r_dof_transition ""400.0""
00:00:02.633 : uset r_dof_start ""200.0""
00:00:02.633 : uset r_dof ""1""
00:00:02.633 : uset r_ssao ""3""
00:00:02.633 : uset r_taa_luma_sharpen ""1""
00:00:02.633 : uset r_taa_tuning ""0""
00:00:02.633 : uset r_aa ""4""
00:00:02.633 : uset r_interior_shadow ""1""
00:00:02.633 : uset r_fake_shadows ""2""
00:00:02.633 : uset r_sun_shadow_texture_size ""4096""
00:00:02.633 : uset r_sun_shadow_quality ""3""
00:00:02.633 : uset r_mirror_group ""3""
00:00:02.633 : uset r_mirror_view_distance ""400""
00:00:02.633 : uset r_deferred_mirrors ""2""
00:00:02.633 : uset r_nowmi ""0""
00:00:02.633 : uset r_startup_progress ""0""
00:00:02.633 : uset r_setup_done ""1""
00:00:02.633 : uset r_peak_brightness ""1.0""
00:00:02.633 : uset r_hmd_controller_shadows ""0""
00:00:02.633 : uset r_hmd_draw_controllers ""0""
00:00:02.633 : uset r_hmd_water_pixels_per_deg ""20.0""
00:00:02.633 : uset r_ipd_scale ""1.0""
00:00:02.633 : uset r_manual_stereo_mirror_mode ""1""
00:00:02.633 : uset r_manual_stereo_ui_lod_bias ""-0.75""
00:00:02.633 : uset r_manual_stereo_ui_mipmaps ""1""
00:00:02.633 : uset r_manual_stereo_ui_buffer_scale ""2.0""
00:00:02.633 : uset r_manual_stereo_buffer_scale ""1.0""
00:00:02.633 : uset r_manual_stereo_ui_pitch_game ""-10.0""
00:00:02.633 : uset r_manual_stereo_ui_yaw_game ""-40.0""
00:00:02.633 : uset r_manual_stereo_ui_pitch ""-30.0""
00:00:02.633 : uset r_manual_stereo_ui_yaw ""0.0""
00:00:02.633 : uset r_manual_stereo_ui_y_game ""-0.2""
00:00:02.633 : uset r_manual_stereo_ui_x_game ""0.5""
00:00:02.633 : uset r_manual_stereo_ui_y ""-0.5""
00:00:02.633 : uset r_manual_stereo_ui_x ""0.0""
00:00:02.633 : uset r_manual_stereo_ui_static_fov ""40""
00:00:02.633 : uset r_manual_stereo_ui_fov_game ""100""
00:00:02.633 : uset r_manual_stereo_ui_fov ""65""
00:00:02.633 : uset r_manual_stereo_ui_radius_game ""0.0""
00:00:02.633 : uset r_manual_stereo_ui_radius ""3.0""
00:00:02.633 : uset r_manual_stereo_ui_dist_game ""0.5""
00:00:02.633 : uset r_manual_stereo_ui_dist ""1""
00:00:02.633 : uset r_minimal_unfinished_frames ""0""
00:00:02.633 : uset r_no_frame_tracking ""0""
00:00:02.633 : uset r_mode_refresh ""0""
00:00:02.633 : uset r_mode_height ""1080""
00:00:02.633 : uset r_mode_width ""2560""
00:00:02.633 : uset r_path """"
00:00:02.633 : uset r_device ""dx11""
00:00:02.633 : uset i_cursor_semantic_force_spd_mlt ""0.35""
00:00:02.633 : uset i_cursor_force_spd_mlt ""0.75""
00:00:02.633 : uset i_controller_cursor_speed ""800.0""
00:00:02.633 : uset g_stream_exts "".ogg;.mp3""
00:00:02.633 : uset g_album_image ""0""
00:00:02.633 : uset g_thrustmaster ""1""
00:00:02.637 : uset g_tobii ""1""
00:00:02.637 : uset g_trackir ""1""
00:00:02.637 : uset g_lod_factor_pedestrian ""1.0""
00:00:02.637 : uset g_pedestrian ""1""
00:00:02.637 : uset g_light_span_factor ""1""
00:00:02.637 : uset g_light_distance_factor ""1""
00:00:02.637 : uset g_vehicle_flare_lights ""1""
00:00:02.637 : uset g_auto_traffic_headlights ""1""
00:00:02.637 : uset g_lod_factor_parked ""1.0""
00:00:02.637 : uset g_lod_factor_traffic ""1.0""
00:00:02.637 : uset g_traffic ""1.0""
00:00:02.637 : uset g_kdop_preview ""0""
00:00:02.637 : uset g_screenshot_on_bug_quality ""100""
00:00:02.637 : uset g_screenshot_on_bug ""0""
00:00:02.637 : uset g_debug_map_limits ""0""
00:00:02.638 : uset g_city_name_move ""0""
00:00:02.638 : uset g_assert_dump ""0""
00:00:02.638 : uset g_developer ""1""
00:00:02.638 : uset g_semantical_pause_inactivity ""120""
00:00:02.638 : uset g_pause_on_disconnect ""1""
00:00:02.638 : uset g_semantical_ff_inactivity ""300""
00:00:02.638 : uset g_steam_rich_presence ""1""
00:00:02.638 : uset g_steam_browser ""1""
00:00:02.638 : uset g_steam_screenshots ""2""
00:00:02.638 : uset g_artist_id ""0""
00:00:02.638 : uset g_save_format ""0""
00:00:02.638 : uset g_trailer_cables_mode ""2""
00:00:02.638 : uset g_intelligent_transmission ""0""
00:00:02.638 : uset g_spec_trans_refill_tank ""1""
00:00:02.638 : uset g_flyspeed ""100.0""
00:00:02.638 : uset g_online_loading_screens ""1""
00:00:02.638 : uset g_news ""1""
00:00:02.638 : uset g_lang_init ""en_us""
00:00:02.638 : uset g_col_offset_factor ""1.0""
00:00:02.638 : uset g_col_fill_backface ""0""
00:00:02.638 : uset g_col_fill_alpha ""0.0""
00:00:02.638 : uset g_colbox ""0""
00:00:02.638 : uset g_radio_saved_state ""0""
00:00:02.638 : uset g_radio_stream_safe ""0""
00:00:02.638 : uset g_radio_mode ""2""
00:00:02.638 : uset g_ignore_low_fps ""0""
00:00:02.638 : uset g_truck_light_specular ""1""
00:00:02.638 : uset g_gfx_all_scales ""0""
00:00:02.638 : uset g_gfx_advanced ""1""
00:00:02.638 : uset g_gfx_quality ""3""
00:00:02.638 : uset g_hq_3d_scale ""0.0""
00:00:02.638 : uset g_hq_3d_screenshot ""0""
00:00:02.638 : uset g_menu_aa_limit ""8""
00:00:02.638 : uset g_additional_water_fov ""20.0f""
00:00:02.638 : uset g_water_reflect_actor ""0""
00:00:02.638 : uset g_rain_sensor ""1""
00:00:02.639 : uset g_rain_reflect_hookups ""1""
00:00:02.639 : uset g_rain_reflect_actor ""1""
00:00:02.639 : uset g_rain_reflect_traffic ""1""
00:00:02.639 : uset g_rain_reflect_cache ""1""
00:00:02.639 : uset g_rain_reflection ""3""
00:00:02.639 : uset g_reflection_scale ""1""
00:00:02.639 : uset g_reflection ""3""
00:00:02.639 : uset g_grass_density ""2""
00:00:02.639 : uset g_veg_detail ""2""
00:00:02.639 : uset g_save_indicator ""1""
00:00:02.639 : uset g_game_version ""1.60.1.8""
00:00:02.639 : uset g_force_online_lscrs ""0""
00:00:02.639 : uset g_hw_info ""1""
00:00:02.639 : uset g_glass_debugging_level ""0""
00:00:02.639 : uset g_line_sort ""0""
00:00:02.639 : uset g_cargo_sort ""1""
00:00:02.639 : uset g_bloom_standard_deviation ""0.5""
00:00:02.639 : uset g_bloom_override ""0""
00:00:02.639 : uset g_bloom ""1.0""
00:00:02.639 : uset g_global_force_load_selector ""0""
00:00:02.639 : uset g_desktop_fadeout ""30""
00:00:02.639 : uset g_item_check_speed ""-1""
00:00:02.639 : uset g_debug_allocators ""-1""
00:00:02.639 : uset g_suspension_auto_reset ""1""
00:00:02.639 : uset g_upshift_coef ""0.3""
00:00:02.639 : uset g_downshift_coef ""0.8""
00:00:02.639 : uset g_minicon ""1""
00:00:02.639 : uset g_console_state ""1""
00:00:02.639 : uset g_console ""1""
00:00:02.639 : uset g_fps ""1""
00:00:02.639 : uset ui_tooltip_delay ""0.4""
00:00:02.639 : uset r_imgui_scale ""1.0""
00:00:02.639 : uset r_vulkan_runtime """"
00:00:02.639 : uset r_windowed_borderless ""-1""
00:00:02.639 : uset r_fullscreen_borderless ""-1""
00:00:02.639 : uset r_fullscreen ""1""
00:00:02.640 : uset r_output ""-1""
00:00:02.640 : uset r_adapter ""-1""
00:00:02.640 : uset r_vsync ""1""
00:00:02.640 : uset r_anisotropy_factor ""1""
00:00:02.640 : uset r_texture_detail ""0""
00:00:02.640 : uset cf_beacon_light ""1""
00:00:02.640 : uset cf_asus_aura ""1""
00:00:02.640 : uset cf_razer_chroma ""1""
00:00:02.640 : uset v_bug_break ""0""
00:00:02.640 : uset t_ignore_hmd_timing ""0""
00:00:02.640 : uset t_limit_fps_inactive ""30""
00:00:02.640 : uset t_limit_fps ""300""
00:00:02.640 : uset t_locked_fps ""0""
00:00:02.640 : uset t_averaging_window_duration ""100""
00:00:02.640 : uset t_averaging_window_length ""10""
00:00:02.653 : [lang] Language autodetection: 409
00:00:02.723 : Selected language: en_us
00:00:02.723 : American Truck Simulator init ver.1.60.1.8s (rev. 26c95e307fd5)
00:00:02.724 : [gfx] Detected r_device cvar with override of rendering device 'dx11'.
00:00:02.724 : [gfx] Selected rendering device 'dx11'.
00:00:02.740 : [nvapi] NVAPI initialized
00:00:02.741 : [gfx] AGS not detected. (6)
00:00:02.928 : [net]  LOG INFO: Started
00:00:02.937 : [ACHIEVEMENTS] Loaded achievement data with 130 achievements.
00:00:02.937 : Setting UI reference mode to: 1440x900...
00:00:02.939 : [dxgi] Detected following adapters:
00:00:02.941 : [dxgi] 0 - NVIDIA GeForce RTX 5060 (32.0.15.9621) [7896 MB]
00:00:02.943 : [dxgi] Using adapter: NVIDIA GeForce RTX 5060 (32.0.15.9621) [7896 MB]
00:00:02.944 : [gfx] Using the DXGI display backend
00:00:03.310 : [dx11] Using SM5X rendering path
00:00:03.311 : [dxgi] Selected swapchain color mode:
00:00:03.311 : [disp] bt2100_pq (hdr) - BT.2100 PQ - R10G10B10A2_UNORM +native
00:00:03.331 : [win] new windowed size: 116 1
00:00:03.331 : Window resize notification received: 116 1
00:00:03.331 : [dxgi] Resizing backbuffers: 116 1 (flags: 800)
00:00:03.333 : [dx11] Backbuffer acquired
00:00:03.334 : [dx11] Backbuffer released
00:00:03.334 : [dxgi] Resizing backbuffers: 1440 900 (flags: 800)
00:00:03.336 : [dx11] Backbuffer acquired
00:00:03.337 : [disp] Adapter 0:  on DXGI backend
00:00:03.338 : [disp] Display 0 : \\.\DISPLAY1 - CRTC @ (0, 0, 2560, 1080)
00:00:03.338 : [disp] Detected color modes:
00:00:03.338 : [disp] bt2100_pq (hdr) - BT.2100 PQ - R10G10B10A2_UNORM +native
00:00:03.338 : [disp] scrgb (hdr) - scRGB - R16G16B16A16_FLOAT +native
00:00:03.338 : [disp] srgb (sdr) - sRGB - B8G8R8A8_UNORM_SRGB +native
00:00:03.338 : [disp] bt709_lim (sdr) - BT.709 Limited - B8G8R8A8_UNORM +native
00:00:03.338 : [disp] Display MinLum: 0.010000, MaxLum 1499.000000, MaxAvgLum: 799.000000
00:00:03.338 : [disp] Display 1 : \\.\DISPLAY2 - CRTC @ (2560, 0, 1920, 1080)
00:00:03.338 : [disp] Detected color modes:
00:00:03.338 : [disp] srgb (sdr) - sRGB - B8G8R8A8_UNORM_SRGB +native
00:00:03.338 : [disp] bt709_lim (sdr) - BT.709 Limited - B8G8R8A8_UNORM +native
00:00:03.338 : [disp] Display MinLum: 0.500000, MaxLum 270.000000, MaxAvgLum: 270.000000
00:00:03.689 : [r_effect] Rescan took 0.3s
00:00:03.900 : [sound] Available drivers: #3
00:00:03.900 : [sound] Driver 0 = Speakers (Wireless Stereo Headset) (48000 Hz) ({938432cc-c9eb-f34e-0925-fc1771c2d8d3})
00:00:03.900 : [sound] Driver 1 = Speakers (High Definition Audio Device) (192000 Hz) ({7d1787a8-70f2-910d-3ca2-5f4fe358cbbc})
00:00:03.900 : [sound] Driver 2 = LG HDR WFHD (NVIDIA High Definition Audio) (48000 Hz) ({654f8a32-4207-1b13-e908-13ad49d5a440})
00:00:04.071 : [sound] Selecting default audio driver (0).
00:00:04.167 : Game is running on Steamdeck: no, g_steam_steamdeck_mode 0
00:00:04.170 : [di8] Initializing device '@@keyboard@@' as 'keyboard'
00:00:04.171 : [di8] Initializing device '@@i_mouse@@' as 'mouse'
00:00:04.424 : <WARNING> [di8] Device detection did take 252ms, disabling interactive detections
00:00:04.424 : [di8] Initializing device 'Controller (Racing Wheel Apex)' as '{943D6D70-5495-11F1-8001-444553540000}|{00A40F0D-0000-0000-0000-504944564944}'
00:00:04.426 : [di8] Axis input 'x' with name 'X Axis'
00:00:04.426 : [di8] Axis input 'y' with name 'Y Axis'
00:00:04.426 : [di8] Axis input 'z' with name 'Z Axis'
00:00:04.426 : [di8] Axis input 'rx' with name 'X Rotation'
00:00:04.426 : [di8] Axis input 'ry' with name 'Y Rotation'
00:00:04.426 : [di8] Button input 'pov1_up' with name 'Hat Switch @@up@@'
00:00:04.426 : [di8] Button input 'pov1_right' with name 'Hat Switch @@right@@'
00:00:04.426 : [di8] Button input 'pov1_down' with name 'Hat Switch @@down@@'
00:00:04.426 : [di8] Button input 'pov1_left' with name 'Hat Switch @@left@@'
00:00:04.426 : [di8] Axis input 'pov1_x' with name 'Hat Switch @@x@@'
00:00:04.426 : [di8] Axis input 'pov1_y' with name 'Hat Switch @@y@@'
00:00:04.426 : [di8] Vector input 'pov1' with name 'Hat Switch'
00:00:04.426 : [di8] Button input 'b1' with name 'Button 0'
00:00:04.426 : [di8] Button input 'b2' with name 'Button 1'
00:00:04.426 : [di8] Button input 'b3' with name 'Button 2'
00:00:04.426 : [di8] Button input 'b4' with name 'Button 3'
00:00:04.426 : [di8] Button input 'b5' with name 'Button 4'
00:00:04.426 : [di8] Button input 'b6' with name 'Button 5'
00:00:04.426 : [di8] Button input 'b7' with name 'Button 6'
00:00:04.426 : [di8] Button input 'b8' with name 'Button 7'
00:00:04.426 : [di8] Button input 'b9' with name 'Button 8'
00:00:04.426 : [di8] Button input 'b10' with name 'Button 9'
00:00:04.426 : [di8] Button input 'left' with name '@@left@@'
00:00:04.426 : [di8] Button input 'right' with name '@@right@@'
00:00:04.426 : [di8] Button input 'up' with name '@@up@@'
00:00:04.426 : [di8] Button input 'down' with name '@@down@@'
00:00:04.456 : Using 'xinput_gamepad_1' ('@@xinput_gamepad@@ 1') as ui_joy.
00:00:04.675 : [THINT] Tutorial hint data loaded successfully
00:00:04.685 : [dx11] Backbuffer released
00:00:04.687 : [win] new windowed size: 136 44
00:00:04.687 : Window resize notification received: 136 44
00:00:04.687 : [dxgi] Resizing backbuffers: 136 44 (flags: 800)
00:00:04.689 : [dx11] Backbuffer acquired
00:00:04.690 : [win] new windowed size: 2560 1080
00:00:04.690 : Window resize notification received: 2560 1080
00:00:04.690 : [dx11] Backbuffer released
00:00:04.691 : [dxgi] Resizing backbuffers: 2560 1080 (flags: 800)
00:00:04.692 : [dx11] Backbuffer acquired
00:00:04.694 : [dx11] Backbuffer released
00:00:04.694 : [dxgi] Resizing backbuffers: 2560 1080 (flags: 800)
00:00:04.699 : [dx11] Backbuffer acquired
00:00:04.705 : Banlist loading...
00:00:04.705 : === BAN LIST ===
00:00:04.705 : ================
00:00:04.710 : dispatch
00:00:04.710 : server_cfg
00:00:04.713 : exit
00:00:04.818 : Enforcing 'floor_reflection: false' in '/model/ats_main_menu_garage/garage.pmd' scene - there are no parts to be customized for reflection.
00:00:05.325 : mm_flush_repeatedly
00:00:05.325 : [hashfs] 1.6X.X_Kenworth_T680_2022_JG.scs: Unmounted.
00:00:05.325 : [hashfs] Utility 3000R MX Sugoi Modding_SKIN.scs: Unmounted.
00:00:05.325 : [hashfs] Utility 3000R MX Sugoi Modding v1.1.scs: Unmounted.
00:00:05.325 : [zipfs] Updated SCS In Game Company Trucks & Trailers.scs: Unmounted
00:00:05.326 : [hashfs] Trucks&Trailers Wheels.scs: Unmounted.
00:00:05.326 : [hashfs] Trucks&Trailers Flares.scs: Unmounted.
00:00:05.326 : [hashfs] Trailer Pack Tanker.scs: Unmounted.
00:00:05.327 : [hashfs] Trailer Pack Refrigerators.scs: Unmounted.
00:00:05.327 : [hashfs] Trailer Pack LowBoy.scs: Unmounted.
00:00:05.328 : [hashfs] Trailer Pack Livestock.scs: Unmounted.
00:00:05.328 : [hashfs] Trailer Pack Hopper Bottom.scs: Unmounted.
00:00:05.328 : [hashfs] Trailer Pack Flatbed.scs: Unmounted.
00:00:05.329 : [hashfs] Tomb_Lode_King_stepdeck.scs: Unmounted.
00:00:05.329 : [zipfs] Tomb_Lode_King_Open_Def.scs: Unmounted
00:00:05.329 : [zipfs] Tomb_Lode_King_Cargo_Def.scs: Unmounted
00:00:05.329 : [zipfs] The Godfather's Kenworth T Series Trucks Skins Pack.scs: Unmounted
00:00:05.329 : [zipfs] Swc_Modding_Lights_Pack_0.2.6.scs: Unmounted
00:00:05.329 : [zipfs] SCS_Company_Skins_for_Ruda_Trucks_and_Trailers.scs: Unmounted
00:00:05.330 : [hashfs] Reforma_Sierra_Nevada_Remake_v1_16_160.scs: Unmounted.
00:00:05.330 : [hashfs] Reforma_ProMods_background_FIX_27_160.scs: Unmounted.
00:00:05.330 : [hashfs] Reforma_Pacifico_Beta_5_3_160.scs: Unmounted.
00:00:05.330 : [hashfs] Reforma_OtherMaps_Patch_37_160.scs: Unmounted.
00:00:05.330 : [hashfs] Reforma_Noreste_Beta_6_10_160.scs: Unmounted.
00:00:05.330 : [hashfs] Reforma_MegaResources_v2_9_9_160.scs: Unmounted.
00:00:05.330 : [hashfs] Reforma_Coahuila_Beta_2_9_160.scs: Unmounted.
00:00:05.330 : [hashfs] Reforma_Baja_Beta_4_4_160.scs: Unmounted.
00:00:05.330 : [hashfs] Reforma_2_9_9_160.scs: Unmounted.
00:00:05.330 : [hashfs] Reboque_Big_Tex_V2_ATS_1.60_Jean_Rittono_BQ.scs: Unmounted.
00:00:05.330 : [zipfs] realistic_rain_reflections_standalone_v1_2.scs: Unmounted
00:00:05.330 : [zipfs] RD_Moving_Ownable.scs: Unmounted
00:00:05.330 : [zipfs] project3xx_146.scs: Unmounted
00:00:05.330 : [hashfs] pm_light_pack.scs: Unmounted.
00:00:05.331 : [hashfs] PM_Kenworth_W900_v2.2.scs: Unmounted.
00:00:05.331 : [hashfs] Pj gooseneck trailer DN v18.11.25.scs: Unmounted.
00:00:05.331 : [hashfs] pj dump 16 feet by DN 18.11.25.scs: Unmounted.
00:00:05.331 : [hashfs] Pizzster_Modding_389_Skinable_Logos_v2.scs: Unmounted.
00:00:05.331 : [hashfs] Pizzster_Modding_389_SKIN_PACK.scs: Unmounted.
00:00:05.331 : [zipfs] Pizzster_Modding_389_KEY.scs: Unmounted
00:00:05.331 : [hashfs] Pizzster_Modding_389_ATS_1.60.scs: Unmounted.
00:00:05.331 : [hashfs] Pinga_389_v2.1.scs: Unmounted.
00:00:05.331 : [hashfs] pickups wheel pack by DN v18.11.25.scs: Unmounted.
00:00:05.331 : [hashfs] Pickup Trailers.scs: Unmounted.
00:00:05.331 : [zipfs] Peterbilt_389_MF_f489a.scs: Unmounted
00:00:05.332 : [zipfs] peterbilt.389xx.scs: Unmounted
00:00:05.332 : [hashfs] Pete 579.scs: Unmounted.
00:00:05.332 : [zipfs] Pete 579 SISL Pack Compatibility.scs: Unmounted
00:00:05.333 : [hashfs] Pete 579 Personal KEY.scs: Unmounted.
00:00:05.333 : [zipfs] Pete 579 Open Definition.scs: Unmounted
00:00:05.333 : [zipfs] Pete 579 DLC Toys Compatibility.scs: Unmounted
00:00:05.333 : [zipfs] Pete 579 DLC Steering Wheels Compatibility.scs: Unmounted
00:00:05.333 : [hashfs] Pete 362 Cabover.scs: Unmounted.
00:00:05.334 : [zipfs] Pete 362 Cabover SISL Pack Compatibility.scs: Unmounted
00:00:05.334 : [zipfs] Pete 362 Cabover Realistic Headlights.scs: Unmounted
00:00:05.335 : [hashfs] Pete 362 Cabover Personal KEY.scs: Unmounted.
00:00:05.335 : [zipfs] Pete 362 Cabover DLC Toys Compatibility.scs: Unmounted
00:00:05.335 : [zipfs] Pete 362 Cabover DLC Steering Wheels Compatibility.scs: Unmounted
00:00:05.335 : [zipfs] Pearl Paint.scs: Unmounted
00:00:05.335 : [hashfs] overweight_trailers_and_cargo_pack_by_Jazzycat_v6.2.1_ats.scs: Unmounted.
00:00:05.336 : [zipfs] Night Moves Ruda Peterbilt 389 Flat Top.scs: Unmounted
00:00:05.336 : [zipfs] MrBadMae's RGB Headlights.scs: Unmounted
00:00:05.336 : [zipfs] More American Cities (Washington - v1.5).scs: Unmounted
00:00:05.336 : [zipfs] More American Cities (v1.0).scs: Unmounted
00:00:05.336 : [zipfs] More American Cities (Utah - v1.3).scs: Unmounted
00:00:05.336 : [zipfs] More American Cities (Texas - v1.4).scs: Unmounted
00:00:05.336 : [zipfs] More American Cities (Oregon - v1.1).scs: Unmounted
00:00:05.336 : [zipfs] More American Cities (Oklahoma - v1.6).scs: Unmounted
00:00:05.336 : [zipfs] More American Cities (Nevada - v1.3).scs: Unmounted
00:00:05.336 : [zipfs] More American Cities (Idaho - v1.7).scs: Unmounted
00:00:05.336 : [zipfs] More American Cities (Colorado - v1.7).scs: Unmounted
00:00:05.336 : [zipfs] Modified_Peterbilt_389_144.scs: Unmounted
00:00:05.336 : [zipfs] lowpro_tires_rd.scs: Unmounted
00:00:05.336 : [hashfs] Lord G350.scs: Unmounted.
00:00:05.337 : [zipfs] Lord G350 SISL Pack Compatibility.scs: Unmounted
00:00:05.337 : [zipfs] Lord G350 DLC Toys Compatibility.scs: Unmounted
00:00:05.337 : [zipfs] LED_Mega_Pack_Open_Def.scs: Unmounted
00:00:05.337 : [zipfs] LED_Mega_Pack_Old_Flares.scs: Unmounted
00:00:05.337 : [zipfs] LED_Mega_Pack_Beacon_Patch.scs: Unmounted
00:00:05.337 : [hashfs] LED_Mega_Pack_All_Trucks_Hatreyu_Gaming_v1.8.4.scs: Unmounted.
00:00:05.337 : [zipfs] KW220.scs: Unmounted
00:00:05.337 : [hashfs] KW W900 Highway Killer.scs: Unmounted.
00:00:05.338 : [zipfs] KW W900 Highway Killer SISL Pack Compatibility.scs: Unmounted
00:00:05.338 : [zipfs] KW W900 Highway Killer Realistic Headlights.scs: Unmounted
00:00:05.338 : [zipfs] KW W900 Highway Killer DLC Toys Compatibility.scs: Unmounted
00:00:05.338 : [zipfs] KW W900 Highway Killer DLC Steering Wheels Compatibility.scs: Unmounted
00:00:05.338 : [hashfs] KSW_LightsPack.scs: Unmounted.
00:00:05.338 : [zipfs] K100 addons ratr0dev.scs: Unmounted
00:00:05.338 : [hashfs] JonRuda-389-Lowered-Suspension.scs: Unmounted.
00:00:05.338 : [hashfs] Jaspers.Steering_wheels_v.0.4.scs: Unmounted.
00:00:05.338 : [zipfs] Jaspers.Real_Eaton_Fuller_Transmissions_CAST_Addon.scs: Unmounted
00:00:05.338 : [zipfs] Jaspers.lowered_chassis.Kenworth_w900.scs: Unmounted
00:00:05.338 : [hashfs] Jaspers.lightpack_v.05_100_brightness.scs: Unmounted.
00:00:05.339 : [hashfs] Jaspers.Kenworth_w900_series_v1.scs: Unmounted.
00:00:05.339 : [zipfs] Jaspers.DEF_Steering_Creations_Pack.scs: Unmounted
00:00:05.339 : [zipfs] Jaspers.DEF_SISLs_Megapack.scs: Unmounted
00:00:05.339 : [zipfs] Jaspers.Dashboard_color_custom.scs: Unmounted
00:00:05.339 : [zipfs] HwyKillerCCpaint.scs: Unmounted
00:00:05.339 : [zipfs] HICKLYFES_HATERBILT_PINUPS_SKINPACK.scs: Unmounted
00:00:05.339 : [zipfs] Haterbilt_v4.9.1_389viper2_ATS_ETS2_by_Hatreyu_Gaming.scs: Unmounted
00:00:05.339 : [zipfs] Haterbilt_Open_Def.scs: Unmounted
00:00:05.339 : [zipfs] Haterbilt_Ol-Skool_Skinpack.scs: Unmounted
00:00:05.339 : [zipfs] Haterbilt_ETS2_Cabin_Patch.scs: Unmounted
00:00:05.339 : [zipfs] Haterbilt_Chrome_New_Shine.scs: Unmounted
00:00:05.339 : [zipfs] Haterbilt_Chrome_Darker.scs: Unmounted
00:00:05.339 : [zipfs] Hater_Brighter_Headlights.scs: Unmounted
00:00:05.339 : [zipfs] Gulf Oil combo.scs: Unmounted
00:00:05.339 : [hashfs] gmc sierrra hd 2024 by dn v17.2.26.scs: Unmounted.
00:00:05.340 : [hashfs] Freightshaker Coronado SD.scs: Unmounted.
00:00:05.340 : [zipfs] Freightshaker Coronado SD SISL Pack Compatibity.scs: Unmounted
00:00:05.340 : [hashfs] Freightshaker Coronado SD Personal KEY.scs: Unmounted.
00:00:05.340 : [zipfs] Freightshaker Coronado SD Open Definition.scs: Unmounted
00:00:05.341 : [zipfs] Freightshaker Coronado SD DLC Toys Compatibility.scs: Unmounted
00:00:05.341 : [zipfs] Freightshaker Coronado SD DLC Steering Wheels Compatibility.scs: Unmounted
00:00:05.341 : [zipfs] Freightshaker Classic XL SISL Pack Compatibility.scs: Unmounted
00:00:05.341 : [zipfs] Freightshaker Classic XL Realistic Headlights.scs: Unmounted
00:00:05.341 : [hashfs] Freightshaker Classic XL Personal KEY.scs: Unmounted.
00:00:05.341 : [zipfs] Freightshaker Classic XL DLC Toys Compatibility.scs: Unmounted
00:00:05.341 : [zipfs] Freightshaker Classic XL DLC Steering Wheels Compatibility.scs: Unmounted
00:00:05.342 : [hashfs] Freightshaker Classic XL ATS.scs: Unmounted.
00:00:05.342 : [zipfs] Freightshaker Cascadia 125 SISL Pack Compatibility.scs: Unmounted
00:00:05.342 : [zipfs] Freightshaker Cascadia 125 Realistic Headlights.scs: Unmounted
00:00:05.342 : [hashfs] Freightshaker Cascadia 125 Personal KEY.scs: Unmounted.
00:00:05.343 : [zipfs] Freightshaker Cascadia 125 Open Definition.scs: Unmounted
00:00:05.343 : [zipfs] Freightshaker Cascadia 125 DLC Toys Compatibility.scs: Unmounted
00:00:05.343 : [zipfs] Freightshaker Cascadia 125 DLC Steering Wheels Compatibility.scs: Unmounted
00:00:05.343 : [hashfs] Freightshaker Cascadia 125 ATS.scs: Unmounted.
00:00:05.343 : [zipfs] Freightliner_FLC_Renenate.scs: Unmounted
00:00:05.343 : [zipfs] Freightliner_FLB_Renenate.scs: Unmounted
00:00:05.343 : [zipfs] Freightliner Cascadia Enhanced v1.5.5.2.scs: Unmounted
00:00:05.343 : [zipfs] flatline_lights_renenate.scs: Unmounted
00:00:05.344 : [hashfs] Engine Sounds.scs: Unmounted.
00:00:05.344 : [zipfs] DNA_v1.7.8.scs: Unmounted
00:00:05.344 : [zipfs] DNA_C2C_ATS_Exp_Connections_v1.4.0.1.scs: Unmounted
00:00:05.344 : [hashfs] DLC Wrecker.scs: Unmounted.
00:00:05.344 : [zipfs] Custom Skin Pack Kenworth W990.scs: Unmounted
00:00:05.345 : [zipfs] CT_Bullrack.scs: Unmounted
00:00:05.345 : [zipfs] Coast_to_Coast_v2.23.60.0.scs: Unmounted
00:00:05.345 : [hashfs] BladeShop_LTL_9000_ATS_1.60.scs: Unmounted.
00:00:05.345 : [hashfs] benson enclosed trailer v20.11.25.scs: Unmounted.
00:00:05.345 : [zipfs] ATS_Expansion_v22.0_1.60.scs: Unmounted
00:00:05.345 : [zipfs] ATS_Expansion_v22.0_1.60.scs: Unmounted
00:00:05.345 : [hashfs] ATS_1.61_TRAILER_ARCTIC_LOGS_TRAILERS_v9.0_LITE_by_CyrusTheVirus.scs: Unmounted.
00:00:05.345 : [hashfs] ATS_1.60_TRAILER_TRANSCRAFT_TRAILERS_COLLECTION_v2.0_LITE_by_CyrusTheVirus.scs.scs: Unmounted.
00:00:05.346 : [hashfs] ATS_1.60_TRAILER_GREAT_DANE_COLLECTION_v4.0_LITE_by_CyrusTheVirus.scs: Unmounted.
00:00:05.346 : [hashfs] ATS_1.60_TRAILER_ASPEN_OILFIELD_HIGHBOY_v1.0_LITE_by_CyrusTheVirus.scs: Unmounted.
00:00:05.346 : [zipfs] ATS Exp Cargo Addon 090826 PE.scs: Unmounted
00:00:05.346 : [hashfs] alka kenworth w990.custom.1.60.scs: Unmounted.
00:00:05.346 : [zipfs] alka kenworth w990 custom.1.60.x_key and open def.scs: Unmounted
00:00:05.346 : [hashfs] ai_traffic_pack_by_Jazzycat_v16.6.7_ats.scs: Unmounted.
00:00:05.347 : [zipfs] 3XX PNW Truck and Trailer V3.7.scs: Unmounted
00:00:05.347 : [zipfs] 30in_wheelpack_v2.scs: Unmounted
00:00:05.347 : [zipfs] 24in_wheelpack.scs: Unmounted
00:00:05.408 : [fs] device C:/SteamLibrary/steamapps/common/American Truck Simulator/dlc_ar.scs mounted to scs pool.
00:00:05.408 : [fs] device C:/SteamLibrary/steamapps/common/American Truck Simulator/dlc_arizona.scs mounted to scs pool.
00:00:05.408 : [fs] device C:/SteamLibrary/steamapps/common/American Truck Simulator/dlc_bobcat.scs mounted to scs pool.
00:00:05.408 : [fs] device C:/SteamLibrary/steamapps/common/American Truck Simulator/dlc_christmas.scs mounted to scs pool.
00:00:05.408 : [fs] device C:/SteamLibrary/steamapps/common/American Truck Simulator/dlc_co.scs mounted to scs pool.
00:00:05.408 : [fs] device C:/SteamLibrary/steamapps/common/American Truck Simulator/dlc_dragon.scs mounted to scs pool.
00:00:05.408 : [fs] device C:/SteamLibrary/steamapps/common/American Truck Simulator/dlc_farm_machinery.scs mounted to scs pool.
00:00:05.408 : [fs] device C:/SteamLibrary/steamapps/common/American Truck Simulator/dlc_forest_harvesting.scs mounted to scs pool.
00:00:05.408 : [fs] device C:/SteamLibrary/steamapps/common/American Truck Simulator/dlc_freightliner_cascadia2019.scs mounted to scs pool.
00:00:05.408 : [fs] device C:/SteamLibrary/steamapps/common/American Truck Simulator/dlc_freightliner_cascadia2024.scs mounted to scs pool.
00:00:05.409 : [fs] device C:/SteamLibrary/steamapps/common/American Truck Simulator/dlc_goodyear.scs mounted to scs pool.
00:00:05.409 : [fs] device C:/SteamLibrary/steamapps/common/American Truck Simulator/dlc_halloween.scs mounted to scs pool.
00:00:05.409 : [fs] device C:/SteamLibrary/steamapps/common/American Truck Simulator/dlc_heavy_cargo.scs mounted to scs pool.
00:00:05.409 : [fs] device C:/SteamLibrary/steamapps/common/American Truck Simulator/dlc_ia.scs mounted to scs pool.
00:00:05.409 : [fs] device C:/SteamLibrary/steamapps/common/American Truck Simulator/dlc_id.scs mounted to scs pool.
00:00:05.409 : [fs] device C:/SteamLibrary/steamapps/common/American Truck Simulator/dlc_il.scs mounted to scs pool.
00:00:05.409 : [fs] device C:/SteamLibrary/steamapps/common/American Truck Simulator/dlc_international_9900i.scs mounted to scs pool.
00:00:05.409 : [fs] device C:/SteamLibrary/steamapps/common/American Truck Simulator/dlc_international_lonestar.scs mounted to scs pool.
00:00:05.409 : [fs] device C:/SteamLibrary/steamapps/common/American Truck Simulator/dlc_international_lt.scs mounted to scs pool.
00:00:05.409 : [fs] device C:/SteamLibrary/steamapps/common/American Truck Simulator/dlc_jcb.scs mounted to scs pool.
00:00:05.409 : [fs] device C:/SteamLibrary/steamapps/common/American Truck Simulator/dlc_kenworth_t680.scs mounted to scs pool.
00:00:05.410 : [fs] device C:/SteamLibrary/steamapps/common/American Truck Simulator/dlc_kenworth_t680_2022.scs mounted to scs pool.
00:00:05.410 : [fs] device C:/SteamLibrary/steamapps/common/American Truck Simulator/dlc_kenworth_w900.scs mounted to scs pool.
00:00:05.410 : [fs] device C:/SteamLibrary/steamapps/common/American Truck Simulator/dlc_krone_agriculture.scs mounted to scs pool.
00:00:05.410 : [fs] device C:/SteamLibrary/steamapps/common/American Truck Simulator/dlc_ks.scs mounted to scs pool.
00:00:05.410 : [fs] device C:/SteamLibrary/steamapps/common/American Truck Simulator/dlc_la.scs mounted to scs pool.
00:00:05.410 : [fs] device C:/SteamLibrary/steamapps/common/American Truck Simulator/dlc_lodeking.scs mounted to scs pool.
00:00:05.410 : [fs] device C:/SteamLibrary/steamapps/common/American Truck Simulator/dlc_mack_anthem.scs mounted to scs pool.
00:00:05.410 : [fs] device C:/SteamLibrary/steamapps/common/American Truck Simulator/dlc_mack_pinnacle.scs mounted to scs pool.
00:00:05.410 : [fs] device C:/SteamLibrary/steamapps/common/American Truck Simulator/dlc_michelin.scs mounted to scs pool.
00:00:05.411 : [fs] device C:/SteamLibrary/steamapps/common/American Truck Simulator/dlc_mo.scs mounted to scs pool.
00:00:05.411 : [fs] device C:/SteamLibrary/steamapps/common/American Truck Simulator/dlc_mt.scs mounted to scs pool.
00:00:05.411 : [fs] device C:/SteamLibrary/steamapps/common/American Truck Simulator/dlc_ne.scs mounted to scs pool.
00:00:05.411 : [fs] device C:/SteamLibrary/steamapps/common/American Truck Simulator/dlc_neon.scs mounted to scs pool.
00:00:05.411 : [fs] device C:/SteamLibrary/steamapps/common/American Truck Simulator/dlc_nevada.scs mounted to scs pool.
00:00:05.411 : [fs] device C:/SteamLibrary/steamapps/common/American Truck Simulator/dlc_nm.scs mounted to scs pool.
00:00:05.411 : [fs] device C:/SteamLibrary/steamapps/common/American Truck Simulator/dlc_ok.scs mounted to scs pool.
00:00:05.411 : [fs] device C:/SteamLibrary/steamapps/common/American Truck Simulator/dlc_or.scs mounted to scs pool.
00:00:05.411 : [fs] device C:/SteamLibrary/steamapps/common/American Truck Simulator/dlc_oversize.scs mounted to scs pool.
00:00:05.411 : [fs] device C:/SteamLibrary/steamapps/common/American Truck Simulator/dlc_peterbilt_389.scs mounted to scs pool.
00:00:05.411 : [fs] device C:/SteamLibrary/steamapps/common/American Truck Simulator/dlc_peterbilt_579.scs mounted to scs pool.
00:00:05.411 : [fs] device C:/SteamLibrary/steamapps/common/American Truck Simulator/dlc_pink_ribbon.scs mounted to scs pool.
00:00:05.412 : [fs] device C:/SteamLibrary/steamapps/common/American Truck Simulator/dlc_rims.scs mounted to scs pool.
00:00:05.412 : [fs] device C:/SteamLibrary/steamapps/common/American Truck Simulator/dlc_sci_st_wheels.scs mounted to scs pool.
00:00:05.412 : [fs] device C:/SteamLibrary/steamapps/common/American Truck Simulator/dlc_space.scs mounted to scs pool.
00:00:05.412 : [fs] device C:/SteamLibrary/steamapps/common/American Truck Simulator/dlc_sports.scs mounted to scs pool.
00:00:05.412 : [fs] device C:/SteamLibrary/steamapps/common/American Truck Simulator/dlc_steampunk.scs mounted to scs pool.
00:00:05.412 : [fs] device C:/SteamLibrary/steamapps/common/American Truck Simulator/dlc_stripes.scs mounted to scs pool.
00:00:05.412 : [fs] device C:/SteamLibrary/steamapps/common/American Truck Simulator/dlc_toys.scs mounted to scs pool.
00:00:05.412 : [fs] device C:/SteamLibrary/steamapps/common/American Truck Simulator/dlc_tx.scs mounted to scs pool.
00:00:05.413 : [fs] device C:/SteamLibrary/steamapps/common/American Truck Simulator/dlc_ut.scs mounted to scs pool.
00:00:05.413 : [fs] device C:/SteamLibrary/steamapps/common/American Truck Simulator/dlc_valentine.scs mounted to scs pool.
00:00:05.413 : [fs] device C:/SteamLibrary/steamapps/common/American Truck Simulator/dlc_volvo_construction.scs mounted to scs pool.
00:00:05.413 : [fs] device C:/SteamLibrary/steamapps/common/American Truck Simulator/dlc_volvo_vnl.scs mounted to scs pool.
00:00:05.413 : [fs] device C:/SteamLibrary/steamapps/common/American Truck Simulator/dlc_volvo_vnl2018.scs mounted to scs pool.
00:00:05.413 : [fs] device C:/SteamLibrary/steamapps/common/American Truck Simulator/dlc_volvo_vnl2025.scs mounted to scs pool.
00:00:05.413 : [fs] device C:/SteamLibrary/steamapps/common/American Truck Simulator/dlc_volvo_vnr_e.scs mounted to scs pool.
00:00:05.413 : [fs] device C:/SteamLibrary/steamapps/common/American Truck Simulator/dlc_w900_tuning.scs mounted to scs pool.
00:00:05.414 : [fs] device C:/SteamLibrary/steamapps/common/American Truck Simulator/dlc_wa.scs mounted to scs pool.
00:00:05.414 : [fs] device C:/SteamLibrary/steamapps/common/American Truck Simulator/dlc_western.scs mounted to scs pool.
00:00:05.414 : [fs] device C:/SteamLibrary/steamapps/common/American Truck Simulator/dlc_westernstar_49x.scs mounted to scs pool.
00:00:05.414 : [fs] device C:/SteamLibrary/steamapps/common/American Truck Simulator/dlc_westernstar_5700xe.scs mounted to scs pool.
00:00:05.414 : [fs] device C:/SteamLibrary/steamapps/common/American Truck Simulator/dlc_westernstar_57x.scs mounted to scs pool.
00:00:05.414 : [fs] device C:/SteamLibrary/steamapps/common/American Truck Simulator/dlc_wy.scs mounted to scs pool.
00:00:05.467 : [ufs] scs pool: 69 packs, 374368 files, 28291 dirs
00:00:05.474 : uset s_cbeffects_mute ""0""
00:00:05.474 : uset s_voiceover_mute ""0""
00:00:05.474 : uset s_intro_music_mute ""0""
00:00:05.474 : uset s_ui_music_mute ""0""
00:00:05.474 : uset s_ui_mute ""0""
00:00:05.474 : uset s_navigation_mute ""0""
00:00:05.474 : uset s_music_mute ""0""
00:00:05.474 : uset s_radio_mute ""0""
00:00:05.474 : uset s_interior_mute ""0""
00:00:05.474 : uset s_ambient_mute ""0""
00:00:05.474 : uset s_world_mute ""0""
00:00:05.474 : uset s_traffic_mute ""0""
00:00:05.474 : uset s_trailer_mute ""0""
00:00:05.474 : uset s_truck_noise_mute ""0""
00:00:05.474 : uset s_truck_effects_mute ""0""
00:00:05.474 : uset s_truck_turbo_mute ""0""
00:00:05.474 : uset s_truck_exhaust_mute ""0""
00:00:05.474 : uset s_truck_engine_mute ""0""
00:00:05.474 : uset s_master_mute ""0""
00:00:05.474 : uset s_cbeffects_volume ""0.5""
00:00:05.474 : uset s_voiceover_volume ""0.5""
00:00:05.474 : uset s_intro_music_volume ""0.19""
00:00:05.474 : uset s_ui_music_volume ""0.09""
00:00:05.474 : uset s_ui_volume ""0.5""
00:00:05.474 : uset s_navigation_volume ""0.5""
00:00:05.474 : uset s_music_volume ""0.3""
00:00:05.474 : uset s_radio_volume ""0.5""
00:00:05.474 : uset s_interior_volume ""0.5""
00:00:05.474 : uset s_ambient_volume ""0.5""
00:00:05.474 : uset s_world_volume ""0.5""
00:00:05.474 : uset s_traffic_volume ""0.5""
00:00:05.474 : uset s_trailer_volume ""0.74""
00:00:05.474 : uset s_truck_noise_volume ""0.5""
00:00:05.474 : uset s_truck_effects_volume ""0.63""
00:00:05.474 : uset s_truck_turbo_volume ""0.89""
00:00:05.474 : uset s_truck_exhaust_volume ""0.77""
00:00:05.474 : uset s_truck_engine_volume ""0.75""
00:00:05.474 : uset s_master_volume ""0.28""
00:00:05.474 : uset r_interior ""1""
00:00:05.474 : uset r_steering_wheel ""1""
00:00:05.474 : uset g_eye_preset_5 """"
00:00:05.474 : uset g_eye_preset_4 """"
00:00:05.475 : uset g_eye_preset_3 """"
00:00:05.475 : uset g_eye_preset_2 """"
00:00:05.475 : uset g_eye_preset_1 """"
00:00:05.475 : uset g_eye_enable ""0""
00:00:05.475 : uset g_cam_interior_zoom ""0""
00:00:05.475 : uset g_cam_window_block ""0.0""
00:00:05.475 : uset g_toy_physics ""1""
00:00:05.475 : uset g_cam_auto_move_interior_mult ""1.6""
00:00:05.475 : uset g_cam_auto_move_speed ""0.0""
00:00:05.475 : uset g_cam_auto_center_delay ""0.0""
00:00:05.475 : uset g_cam_steering_reverse ""1""
00:00:05.475 : uset g_cam_steering_value ""1.0""
00:00:05.475 : uset g_cam_steering ""0""
00:00:05.475 : uset g_pedal_clutch_range ""1.0""
00:00:05.475 : uset g_brake_intensity ""1.0""
00:00:05.475 : uset g_steer_anim_range ""900""
00:00:05.475 : uset g_steer_autocenter ""1""
00:00:05.475 : uset g_clutch_brake ""0.0""
00:00:05.475 : uset g_hshifter_synchronized ""1""
00:00:05.475 : uset g_hshifter_split ""3""
00:00:05.475 : uset g_hshifter_layout_shifting ""1""
00:00:05.475 : uset g_hshifter_layout ""splitter""
00:00:05.475 : uset g_trans ""0""
00:00:05.475 : uset g_baked_vehicle ""1""
00:00:05.475 : uset g_force_economy_reset ""0""
00:00:05.475 : uset g_input_configured ""0""
00:00:05.475 : uset s_reverb_world ""1""
00:00:05.475 : uset s_reverb_cabin ""1""
00:00:05.475 : uset s_noise_aero ""1""
00:00:05.475 : uset s_noise_windows ""1""
00:00:05.475 : uset s_rumble_enabled ""1""
00:00:05.475 : uset s_reverse_enabled ""1""
00:00:05.475 : uset s_cb_radio_beep_type ""roger01""
00:00:05.475 : uset s_cb_radio_beep_own ""0""
00:00:05.475 : uset s_cb_radio_beep_enabled ""1""
00:00:05.475 : uset s_cb_radio_noise_enabled ""1""
00:00:05.475 : uset g_show_returning_player_prompt ""1""
00:00:05.475 : uset g_last_played_hours ""496448""
00:00:05.475 : uset g_show_tutorial_hints ""1""
00:00:05.475 : uset g_mp_name_tags ""1""
00:00:05.475 : uset g_chat_fade_out_timer ""5""
00:00:05.475 : uset g_chat_partial_fade_out ""0""
00:00:05.475 : uset g_chat_activate ""1""
00:00:05.475 : uset g_chat_close_automatic ""0""
00:00:05.475 : uset g_disable_beacons ""0""
00:00:05.475 : uset g_show_game_blockers ""1""
00:00:05.476 : uset g_show_game_elements ""1""
00:00:05.476 : uset g_hmd_no_3d_background ""0""
00:00:05.476 : uset g_hmd_no_special_menu ""0""
00:00:05.476 : uset g_hmd_reduced_cabin_movement ""1""
00:00:05.476 : uset g_hmd_no_artifical_movement ""0""
00:00:05.476 : uset g_eye_pause_gaze ""3000""
00:00:05.476 : uset g_eye_pause ""0""
00:00:05.476 : uset g_cam_blinker ""0""
00:00:05.476 : uset g_camera_horizon_lock ""0.5""
00:00:05.476 : uset g_cam_physics_value ""1.0""
00:00:05.476 : uset g_cam_physics ""1""
00:00:05.476 : uset g_blind_spot ""1""
00:00:05.476 : uset g_throttle_double_tap ""1""
00:00:05.476 : uset g_lane_assistant ""2""
00:00:05.476 : uset g_emergency_brake_mode ""1""
00:00:05.476 : uset g_emergency_brake ""0""
00:00:05.476 : uset g_acc ""40""
00:00:05.476 : uset g_auto_diff_lock ""1""
00:00:05.476 : uset g_automatic_high_beams ""1""
00:00:05.476 : uset g_automatic_headlights ""1""
00:00:05.476 : uset g_blinker_auto_off ""1""
00:00:05.476 : uset g_cruise_control_smart ""10""
00:00:05.476 : uset g_cruise_control_grid ""5.0""
00:00:05.476 : uset g_adaptive_shift ""0.0""
00:00:05.476 : uset g_fuel_simulation ""1""
00:00:05.476 : uset g_hardcore_simulation ""0""
00:00:05.476 : uset g_reg_setting ""reg_setting.usa""
00:00:05.476 : uset g_brake_light_all ""0""
00:00:05.476 : uset g_use_speed_limiter ""0""
00:00:05.476 : uset g_hud_speed_warning ""0""
00:00:05.476 : uset g_hud_speed_limit ""1""
00:00:05.476 : uset g_axle_drop_auto ""1""
00:00:05.476 : uset g_engine_start_auto ""1""
00:00:05.476 : uset g_hill_brake_assist ""1""
00:00:05.476 : uset g_motor_brake_auto ""1""
00:00:05.476 : uset g_retarder_auto ""1""
00:00:05.476 : uset g_cabin_suspension_stiffness ""0.82""
00:00:05.476 : uset g_suspension_stiffness ""0.85""
00:00:05.476 : uset g_trailer_stability ""0.395""
00:00:05.476 : uset g_driveshaft_torque ""1""
00:00:05.476 : uset g_truck_stability ""0.45""
00:00:05.476 : uset g_mpg ""0""
00:00:05.476 : uset g_gallon ""1""
00:00:05.476 : uset g_psi ""1""
00:00:05.476 : uset g_fahrenheit ""1""
00:00:05.476 : uset g_pounds ""lb_only""
00:00:05.476 : uset g_mph ""1""
00:00:05.476 : uset g_road_events ""1.0""
00:00:05.476 : uset g_detours ""1.0""
00:00:05.476 : uset g_online_billboards ""1""
00:00:05.476 : uset g_name_localization_secondary ""0""
00:00:05.477 : uset g_name_localization ""1""
00:00:05.477 : uset g_lang_set ""1""
00:00:05.477 : uset g_lang ""en_us""
00:00:05.477 : uset g_cutscenes ""1""
00:00:05.477 : uset g_phys_mirrors ""0""
00:00:05.477 : uset g_world_map_zoom ""4""
00:00:05.477 : uset g_cargo_load_require_park_brake ""0""
00:00:05.477 : uset g_cargo_load_require_engine_off ""1""
00:00:05.477 : uset g_relocate_truck_and_driver_tog ""1""
00:00:05.477 : uset g_desktop_tour ""0""
00:00:05.477 : uset g_event_desktop_bcg_change ""0""
00:00:05.477 : uset g_event_desktop_bcg_restore ""config""
00:00:05.477 : uset g_last_event_desktop_bcg_change ""0""
00:00:05.477 : uset g_show_always_wotr_event ""0""
00:00:05.477 : uset g_last_wotr_event_start ""0""
00:00:05.477 : uset g_multiplayer_backup_index ""-1""
00:00:05.477 : uset g_autoload_ignore_autosave ""0""
00:00:05.477 : uset g_start_in_truck ""0""
00:00:05.477 : uset g_park_brake_init ""0""
00:00:05.477 : uset g_trailer_advanced_coupling ""0""
00:00:05.477 : uset g_parking_difficulty ""0""
00:00:05.477 : uset g_simple_parking_doubles ""1""
00:00:05.477 : uset g_speed_warning ""0""
00:00:05.477 : uset g_voice_navigation_pack """"
00:00:05.477 : uset g_voice_navigation ""0""
00:00:05.477 : uset g_job_distance ""1.0""
00:00:05.477 : uset g_job_distance_limit ""-1.0""
00:00:05.477 : uset g_income_factor ""1.0""
00:00:05.477 : uset g_currency ""0""
00:00:05.477 : uset g_bad_weather_factor ""0.07""
00:00:05.477 : uset g_truck_analysis_fold ""0""
00:00:05.477 : uset g_desktop_rnd ""1""
00:00:05.477 : uset g_desktop_bcg ""config.waves""
00:00:05.477 : uset g_ui_map_align ""1""
00:00:05.477 : uset g_gps_routing_mode ""0""
00:00:05.477 : uset g_gps_navigation ""3""
00:00:05.478 : uset g_heavy_cargo_popup ""1""
00:00:05.478 : uset g_hud_notifications_keep_hidden ""0""
00:00:05.478 : uset g_mirrors_keep_hidden ""0""
00:00:05.478 : uset g_mirrors_visibility_setup ""10""
00:00:05.478 : uset g_mirrors ""2""
00:00:05.478 : uset g_adviser_eta ""1""
00:00:05.478 : uset g_adviser_radio_widget_visibili ""3""
00:00:05.478 : uset g_adviser_running_message ""1""
00:00:05.478 : uset g_adviser_auto_parking ""1""
00:00:05.478 : uset g_adviser_keep_hidden ""0""
00:00:05.478 : uset g_adviser_alpha ""0.8""
00:00:05.478 : uset g_adviser ""-1""
00:00:05.478 : uset g_desktop_tutorial ""1""
00:00:05.478 : uset g_mandatory_break ""1""
00:00:05.478 : uset g_fatigue ""1""
00:00:05.478 : uset g_time_zones ""0""
00:00:05.478 : uset g_police ""1""
00:00:05.478 : uset g_subtitles ""0""
00:00:05.478 : uset g_clock_24 ""0""
00:00:05.479 : [GET FILES] File /home/steam_profiles/6672616E6B2E646967676133/ffb_lut.sii does not exist.
00:00:05.562 : [GET FILES] File /steam/profiles/6672616E6B2E646967676133/quick_replies.sii does not exist.
00:00:05.567 : [THINT] Reset progress of all hints
00:00:05.567 : [THINT] Loading tutorial hint save data...
00:00:05.572 : [THINT] Tutorial hint save data loaded successfully
00:00:05.572 : Set profile finished: 'frank.digga3'
00:00:05.572 : Profile type: PC_steam_cloud
00:00:05.645 : New profile selected: 'frank.digga3'
00:00:06.762 : [zipfs] ms2_content.zip: Created, 17 entries
00:00:06.762 : [zipfs] ms2_content.zip: Unmounted
00:00:06.764 : [zipfs] universal.zip: Created, 106 entries
00:00:06.765 : [zipfs] universal.zip: Unmounted
00:00:06.766 : [zipfs] ms2_content.zip: Created, 99 entries
00:00:06.767 : [zipfs] ms2_content.zip: Unmounted
00:00:06.768 : [zipfs] ms2_content.zip: Created, 19 entries
00:00:06.769 : [zipfs] ms2_content.zip: Unmounted
00:00:06.769 : [hashfs] rvm_g56.scs: Created, 26 entries
00:00:06.770 : [hashfs] rvm_g56.scs: Unmounted.
00:00:06.771 : [zipfs] heaven.zip: Created, 23 entries
00:00:06.771 : [zipfs] heaven.zip: Unmounted
00:00:06.774 : [zipfs] ms2_content.zip: Created, 47 entries
00:00:06.774 : [zipfs] ms2_content.zip: Unmounted
00:00:06.777 : [zipfs] universal.zip: Created, 46 entries
00:00:06.777 : [zipfs] universal.zip: Unmounted
00:00:06.790 : [zipfs] aiopack.zip: Created, 10759 entries
00:00:06.790 : [zipfs] aiopack.zip: Unmounted
00:00:06.791 : [zipfs] universal.zip: Created, 21 entries
00:00:06.791 : [zipfs] universal.zip: Unmounted
00:00:06.794 : [zipfs] universal.zip: Created, 23 entries
00:00:06.794 : [zipfs] universal.zip: Unmounted
00:00:06.797 : [zipfs] universal.zip: Created, 23 entries
00:00:06.797 : [zipfs] universal.zip: Unmounted
00:00:06.798 : [zipfs] universal.zip: Created, 23 entries
00:00:06.798 : [zipfs] universal.zip: Unmounted
00:00:06.800 : [zipfs] obel_bore_led_v19.zip: Created, 245 entries
00:00:06.800 : [zipfs] obel_bore_led_v19.zip: Unmounted
00:00:06.802 : [zipfs] universal.zip: Created, 31 entries
00:00:06.802 : [zipfs] universal.zip: Unmounted
00:00:06.803 : [zipfs] candy.zip: Created, 31 entries
00:00:06.803 : [zipfs] candy.zip: Unmounted
00:00:06.804 : [zipfs] universal.zip: Created, 43 entries
00:00:06.804 : [zipfs] universal.zip: Unmounted
00:00:06.806 : <ERROR> [fs] Failed to open file '/versions.sii' in the read_only mode.
00:00:06.806 : <ERROR> [unit] File '<MISSING><SYSFS>/versions.sii', line 8:
00:00:06.806 : <ERROR> Expecting end of file, found '{'
00:00:06.809 : [zipfs] universal.zip: Created, 23 entries
00:00:06.809 : [zipfs] universal.zip: Unmounted
00:00:06.809 : [zipfs] creamy.zip: Created, 35 entries
00:00:06.810 : [zipfs] creamy.zip: Unmounted
00:00:06.810 : [hashfs] universal.zip: Created, 82 entries
00:00:06.811 : [hashfs] universal.zip: Unmounted.
00:00:06.811 : <ERROR> [mod_package_manager] Unable to open location ""C:/SteamLibrary/steamapps/workshop/content/270880/2912091181/universal"" for reading manifest. (package name: mod_workshop_package.00000000AD92FC2D, published file id: 2912091181)
00:00:06.814 : [zipfs] ms2_content.zip: Created, 35 entries
00:00:06.814 : [zipfs] ms2_content.zip: Unmounted
00:00:06.815 : [zipfs] ms2_content.zip: Created, 131 entries
00:00:06.815 : [zipfs] ms2_content.zip: Unmounted
00:00:06.817 : [zipfs] jp_parts_v2.zip: Created, 509 entries
00:00:06.817 : [zipfs] jp_parts_v2.zip: Unmounted
00:00:06.818 : <WARNING> [mods] No valid categories defined for mod_workshop_package.00000000A9C47BF1. Setting defaults.
00:00:06.819 : [zipfs] universal.zip: Created, 238 entries
00:00:06.819 : [zipfs] universal.zip: Unmounted
00:00:06.819 : [zipfs] ms2_content.zip: Created, 27 entries
00:00:06.819 : [zipfs] ms2_content.zip: Unmounted
00:00:06.822 : [zipfs] universal.zip: Created, 33 entries
00:00:06.822 : [zipfs] universal.zip: Unmounted
00:00:06.822 : [hashfs] universal.zip: Created, 32 entries
00:00:06.823 : [hashfs] universal.zip: Unmounted.
00:00:06.823 : <ERROR> [mod_package_manager] Unable to open location ""C:/SteamLibrary/steamapps/workshop/content/270880/2946786320/universal"" for reading manifest. (package name: mod_workshop_package.00000000AFA46410, published file id: 2946786320)
00:00:06.824 : [zipfs] universal.zip: Created, 33 entries
00:00:06.824 : [zipfs] universal.zip: Unmounted
00:00:06.830 : [zipfs] latest.zip: Created, 4843 entries
00:00:06.830 : [zipfs] latest.zip: Unmounted
00:00:06.831 : [zipfs] universal.zip: Created, 21 entries
00:00:06.831 : [zipfs] universal.zip: Unmounted
00:00:06.832 : [zipfs] universal.zip: Created, 74 entries
00:00:06.832 : [zipfs] universal.zip: Unmounted
00:00:06.834 : [zipfs] universal.zip: Created, 23 entries
00:00:06.834 : [zipfs] universal.zip: Unmounted
00:00:06.834 : [zipfs] universal.zip: Created, 22 entries
00:00:06.834 : [zipfs] universal.zip: Unmounted
00:00:06.835 : [hashfs] universal.zip: Created, 18 entries
00:00:06.835 : <ERROR> [package] Device 'C:/SteamLibrary/steamapps/workshop/content/270880/2980848087/universal.zip' is either corrupted or contains unreachable entries.
00:00:06.835 : [hashfs] universal.zip: Unmounted.
00:00:06.835 : <ERROR> [mod_package_manager] Unable to open location ""C:/SteamLibrary/steamapps/workshop/content/270880/2980848087/universal"" for reading manifest. (package name: mod_workshop_package.00000000B1AC21D7, published file id: 2980848087)
00:00:06.835 : [hashfs] universal.zip: Created, 14 entries
00:00:06.835 : <ERROR> [package] Device 'C:/SteamLibrary/steamapps/workshop/content/270880/2865477350/universal.zip' is either corrupted or contains unreachable entries.
00:00:06.835 : [hashfs] universal.zip: Unmounted.
00:00:06.835 : <ERROR> [mod_package_manager] Unable to open location ""C:/SteamLibrary/steamapps/workshop/content/270880/2865477350/universal"" for reading manifest. (package name: mod_workshop_package.00000000AACBB6E6, published file id: 2865477350)
00:00:06.839 : [zipfs] 159.zip: Created, 2385 entries
00:00:06.839 : [zipfs] 159.zip: Unmounted
00:00:06.844 : [zipfs] 159.zip: Created, 2621 entries
00:00:06.844 : [zipfs] 159.zip: Unmounted
00:00:06.845 : [zipfs] universal.zip: Created, 15 entries
00:00:06.845 : [zipfs] universal.zip: Unmounted
00:00:06.847 : [zipfs] universal.zip: Created, 23 entries
00:00:06.847 : [zipfs] universal.zip: Unmounted
00:00:06.849 : <WARNING> [mods] No valid categories defined for mod_workshop_package.00000000CBA24652. Setting defaults.
00:00:06.850 : [zipfs] ms2_content.zip: Created, 51 entries
00:00:06.850 : [zipfs] ms2_content.zip: Unmounted
00:00:06.850 : [zipfs] universal.zip: Created, 47 entries
00:00:06.851 : [zipfs] universal.zip: Unmounted
00:00:06.851 : [zipfs] universal.zip: Created, 25 entries
00:00:06.851 : [zipfs] universal.zip: Unmounted
00:00:06.852 : [zipfs] universal.zip: Created, 33 entries
00:00:06.853 : [zipfs] universal.zip: Unmounted
00:00:06.853 : [zipfs] universal.zip: Created, 37 entries
00:00:06.854 : [zipfs] universal.zip: Unmounted
00:00:06.854 : [zipfs] universal.zip: Created, 35 entries
00:00:06.854 : <WARNING> [mods] No valid categories defined for mod_workshop_package.00000000B497A577. Setting defaults.
00:00:06.855 : [zipfs] universal.zip: Unmounted
00:00:06.855 : [zipfs] universal.zip: Created, 54 entries
00:00:06.855 : [zipfs] universal.zip: Unmounted
00:00:06.856 : [zipfs] ms2_content.zip: Created, 11 entries
00:00:06.856 : [zipfs] ms2_content.zip: Unmounted
00:00:06.857 : [hashfs] universal.scs: Created, 1138 entries
00:00:06.861 : [hashfs] universal.scs: Unmounted.
00:00:06.863 : [zipfs] gtmt800139.zip: Created, 1672 entries
00:00:06.863 : [zipfs] gtmt800139.zip: Unmounted
00:00:06.865 : [zipfs] gtmw900b139.zip: Created, 1548 entries
00:00:06.865 : [zipfs] gtmw900b139.zip: Unmounted
00:00:06.867 : [zipfs] ruda_579_389_digi_dash.zip: Created, 12 entries
00:00:06.868 : [zipfs] ruda_579_389_digi_dash.zip: Unmounted
00:00:06.868 : [zipfs] universal.zip: Created, 257 entries
00:00:06.868 : [zipfs] universal.zip: Unmounted
00:00:06.869 : [zipfs] universal.zip: Created, 77 entries
00:00:06.869 : [zipfs] universal.zip: Unmounted
00:00:06.870 : [zipfs] universal.zip: Created, 69 entries
00:00:06.870 : [zipfs] universal.zip: Unmounted
00:00:06.871 : [zipfs] k100e.zip: Created, 569 entries
00:00:06.871 : [zipfs] k100e.zip: Unmounted
00:00:06.872 : [zipfs] universal.zip: Created, 33 entries
00:00:06.872 : <WARNING> [mods] No valid categories defined for mod_workshop_package.00000000AF1533F6. Setting defaults.
00:00:06.872 : [zipfs] universal.zip: Unmounted
00:00:06.873 : [zipfs] universal.zip: Created, 60 entries
00:00:06.873 : [zipfs] universal.zip: Unmounted
00:00:06.873 : [hashfs] universal.zip: Created, 26 entries
00:00:06.874 : [hashfs] universal.zip: Unmounted.
00:00:06.874 : <ERROR> [mod_package_manager] Unable to open location ""C:/SteamLibrary/steamapps/workshop/content/270880/2905123539/universal"" for reading manifest. (package name: mod_workshop_package.00000000AD28AAD3, published file id: 2905123539)
00:00:06.877 : [zipfs] t680ng.zip: Created, 447 entries
00:00:06.877 : [zipfs] t680ng.zip: Unmounted
00:00:06.877 : [zipfs] ms2_content.zip: Created, 27 entries
00:00:06.877 : [zipfs] ms2_content.zip: Unmounted
00:00:06.879 : [zipfs] universal.zip: Created, 47 entries
00:00:06.879 : [zipfs] universal.zip: Unmounted
00:00:06.882 : [zipfs] 159.zip: Created, 1744 entries
00:00:06.882 : [zipfs] 159.zip: Unmounted
00:00:06.884 : [zipfs] ms2_content.zip: Created, 23 entries
00:00:06.884 : [zipfs] ms2_content.zip: Unmounted
00:00:06.885 : [zipfs] ms2_content.zip: Created, 31 entries
00:00:06.885 : [zipfs] ms2_content.zip: Unmounted
00:00:06.886 : [zipfs] ms2_content.zip: Created, 11 entries
00:00:06.886 : [zipfs] ms2_content.zip: Unmounted
00:00:06.886 : [zipfs] ms2_content.zip: Created, 51 entries
00:00:06.887 : [zipfs] ms2_content.zip: Unmounted
00:00:06.887 : [zipfs] ms2_content.zip: Created, 11 entries
00:00:06.887 : [zipfs] ms2_content.zip: Unmounted
00:00:06.888 : [zipfs] ms2_content.zip: Created, 35 entries
00:00:06.888 : [zipfs] ms2_content.zip: Unmounted
00:00:06.889 : [zipfs] ms2_content.zip: Created, 17 entries
00:00:06.889 : [zipfs] ms2_content.zip: Unmounted
00:00:06.890 : [zipfs] ms2_content.zip: Created, 47 entries
00:00:06.890 : [zipfs] ms2_content.zip: Unmounted
00:00:06.891 : [zipfs] ms2_content.zip: Created, 525 entries
00:00:06.892 : [zipfs] ms2_content.zip: Unmounted
00:00:06.893 : [zipfs] ms2_content.zip: Created, 27 entries
00:00:06.893 : [zipfs] ms2_content.zip: Unmounted
00:00:06.896 : [zipfs] ms2_content.zip: Created, 11 entries
00:00:06.896 : [zipfs] ms2_content.zip: Unmounted
00:00:06.896 : [zipfs] universal.zip: Created, 23 entries
00:00:06.897 : [zipfs] universal.zip: Unmounted
00:00:06.897 : [zipfs] universal.zip: Created, 23 entries
00:00:06.897 : [zipfs] universal.zip: Unmounted
00:00:06.898 : [hashfs] fm_trailers_v3.scs: Created, 149 entries
00:00:06.899 : [hashfs] fm_trailers_v3.scs: Unmounted.
00:00:06.899 : <WARNING> [mods] No valid categories defined for mod_workshop_package.00000000C5CA19F1. Setting defaults.
00:00:06.901 : [zipfs] mbe.zip: Created, 1079 entries
00:00:06.901 : [zipfs] mbe.zip: Unmounted
00:00:06.901 : [zipfs] universal.zip: Created, 23 entries
00:00:06.901 : [zipfs] universal.zip: Unmounted
00:00:06.902 : [zipfs] universal.zip: Created, 23 entries
00:00:06.902 : [zipfs] universal.zip: Unmounted
00:00:06.903 : [zipfs] universal.zip: Created, 23 entries
00:00:06.904 : [zipfs] universal.zip: Unmounted
00:00:06.904 : [zipfs] universal.zip: Created, 23 entries
00:00:06.904 : [zipfs] universal.zip: Unmounted
00:00:06.905 : [zipfs] ms2_content.zip: Created, 17 entries
00:00:06.905 : [zipfs] ms2_content.zip: Unmounted
00:00:06.907 : [zipfs] nascar_hauler_9_by_alexp.zip: Created, 726 entries
00:00:06.908 : [zipfs] nascar_hauler_9_by_alexp.zip: Unmounted
00:00:06.909 : [zipfs] ms2_content.zip: Created, 99 entries
00:00:06.909 : [zipfs] ms2_content.zip: Unmounted
00:00:06.910 : [zipfs] universal.zip: Created, 23 entries
00:00:06.910 : [zipfs] universal.zip: Unmounted
00:00:06.910 : [zipfs] universal.zip: Created, 25 entries
00:00:06.911 : [zipfs] universal.zip: Unmounted
00:00:06.911 : [zipfs] universal.zip: Created, 33 entries
00:00:06.911 : [zipfs] universal.zip: Unmounted
00:00:06.913 : [zipfs] universal.zip: Created, 33 entries
00:00:06.913 : [zipfs] universal.zip: Unmounted
00:00:06.913 : [zipfs] ms2_content.zip: Created, 76 entries
00:00:06.913 : [zipfs] ms2_content.zip: Unmounted
00:00:06.914 : [zipfs] universal.zip: Created, 13 entries
00:00:06.914 : [zipfs] universal.zip: Unmounted
00:00:06.915 : [zipfs] universal.zip: Created, 26 entries
00:00:06.915 : [zipfs] universal.zip: Unmounted
00:00:06.919 : [zipfs] peterbilt_352_362_project_41400.zip: Created, 4015 entries
00:00:06.919 : [zipfs] peterbilt_352_362_project_41400.zip: Unmounted
00:00:06.923 : [zipfs] universal.zip: Created, 7 entries
00:00:06.923 : [zipfs] universal.zip: Unmounted
00:00:06.924 : [hashfs] universal.scs: Created, 99 entries
00:00:06.925 : [hashfs] universal.scs: Unmounted.
00:00:06.927 : [zipfs] real_tires_mod_31.zip: Created, 1057 entries
00:00:06.927 : [zipfs] real_tires_mod_31.zip: Unmounted
00:00:06.928 : [zipfs] universal.zip: Created, 496 entries
00:00:06.928 : [zipfs] universal.zip: Unmounted
00:00:06.929 : [zipfs] universal.zip: Created, 68 entries
00:00:06.929 : [zipfs] universal.zip: Unmounted
00:00:06.930 : [zipfs] universal.zip: Created, 70 entries
00:00:06.930 : [zipfs] universal.zip: Unmounted
00:00:06.931 : [zipfs] universal.zip: Created, 74 entries
00:00:06.931 : [zipfs] universal.zip: Unmounted
00:00:06.931 : [zipfs] universal.zip: Created, 21 entries
00:00:06.932 : [zipfs] universal.zip: Unmounted
00:00:06.932 : [zipfs] universal.zip: Created, 23 entries
00:00:06.933 : [zipfs] universal.zip: Unmounted
00:00:06.934 : [zipfs] universal.zip: Created, 21 entries
00:00:06.934 : [zipfs] universal.zip: Unmounted
00:00:06.935 : [hashfs] universal.zip: Created, 36 entries
00:00:06.935 : <ERROR> [package] Device 'C:/SteamLibrary/steamapps/workshop/content/270880/2979201181/universal.zip' is either corrupted or contains unreachable entries.
00:00:06.935 : [hashfs] universal.zip: Unmounted.
00:00:06.935 : <ERROR> [mod_package_manager] Unable to open location ""C:/SteamLibrary/steamapps/workshop/content/270880/2979201181/universal"" for reading manifest. (package name: mod_workshop_package.00000000B193009D, published file id: 2979201181)
00:00:06.935 : [hashfs] universal.zip: Created, 49 entries
00:00:06.936 : [hashfs] universal.zip: Unmounted.
00:00:06.936 : <ERROR> [mod_package_manager] Unable to open location ""C:/SteamLibrary/steamapps/workshop/content/270880/2897653639/universal"" for reading manifest. (package name: mod_workshop_package.00000000ACB6AF87, published file id: 2897653639)
00:00:06.937 : [zipfs] universal.zip: Created, 78 entries
00:00:06.937 : [zipfs] universal.zip: Unmounted
00:00:06.937 : [hashfs] universal.zip: Created, 62 entries
00:00:06.938 : [hashfs] universal.zip: Unmounted.
00:00:06.938 : <ERROR> [mod_package_manager] Unable to open location ""C:/SteamLibrary/steamapps/workshop/content/270880/2865474397/universal"" for reading manifest. (package name: mod_workshop_package.00000000AACBAB5D, published file id: 2865474397)
00:00:06.938 : [zipfs] universal.zip: Created, 21 entries
00:00:06.938 : [zipfs] universal.zip: Unmounted
00:00:06.939 : [hashfs] universal.zip: Created, 51 entries
00:00:06.939 : [hashfs] universal.zip: Unmounted.
00:00:06.940 : <ERROR> [mod_package_manager] Unable to open location ""C:/SteamLibrary/steamapps/workshop/content/270880/2818214441/universal"" for reading manifest. (package name: mod_workshop_package.00000000A7FA8A29, published file id: 2818214441)
00:00:06.940 : [hashfs] universal.zip: Created, 62 entries
00:00:06.941 : [hashfs] universal.zip: Unmounted.
00:00:06.941 : <ERROR> [mod_package_manager] Unable to open location ""C:/SteamLibrary/steamapps/workshop/content/270880/2903905106/universal"" for reading manifest. (package name: mod_workshop_package.00000000AD161352, published file id: 2903905106)
00:00:06.941 : [hashfs] universal.zip: Created, 21 entries
00:00:06.941 : <ERROR> [package] Device 'C:/SteamLibrary/steamapps/workshop/content/270880/2968250237/universal.zip' is either corrupted or contains unreachable entries.
00:00:06.941 : [hashfs] universal.zip: Unmounted.
00:00:06.941 : <ERROR> [mod_package_manager] Unable to open location ""C:/SteamLibrary/steamapps/workshop/content/270880/2968250237/universal"" for reading manifest. (package name: mod_workshop_package.00000000B0EBE77D, published file id: 2968250237)
00:00:06.942 : [hashfs] universal.zip: Created, 43 entries
00:00:06.942 : <ERROR> [package] Device 'C:/SteamLibrary/steamapps/workshop/content/270880/2823674232/universal.zip' is either corrupted or contains unreachable entries.
00:00:06.942 : [hashfs] universal.zip: Unmounted.
00:00:06.942 : <ERROR> [mod_package_manager] Unable to open location ""C:/SteamLibrary/steamapps/workshop/content/270880/2823674232/universal"" for reading manifest. (package name: mod_workshop_package.00000000A84DD978, published file id: 2823674232)
00:00:06.942 : [hashfs] universal.zip: Created, 54 entries
00:00:06.943 : [hashfs] universal.zip: Unmounted.
00:00:06.943 : <ERROR> [mod_package_manager] Unable to open location ""C:/SteamLibrary/steamapps/workshop/content/270880/2895262653/universal"" for reading manifest. (package name: mod_workshop_package.00000000AC9233BD, published file id: 2895262653)
00:00:06.943 : [zipfs] universal.zip: Created, 52 entries
00:00:06.943 : [zipfs] universal.zip: Unmounted
00:00:06.944 : [hashfs] universal.zip: Created, 58 entries
00:00:06.944 : [hashfs] universal.zip: Unmounted.
00:00:06.944 : <ERROR> [mod_package_manager] Unable to open location ""C:/SteamLibrary/steamapps/workshop/content/270880/2819164305/universal"" for reading manifest. (package name: mod_workshop_package.00000000A8090891, published file id: 2819164305)
00:00:06.945 : [zipfs] universal.zip: Created, 181 entries
00:00:06.945 : <WARNING> [mods] No valid categories defined for mod_workshop_package.00000000D3E9C7D2. Setting defaults.
00:00:06.945 : [zipfs] universal.zip: Unmounted
00:00:06.946 : [zipfs] universal.zip: Created, 21 entries
00:00:06.946 : [zipfs] universal.zip: Unmounted
00:00:06.948 : [zipfs] universal.zip: Created, 951 entries
00:00:06.948 : [zipfs] universal.zip: Unmounted
00:00:06.949 : [zipfs] ms2_content.zip: Created, 683 entries
00:00:06.949 : [zipfs] ms2_content.zip: Unmounted
00:00:06.950 : [hashfs] universal.zip: Created, 48 entries
00:00:06.950 : <ERROR> [package] Device 'C:/SteamLibrary/steamapps/workshop/content/270880/2820915171/universal.zip' is either corrupted or contains unreachable entries.
00:00:06.950 : [hashfs] universal.zip: Unmounted.
00:00:06.950 : <ERROR> [mod_package_manager] Unable to open location ""C:/SteamLibrary/steamapps/workshop/content/270880/2820915171/universal"" for reading manifest. (package name: mod_workshop_package.00000000A823BFE3, published file id: 2820915171)
00:00:06.951 : [zipfs] ms2_content.zip: Created, 11 entries
00:00:06.951 : [zipfs] ms2_content.zip: Unmounted
00:00:06.954 : <WARNING> [mods] No valid categories defined for mod_workshop_package.00000000AF3C5CAA. Setting defaults.
00:00:06.956 : [zipfs] universal.zip: Created, 21 entries
00:00:06.956 : [zipfs] universal.zip: Unmounted
00:00:06.957 : [zipfs] ms2_content.zip: Created, 33 entries
00:00:06.957 : [zipfs] ms2_content.zip: Unmounted
00:00:06.958 : [zipfs] ms2_content.zip: Created, 67 entries
00:00:06.958 : [zipfs] ms2_content.zip: Unmounted
00:00:06.959 : [zipfs] universal.zip: Created, 45 entries
00:00:06.959 : [zipfs] universal.zip: Unmounted
00:00:06.960 : [hashfs] universal.zip: Created, 28 entries
00:00:06.960 : <ERROR> [package] Device 'C:/SteamLibrary/steamapps/workshop/content/270880/2815626058/universal.zip' is either corrupted or contains unreachable entries.
00:00:06.960 : [hashfs] universal.zip: Unmounted.
00:00:06.960 : <ERROR> [mod_package_manager] Unable to open location ""C:/SteamLibrary/steamapps/workshop/content/270880/2815626058/universal"" for reading manifest. (package name: mod_workshop_package.00000000A7D30B4A, published file id: 2815626058)
00:00:06.962 : [zipfs] universal.zip: Created, 27 entries
00:00:06.962 : [zipfs] universal.zip: Unmounted
00:00:06.963 : [zipfs] universal.zip: Created, 114 entries
00:00:06.963 : [zipfs] universal.zip: Unmounted
00:00:06.965 : [zipfs] latest.zip: Created, 658 entries
00:00:06.965 : [zipfs] latest.zip: Unmounted
00:00:06.965 : [hashfs] universal.zip: Created, 22 entries
00:00:06.966 : [hashfs] universal.zip: Unmounted.
00:00:06.966 : <ERROR> [mod_package_manager] Unable to open location ""C:/SteamLibrary/steamapps/workshop/content/270880/2941569575/universal"" for reading manifest. (package name: mod_workshop_package.00000000AF54CA27, published file id: 2941569575)
00:00:06.967 : [zipfs] ms2_content.zip: Created, 67 entries
00:00:06.967 : [zipfs] ms2_content.zip: Unmounted
00:00:06.995 : [zipfs] smp3_3_140_ats.zip: Created, 38167 entries
00:00:06.995 : [zipfs] smp3_3_140_ats.zip: Unmounted
00:00:06.996 : [zipfs] sisltrlscs132.zip: Created, 3 entries
00:00:06.996 : [zipfs] sisltrlscs132.zip: Unmounted
00:00:06.998 : [zipfs] sisltrlmain140.zip: Created, 2164 entries
00:00:06.999 : [zipfs] sisltrlmain140.zip: Unmounted
00:00:07.000 : [hashfs] sound.scs: Created, 1581 entries
00:00:07.004 : [hashfs] sound.scs: Unmounted.
00:00:07.005 : [zipfs] universal.zip: Created, 53 entries
00:00:07.005 : [zipfs] universal.zip: Unmounted
00:00:07.006 : [zipfs] universal.zip: Created, 23 entries
00:00:07.007 : [zipfs] universal.zip: Unmounted
00:00:07.007 : [zipfs] universal.zip: Created, 23 entries
00:00:07.007 : [zipfs] universal.zip: Unmounted
00:00:07.008 : [zipfs] ms2_content.zip: Created, 17 entries
00:00:07.008 : [zipfs] ms2_content.zip: Unmounted
00:00:07.009 : [zipfs] 0e8soi2.zip: Created, 127 entries
00:00:07.009 : [zipfs] 0e8soi2.zip: Unmounted
00:00:07.010 : [zipfs] universal.zip: Created, 56 entries
00:00:07.011 : [zipfs] universal.zip: Unmounted
00:00:07.012 : [hashfs] universal.scs: Created, 1491 entries
00:00:07.021 : [hashfs] universal.scs: Unmounted.
00:00:07.022 : [zipfs] universal.zip: Created, 26 entries
00:00:07.022 : [zipfs] universal.zip: Unmounted
00:00:07.024 : [zipfs] universal.zip: Created, 31 entries
00:00:07.024 : [zipfs] universal.zip: Unmounted
00:00:07.025 : [zipfs] ms2_content.zip: Created, 19 entries
00:00:07.025 : [zipfs] ms2_content.zip: Unmounted
00:00:07.026 : [zipfs] ms2_content.zip: Created, 59 entries
00:00:07.026 : [zipfs] ms2_content.zip: Unmounted
00:00:07.027 : [zipfs] ms2_content.zip: Created, 37 entries
00:00:07.027 : [zipfs] ms2_content.zip: Unmounted
00:00:07.028 : [zipfs] ms2_content.zip: Created, 21 entries
00:00:07.028 : <WARNING> [mods] No valid categories defined for mod_workshop_package.00000000CD342893. Setting defaults.
00:00:07.028 : [zipfs] ms2_content.zip: Unmounted
00:00:07.029 : [zipfs] ms2_content.zip: Created, 347 entries
00:00:07.029 : [zipfs] ms2_content.zip: Unmounted
00:00:07.030 : <WARNING> [mods] No valid categories defined for mod_workshop_package.000000008E3D5A4A. Setting defaults.
00:00:07.033 : [zipfs] ms2_content.zip: Created, 859 entries
00:00:07.033 : <WARNING> [mods] No valid categories defined for mod_workshop_package.00000000C796803A. Setting defaults.
00:00:07.033 : [zipfs] ms2_content.zip: Unmounted
00:00:07.034 : [zipfs] universal.zip: Created, 23 entries
00:00:07.034 : [zipfs] universal.zip: Unmounted
00:00:07.035 : [zipfs] universal.zip: Created, 31 entries
00:00:07.035 : [zipfs] universal.zip: Unmounted
00:00:07.037 : [zipfs] universal.zip: Created, 20 entries
00:00:07.037 : [zipfs] universal.zip: Unmounted
00:00:07.039 : [zipfs] scr_wheel_pack.zip: Created, 2269 entries
00:00:07.040 : [zipfs] scr_wheel_pack.zip: Unmounted
00:00:07.041 : [zipfs] scr_timpte_super_seal.zip: Created, 697 entries
00:00:07.041 : [zipfs] scr_timpte_super_seal.zip: Unmounted
00:00:07.043 : [zipfs] scr_tm_supervan90.zip: Created, 745 entries
00:00:07.043 : [zipfs] scr_tm_supervan90.zip: Unmounted
00:00:07.043 : [mod_package_manager] Received list of the steam workshop subscribed mods. (received 265 mods total, 248 loaded, 0 scheduled for download)
00:01:26.771 : [mods] Active 302 mods (local: 117, workshop: 185)
00:01:26.771 : [mods] Active local mod Coast_to_Coast_v2.23.60.0 (name: Coast to Coast v2.23.60.0, version: 2.23.60.0, author: Mantrid)
00:01:26.771 : [mods] Active local mod ATS_Expansion_v22.0_1.60 (name: ATS Expansion v22.0, version: 22.0, author: Sineptorro, Driver47)
00:01:26.771 : [mods] Active local mod DNA_C2C_ATS_Exp_Connections_v1.4.0.1 (name: DNA + C2C And ATS Expansion Connections v1.4.0.1, version: 1.4.0.1, author: JacobKazias)
00:01:26.771 : [mods] Active local mod DNA_v1.7.8 (name: Discover North America v1.7.8, version: 1.7.8, author: Team DNA)
00:01:26.771 : [mods] Active local mod More American Cities (v1.0) (name: More American Cities, version: 1.0, author: MyGodness)
00:01:26.771 : [mods] Active local mod More American Cities (Washington - v1.5) (name: More American Cities (Washington), version: 1.5, author: MyGodness)
00:01:26.771 : [mods] Active local mod More American Cities (Utah - v1.3) (name: More American Cities (Utah), version: 1.3, author: MyGodness)
00:01:26.771 : [mods] Active local mod More American Cities (Texas - v1.4) (name: More American Cities (Texas), version: 1.4, author: MyGodness)
00:01:26.771 : [mods] Active local mod More American Cities (Oregon - v1.1) (name: More American Cities (Oregon), version: 1.1, author: MyGodness)
00:01:26.771 : [mods] Active local mod More American Cities (Oklahoma - v1.6) (name: More American Cities (Oklahoma), version: 1.6, author: MyGodness)
00:01:26.771 : [mods] Active local mod More American Cities (Nevada - v1.3) (name: More American Cities (Nevada), version: 1.3, author: MyGodness)
00:01:26.771 : [mods] Active local mod More American Cities (Idaho - v1.7) (name: More American Cities (Idaho), version: 1.7, author: MyGodness)
00:01:26.771 : [mods] Active local mod More American Cities (Colorado - v1.7) (name: More American Cities (Colorado), version: 1.7, author: MyGodness)
00:01:26.771 : [mods] Active workshop mod ID 2891302992 (name: TA Travel for Texas DLC, version: 1.0, author: SIRIO)
00:01:26.771 : [mods] Active workshop mod ID 1774827107 (name: WorldMap Satellite Background w/State Names, version: 2068, author: Eddie Yantz)
00:01:26.771 : [mods] Active workshop mod ID 2698417437 (name: International 9800 i, version: 1.56.X, author: odd_fellow,Harven,Lucasi,Pauly)
00:01:26.771 : [mods] Active workshop mod ID 3247725947 (name: International 9300i, version: 2.2, author: Overfloater, Sherman)
00:01:26.771 : [mods] Active local mod BladeShop_LTL_9000_ATS_1.60 (name: Ford LTL, version: 1.60, author: Blades, FurryManforme1976)
00:01:26.771 : [mods] Active workshop mod ID 2875335212 (name: Freightliner FLD, version: 2.1, author: Harven,Lucasi,Pauly,odd_fellow,Faster)
00:01:26.771 : [mods] Active local mod Freightliner_FLC_Renenate (name: Freightliner FLC , version: 1.44, author: ReneNate)
00:01:26.771 : [mods] Active workshop mod ID 867643690 (name: Freightliner FLB edited by Harven, version: 2.0.10, author: Harven & more)
00:01:26.771 : [mods] Active local mod Freightliner_FLB_Renenate (name: Freightliner_FLB_Renenate, version: 2.1, author: AJIEHA)
00:01:26.771 : [mods] Active workshop mod ID 2113006265 (name: Freightliner Argosy 2.7 for game version 1.43+, version: 2.7, author: Harven, Lucasi, H.Trucker, odd_fellow)
00:01:26.771 : [mods] Active local mod peterbilt.389xx (name: Project SCS 389, version: 0.05, author: guidot)
00:01:26.771 : [mods] Active workshop mod ID 2435980341 (name: Peterbilt 352/362 Project (4.140.0) [CURRENTLY FIXING], version: 4.140.0, author: GeoffG(FLXX/avlobe/swumfanpage2017),Lucasi,franck_peru,Unknown)
00:01:26.771 : [mods] Active local mod project3xx_146 (name: Project3XX, version: 2.147a, author: guidot)
00:01:26.771 : [mods] Active workshop mod ID 2032768269 (name: 2004-2006 Peterbilt 379X, version: 2.00x, author: 5150,PsyOdinAde Customs,REDNEK,Chief86,Thomas Parham)
00:01:26.771 : [mods] Active workshop mod ID 2626143691 (name: Rezbilt 389, version: 1.0, author: SCS, AllenRez)
00:01:26.771 : [mods] Active local mod Peterbilt_389_MF_f489a (name: Peterbilt_389_MF_f489a, version: V2.2.2 ATS, author: Viper2, Harven, V2obert)
00:01:26.771 : [mods] Active local mod Modified_Peterbilt_389_144 (name: Modified_Peterbilt_389_144, version: V2.3 ATS, author: Viper2, Harven, V2obert)
00:01:26.771 : [mods] Active local mod Pinga_389_v2.1 (name: Pm Peterbilt 3xx, version: 2.1, author: Pinga)
00:01:26.771 : [mods] Active workshop mod ID 3532914327 (name: Peterbilt_389 Tuning Pack Daniel B.V, version: 1.0, author: Daniel B.V.)
00:01:26.771 : [mods] Active workshop mod ID 3707214062 (name: Kenworth W990 Custom Sleeper 76 - Edición Baja Style, version: 1.2.5, author: GabxxVm, Discopluma, Harven, Frank Peru, Yekko Yek, Kriechbaum)
00:01:26.771 : [mods] Active workshop mod ID 1781104022 (name: Kenworth W990 edited by Harven, version: 1.2.5, author: Harven, Frank Peru, Yekko Yek, Kriechbaum)
00:01:26.771 : [mods] Active workshop mod ID 1387205658 (name: GTM Kenworth T800, version: 1.2.38, author: GTM Team)
00:01:26.771 : [mods] Active workshop mod ID 1378683697 (name: GTM Kenworth W900B, version: 1.2.2, author: GTM Team)
00:01:26.771 : [mods] Active local mod PM_Kenworth_W900_v2.2 (name: w900 Pinga, version: 1.0, author: Pinga)
00:01:26.771 : [mods] Active workshop mod ID 1815959194 (name: Kenworth K100E, version: 1.4, author: Overfloater, Sherman)
00:01:26.772 : [mods] Active local mod KW220 (name: Kenworth K220 Schneider, version: 1.6, author: HUNTER)
00:01:26.772 : [mods] Active workshop mod ID 3607234862 (name: GTM Fixes, version: 1.6, author: Maurice Randall)
00:01:26.772 : [mods] Active local mod Jaspers.Kenworth_w900_series_v1 (name: Early Acess - Jasper's Kenworth W900 Series, version: 1.0, author: Jasper)
00:01:26.772 : [mods] Active local mod Jaspers.Dashboard_color_custom (name: Dashboard Color - Jasper's Kenworth W900 Series, version: 0.0, author: Jasper)
00:01:26.772 : [mods] Active local mod Jaspers.lowered_chassis.Kenworth_w900 (name: Lowered Chassis - Jasper's Kenworth W900 Series, version: 0.4, author: Jasper)
00:01:26.772 : [mods] Active local mod Jaspers.lightpack_v.05_100%_brightness (name: 100% Brightness Jasper's Light Pack, version: 0.5, author: Jasper)
00:01:26.772 : [mods] Active local mod Jaspers.Steering_wheels_v.0.4 (name: Jasper's Steering Pack, version: 0.4, author: Jasper)
00:01:26.772 : [mods] Active local mod Pizzster_Modding_389_ATS_1.60 (name: Custom 389 MegaPack, version: 1.60, author: Damo,Eric Pizzolo, D3D)
00:01:26.772 : [mods] Active local mod Pizzster_Modding_389_KEY (name: Personal KEY Custom 389 MegaPack, version: v1.0, author: Damo,Eric Pizzolo, D3D)
00:01:26.772 : [mods] Active local mod Pizzster_Modding_389_SKIN_PACK (name: Pizzster 389 Skin Pack, version: v1.0, author: Colton Rocha, Jake Wuthrich, SBDesign Skins)
00:01:26.772 : [mods] Active local mod Pizzster_Modding_389_Skinable_Logos_v2 (name: Skinable Logos Pizzster&Damo 389, version: v2.0, author: Damo,Eric Pizzolo)
00:01:26.772 : [mods] Active local mod Freightshaker Classic XL Personal KEY (name: Classic XL Personal KEY, version: 10.0, author: jon-ruda)
00:01:26.772 : [mods] Active local mod Freightshaker Classic XL ATS (name: Classic XL, version: 10.7, author: jon-ruda)
00:01:26.772 : [mods] Active local mod Freightshaker Classic XL Realistic Headlights (name: Classic XL Realistic Headlights, version: 10.5.1, author: jon-ruda)
00:01:26.772 : [mods] Active local mod Freightshaker Classic XL DLC Steering Wheels Compatibility (name: Classic XL DLC Steering Wheels Compatibility, version: 10.0, author: jon-ruda)
00:01:26.772 : [mods] Active local mod Freightshaker Classic XL SISL Pack Compatibility (name: Classic XL SISL Compatibility, version: 10.0, author: jon-ruda, SISL)
00:01:26.772 : [mods] Active local mod Freightshaker Classic XL DLC Toys Compatibility (name: Classic XL DLC Accessories Compatibility, version: 10.0, author: jon-ruda)
00:01:26.772 : [mods] Active local mod Haterbilt_v4.9.1_389viper2_ATS_ETS2_by_Hatreyu_Gaming (name: Haterbilt v4.9.1, version: Haterbilt v4.9.1, author: Viper2, Hatreyu Gaming, V2obert, Outlaw, Pinga, Shaneke Game, SrInsane and Harven)
00:01:26.772 : [mods] Active local mod Haterbilt_Chrome_New_Shine (name: Haterbilt Chrome New, version: 01, author: )
00:01:26.772 : [mods] Active local mod Pete 362 Cabover Personal KEY (name: Pete 362 Cabover Personal KEY, version: 5.0, author: jon-ruda)
00:01:26.772 : [mods] Active local mod Pete 362 Cabover (name: Pete 362 Cabover, version: 5.7.1, author: jon-ruda)
00:01:26.772 : [mods] Active local mod Pete 362 Cabover Realistic Headlights (name: Pete 362 Cabover Realistic Headlights, version: 5.7.1, author: jon-ruda)
00:01:26.772 : [mods] Active local mod Pete 362 Cabover DLC Steering Wheels Compatibility (name: Pete 362 Cabover DLC Steering Wheels Compatibility, version: 5.0, author: jon-ruda)
00:01:26.772 : [mods] Active local mod Pete 362 Cabover SISL Pack Compatibility (name: Pete 362 Cabover SISL Compatibility, version: 5.0, author: jon-ruda, SISL)
00:01:26.772 : [mods] Active local mod Pete 362 Cabover DLC Toys Compatibility (name: Pete 362 Cabover DLC Accessories Compatibility, version: 5.0, author: jon-ruda)
00:01:26.772 : [mods] Active local mod Freightshaker Cascadia 125 Personal KEY (name: Cascadia 125 Personal KEY, version: 3.0, author: jon-ruda)
00:01:26.772 : [mods] Active local mod Freightshaker Cascadia 125 ATS (name: Cascadia 125, version: 3.8, author: jon-ruda)
00:01:26.772 : [mods] Active local mod Freightshaker Cascadia 125 Realistic Headlights (name: Cascadia 125 Realistic Headlights, version: 3.6.1, author: jon-ruda)
00:01:26.772 : [mods] Active local mod Freightshaker Cascadia 125 DLC Steering Wheels Compatibility (name: Cascadia 125 DLC Steering Wheels Compatibility, version: 3.0, author: jon-ruda)
00:01:26.772 : [mods] Active local mod Freightshaker Cascadia 125 SISL Pack Compatibility (name: Cascadia 125 SISL Pack Compatibility, version: 3.0, author: jon-ruda)
00:01:26.772 : [mods] Active local mod Freightshaker Cascadia 125 DLC Toys Compatibility (name: Cascadia 125 DLC Accessories Compatibility, version: 3.0, author: jon-ruda)
00:01:26.772 : [mods] Active local mod Freightshaker Coronado SD Personal KEY (name: Freightshaker Coronado SD Personal KEY, version: 3.0, author: jon-ruda)
00:01:26.772 : [mods] Active local mod Freightshaker Coronado SD (name: Freightshaker Coronado SD, version: 3.1, author: jon-ruda)
00:01:26.772 : [mods] Active local mod Freightshaker Coronado SD DLC Steering Wheels Compatibility (name: Freightshaker Coronado SD DLC Steering Wheels Compatibility, version: 3.0, author: jon-ruda)
00:01:26.772 : [mods] Active local mod Freightshaker Coronado SD SISL Pack Compatibity (name: Freightshaker Coronado SD SISL Compatibility, version: 3.0, author: jon-ruda)
00:01:26.772 : [mods] Active local mod Freightshaker Coronado SD DLC Toys Compatibility (name: Freightshaker Coronado SD DLC Accessories Compatibility, version: 3.0, author: jon-ruda)
00:01:26.772 : [mods] Active local mod Pete 579 Personal KEY (name: Pete 579 NG Personal KEY, version: 2.0, author: jon-ruda)
00:01:26.772 : [mods] Active local mod Pete 579 (name: Pete 579 NG, version: 2.6.1, author: jon-ruda)
00:01:26.772 : [mods] Active local mod Pete 579 DLC Steering Wheels Compatibility (name: Pete 579 NG DLC Steering Wheels Compatibility, version: 2.0, author: jon-ruda)
00:01:26.772 : [mods] Active local mod Pete 579 SISL Pack Compatibility (name: Pete 579 NG SISL Pack Compatibility, version: 2.0, author: jon-ruda)
00:01:26.772 : [mods] Active local mod Pete 579 DLC Toys Compatibility (name: Pete 579 NG DLC Accessories Compatibility, version: 2.0, author: jon-ruda)
00:01:26.772 : [mods] Active local mod KW W900 Highway Killer (name: KW W900L H-WAY KILLER, version: 9.4, author: jon-ruda)
00:01:26.772 : [mods] Active local mod KW W900 Highway Killer Realistic Headlights (name: KW W900L H-WAY KILLER Realistic Headlights, version: 9.4, author: jon-ruda)
00:01:26.772 : [mods] Active local mod KW W900 Highway Killer SISL Pack Compatibility (name: KW W900 H-WAY KILLER SISL Compatibility, version: 9.0, author: jon-ruda, SISL)
00:01:26.772 : [mods] Active local mod KW W900 Highway Killer DLC Toys Compatibility (name: KW W900 H-WAY KILLER DLC Accessories Compatibility, version: 9.0, author: jon-ruda)
00:01:26.772 : [mods] Active local mod KW W900 Highway Killer DLC Steering Wheels Compatibility (name: KW W900L H-WAY KILLER DLC Steering Wheels Compatibility, version: 9.0, author: jon-ruda)
00:01:26.772 : [mods] Active workshop mod ID 2621083959 (name: Caterpillar C16 800 Twin Turbo, version: 1.1, author: jlnschm)
00:01:26.772 : [mods] Active workshop mod ID 3126108346 (name: Kenworth T680 2022 Custom Dashboard, version: 1.1.1, author: Nemesys Transport)
00:01:26.772 : [mods] Active workshop mod ID 3415531506 (name: Alcoa special edition wheels Alumnium, version: 1.3, author: Javis Truck)
00:01:26.772 : [mods] Active workshop mod ID 3413940077 (name: Real Good Headlights for SCS Trucks, version: 5.4.5, author: Maurice Randall, SCS)
00:01:26.772 : [mods] Active workshop mod ID 2758820454 (name: Kenworth W990 light pack compatability, version: 1.2, author: ttyree323)
00:01:26.772 : [mods] Active local mod Trucks&Trailers Flares (name: Trucks&Trailers Flarepack, version: 42.5, author: jon-ruda)
00:01:26.772 : [mods] Active local mod Trucks&Trailers Wheels (name: Trucks&Trailers Wheels, version: 11.1, author: jon-ruda)
00:01:26.772 : [mods] Active workshop mod ID 2846720153 (name: GKCZ - SiSL's Mega Pack Customization, version: 2.5, author: Synecek11, Lux11_cz, SiSL)
00:01:26.772 : [mods] Active workshop mod ID 652225351 (name: SiSL's Mega Pack, version: 3.3, author: SiSL)
00:01:26.772 : [mods] Active local mod DLC Wrecker (name: DLC Wrecker, version: 2.3, author: jon-ruda)
00:01:26.772 : [mods] Active local mod pm_light_pack (name: PM Trailer's Light Pack, version: , author: Warryor3D)
00:01:26.772 : [mods] Active local mod Jaspers.DEF_SISLs_Megapack (name: DEF SISLs Megapack - Jasper's Kenworth W900 Series, version: 0.0, author: Jasper)
00:01:26.772 : [mods] Active local mod flatline_lights_renenate (name: Flat-line, version: 1.1, author: AJIEHA)
00:01:26.772 : [mods] Active workshop mod ID 3611359247 (name: Truck Fixes - Steam Edition, version: 0.6, author: Maurice Randall, SCS)
00:01:26.772 : [mods] Active workshop mod ID 2502358623 (name: Real Logos for jon-ruda mods, version: 24.0, author: Unknown)
00:01:26.772 : [mods] Active local mod ATS_1.60_TRAILER_GREAT_DANE_COLLECTION_v4.0_LITE_by_CyrusTheVirus (name: GREAT DANE COLLECTION v4.0 LITE, version: 1.60, author: CyrusTheVirus & more)
00:01:26.772 : [mods] Active workshop mod ID 3026091521 (name: SCS Painted Tank Trailers, version: 1.0, author: JoeAlex)
00:01:26.772 : [mods] Active workshop mod ID 2951717330 (name: Faelandaea's Trailer Pack, version: 1.47, author: Faelandaea)
00:01:26.772 : [mods] Active workshop mod ID 3500404122 (name: SCS Gas Tanker Rework, version: 1.0, author: Asqhalt)
00:01:26.772 : [mods] Active workshop mod ID 2521194135 (name: Seale Livestock Skin for Jon Ruda 389, version: 1.0, author: clarkes)
00:01:26.772 : [mods] Active local mod Utility 3000R MX Sugoi Modding v1.1 (name: Utility 3000R MX Edition, version: 1.1, author: Sugoi Modding, Ivan Rava)
00:01:26.772 : [mods] Active workshop mod ID 2758819524 (name: [SCR] Timpte Super Seal, version: 1.1.4, author: Smarty)
00:01:26.772 : [mods] Active workshop mod ID 2806496225 (name: Wilson Trailer Livestock, version: 1.43x, author: Pinga)
00:01:26.772 : [mods] Active workshop mod ID 2895812970 (name: Dropdeck HCT, version: 1.0, author: Dario)
00:01:26.772 : [mods] Active workshop mod ID 3729391863 (name: trailer, version: 1.55, author: TounberKING)
00:01:26.772 : [mods] Active workshop mod ID 2678671894 (name: Mac Sider Trailer, version: 1.46x, author: Pinga)
00:01:26.772 : [mods] Active workshop mod ID 2634244257 (name: NASCAR HAULERS 2011 FEATHERLITE trailer AlexP ver., version: 1.9, author: Team 5Star, Chief86, AlexP)
00:01:26.772 : [mods] Active workshop mod ID 2645291980 (name: SCS Lowboy Custom Lights, version: 1.0, author: N i Z m O)
00:01:26.772 : [mods] Active local mod CT_Bullrack (name: Merritt Goldline, version: 1.2, author: CT)
00:01:26.772 : [mods] Active workshop mod ID 2931518992 (name: WolfPack Gaming skin for Pinga's Mac Sider, version: 1, author: TimberWolf)
00:01:26.772 : [mods] Active workshop mod ID 2272856032 (name: Steerable SCS Trailers, version: 1.39.2, author: SCS, Crocko from Oz)
00:01:26.772 : [mods] Active local mod ATS_1.60_TRAILER_TRANSCRAFT_TRAILERS_COLLECTION_v2.0_LITE_by_CyrusTheVirus.scs (name: TRANSCRAFT TRAILERS COLLECTION v2.0 LITE, version: 1.60, author: CyrusTheVirus & more)
00:01:26.772 : [mods] Active workshop mod ID 3415721059 (name: Custom Utility 3000R, version: 1.0, author: 55six)
00:01:26.773 : [mods] Active local mod ATS_1.60_TRAILER_ASPEN_OILFIELD_HIGHBOY_v1.0_LITE_by_CyrusTheVirus (name: ASPEN OILDFIELD HIGHBOY v1.0 LITE, version: 1.60, author: CyrusTheVirus, KeithD, Habdorn)
00:01:26.773 : [mods] Active workshop mod ID 3456476547 (name: More SCS Trailer Configurations in Freight Market V.3, version: 3.1, author: PikPikker)
00:01:26.773 : [mods] Active local mod ATS_1.61_TRAILER_ARCTIC_LOGS_TRAILERS_v9.0_LITE_by_CyrusTheVirus (name: ARCTIC LOGS TRAILERS v9.0 LITE, version: 1.61.x, author: CyrusTheVirus & more)
00:01:26.773 : [mods] Active workshop mod ID 2883883618 (name: Fontaine Frac Sand, version: 1.46x, author: Pinga)
00:01:26.773 : [mods] Active local mod 3XX PNW Truck and Trailer V3.7 (name: 3XX PNW Truck and Trailer Add-On V3.7, version: 3.7, author: Deezle)
00:01:26.773 : [mods] Active local mod Tomb_Lode_King_stepdeck (name: Lode King Stepdeck, version: v3, author: Tombstone Mods)
00:01:26.773 : [mods] Active local mod Tomb_Lode_King_Cargo_Def (name: Lode King Stepdeck Cargo Def, version: v1, author: Tombstone Mods)
00:01:26.773 : [mods] Active local mod Tomb_Lode_King_Open_Def (name: Lode King Stepdeck Open Def, version: v1, author: Tombstone Mods)
00:01:26.773 : [mods] Active workshop mod ID 1296258886 (name: SiSL's Trailer Pack Addon: SCS Replacement, version: 1.32, author: SiSL)
00:01:26.773 : [mods] Active workshop mod ID 1296243811 (name: SiSL's Trailer Pack USA, version: 1.38, author: SiSL)
00:01:26.773 : [mods] Active local mod Trailer Pack Flatbed (name: Trailer Pack Flatbed, version: 9.1, author: jon-ruda)
00:01:26.773 : [mods] Active local mod Trailer Pack Hopper Bottom (name: Trailer Pack Hopper Bottom, version: 9.1, author: jon-ruda)
00:01:26.773 : [mods] Active local mod Trailer Pack Refrigerators (name: Trailer Pack Refrigerators, version: 9.1, author: jon-ruda)
00:01:26.773 : [mods] Active local mod Trailer Pack Tanker (name: Trailer Pack Tanker, version: 9.1, author: jon-ruda)
00:01:26.773 : [mods] Active local mod Trailer Pack LowBoy (name: Trailer Pack LowBoy, version: 9.1, author: jon-ruda)
00:01:26.773 : [mods] Active local mod Trailer Pack Livestock (name: Trailer Pack Livestock, version: 9.1, author: jon-ruda)
00:01:26.773 : [mods] Active workshop mod ID 3370385763 (name: Featherlite NASCAR Hauler Underglow Lights, version: 1.8, author: Jetman)
00:01:26.773 : [mods] Active workshop mod ID 3552373146 (name: More Cargo for Lowboy, version: 160_26218, author: Eddie Yantz)
00:01:26.773 : [mods] Active local mod overweight_trailers_and_cargo_pack_by_Jazzycat_v6.2.1_ats (name: Overweight Trailers & Cargo Pack by Jazzycat v6.2.1, version: 6.2.1, author: Jazzycat)
00:01:26.773 : [mods] Active workshop mod ID 3118543343 (name: Kenworth T680 NG stripes pack, version: 1.0, author: Sludig)
00:01:26.773 : [mods] Active workshop mod ID 3701625244 (name: USA 250 Years of Freedom Truck and Trailer Skin Pack, version: 1776.5, author: TruckerKing2010)
00:01:26.773 : [mods] Active workshop mod ID 3306584488 (name: Ruda Skin Pack 2, version: 1, author: Blynd)
00:01:26.773 : [mods] Active workshop mod ID 777354374 (name: Vetter Trucking skin for Peterbilt 389, version: 1.0, author: Dafman)
00:01:26.773 : [mods] Active local mod Freightliner Cascadia Enhanced v1.5.5.2 (name: The Freightliner Cascadia Enhanced, version: 1, author: PolyFir Studios)
00:01:26.773 : [mods] Active workshop mod ID 2494913240 (name: Mulligan's Trucking skin for the Overfloater K 100 E, version: V1, author: Goggles 56)
00:01:26.773 : [mods] Active workshop mod ID 3120991731 (name: Paintable Stiletto Skin pack for the SCS Kenworth T680 2022 and 53' Trailer, version: V1, author: Goggles 56)
00:01:26.773 : [mods] Active workshop mod ID 3302305373 (name: SCS 2022 Kenworth T680 Next Gen Metallic Skins V2, version: 1.1, author: Eddie Frontier)
00:01:26.773 : [mods] Active workshop mod ID 3365705258 (name: Legacy skin for John Ruda's 579. Both Cabs, version: V1, author: Goggles56)
00:01:26.773 : [mods] Active workshop mod ID 3365704336 (name: Legacy Skin for Jon Ruda's Great Dane Reefer, version: V1, author: Goggles 56)
00:01:26.773 : [mods] Active workshop mod ID 3364213960 (name: Legacy Ruda Peterbilt 362. Two Versions. All Cabs, version: V1, author: Goggles 56)
00:01:26.773 : [mods] Active workshop mod ID 3025669105 (name: Grey Ghost skin for the SCS and Rollin Flat Top and High Roof Sleepers, version: V1, author: Goggles 56)
00:01:26.773 : [mods] Active workshop mod ID 2978655703 (name: 10 Skins for Jon Ruda's Polar Tanker, version: V1, author: Goggles 56)
00:01:26.773 : [mods] Active local mod SCS_Company_Skins_for_Ruda_Trucks_and_Trailers (name: Ruda Trucks & Trailers SCS Company Skins, version: 2, author: xRECONLOBSTERx)
00:01:26.773 : [mods] Active workshop mod ID 3722451036 (name: ASPHALT_OUTLAW_389, version: , author: Shell876_customz)
00:01:26.773 : [mods] Active workshop mod ID 2944261753 (name: Kenworth 100th Anniversary Trailer Paint Job, version: 1.2, author: Robknight)
00:01:26.773 : [mods] Active workshop mod ID 2871655138 (name: Night Moves skin for B4Rt's Great Dane Reefer, version: V1, author: {{Goggles 56}})
00:01:26.773 : [mods] Active workshop mod ID 2845717502 (name: Montana Express skin for Jon Ruda's W900, version: V1, author: Goggles 56)
00:01:26.773 : [mods] Active workshop mod ID 3021999701 (name: Candy W900, version: 1.0, author: Paulys Custom Skins)
00:01:26.773 : [mods] Active workshop mod ID 1078703905 (name: First Class Metallic FLB, version: 1.0, author: Lucasi)
00:01:26.773 : [mods] Active workshop mod ID 3498392370 (name: Sandman Skin Pack for Ruda's W900. All Cabs, version: V1, author: Goggles56)
00:01:26.773 : [mods] Active workshop mod ID 3562121417 (name: Ruda W900 3 stripe, version: V1, author: Bonk)
00:01:26.773 : [mods] Active workshop mod ID 3435434720 (name: SCS Kenworth W900 Stripe Skinpack, version: 1.2, author: Croliverqc)
00:01:26.773 : [mods] Active workshop mod ID 3452736994 (name: Restored - Fragdoktor - RUDA W900 - Coffee of Fleenor, version: 1.5.2, author: Fragdoktor,Croliverqc)
00:01:26.773 : [mods] Active workshop mod ID 3163073214 (name: Jon Ruda W900 Custom Paint Jobs 1, version: 1.0, author: Dark_Divine)
00:01:26.773 : [mods] Active workshop mod ID 3374413564 (name: Seminole Transport skin for Jon Ruda's W900. All Cabs, version: V1, author: Goggles56)
00:01:26.773 : [mods] Active workshop mod ID 3118670256 (name: Multi Coloured T680, version: 1.0, author: Paulys Custom Skins)
00:01:26.773 : [mods] Active workshop mod ID 3549511435 (name: Sandman Skin for Ruda's 362. All Cabs, version: V1, author: Goggles56)
00:01:26.773 : [mods] Active workshop mod ID 3350295758 (name: Buckskin & Pinstripes skin for Jon Ruda 362 Peterbilt, version: 1.0, author: Sandman)
00:01:26.773 : [mods] Active workshop mod ID 2493570673 (name: Multi colour Jon Ruda w900, version: 1.0, author: DarthTater)
00:01:26.773 : [mods] Active workshop mod ID 3351136817 (name: Classic Lines SKIN for Rushour109 Freightliner Powerliner, version: 1.0, author: Sandman)
00:01:26.773 : [mods] Active local mod Pearl Paint (name: Pearl Paint, version: 1.0, author: BillyBone99)
00:01:26.773 : [mods] Active workshop mod ID 2478206919 (name: Featherlite Trailer 4K Skins, version: 1.0, author: Snarls)
00:01:26.773 : [mods] Active workshop mod ID 3016370976 (name: Creamy Metallic W900, version: 1.0, author: Paulys Custom Skins)
00:01:26.773 : [mods] Active local mod HwyKillerCCpaint (name: HwyKillerCCpaint, version: 1.0, author: Champs Customz)
00:01:26.773 : [mods] Active workshop mod ID 3152022196 (name: Jon Ruda 389/379 Custom PaintJob Pack 2, version: 1.0, author: VM_Skins)
00:01:26.773 : [mods] Active workshop mod ID 3555313618 (name: Ruda Coldman Skin Pack, version: 1.5, author: Lobster)
00:01:26.773 : [mods] Active workshop mod ID 2818126045 (name: RUDA Classic XL - Simple Custom, version: 1.1, author: Fragdoktor)
00:01:26.773 : [mods] Active workshop mod ID 2830524606 (name: Ruda's Classic XL Custom Stripes Metallic #3, version: 1.0, author: Kevin Beeler)
00:01:26.773 : [mods] Active workshop mod ID 2833242452 (name: Ruda's Classic XL Custom Stripes Metallic #4, version: 1.0, author: Kevin Beeler)
00:01:26.773 : [mods] Active workshop mod ID 2829973082 (name: Ruda's Classic XL Custom Two-Tone Metallic Skin, version: 1.0, author: Kevin Beeler)
00:01:26.773 : [mods] Active workshop mod ID 2830347043 (name: Ruda's Classic XL Custom Stripes Metallic #1, version: 1.0, author: Kevin Beeler)
00:01:26.773 : [mods] Active workshop mod ID 2894675944 (name: RUDA 389 Glider - Grey pinstriped, version: V1.0, author: Fragdoktor)
00:01:26.773 : [mods] Active workshop mod ID 2833249966 (name: Trailer pack - Fleenor Bros, version: 1.3.1b, author: Fragdoktor)
00:01:26.773 : [mods] Active workshop mod ID 3003444074 (name: Sterling Logistics Ruda 379, version: , author: Capy)
00:01:26.773 : [mods] Active workshop mod ID 3575151771 (name: Low Class Skin For Ruda 72"" Flattop Glider, version: 1, author: EMJ Logistics Paint Shop)
00:01:26.773 : [mods] Active workshop mod ID 3586729407 (name:  Freightliner Cascadia  T.M.R.L, version: 1.0, author: guerrero117)
00:01:26.773 : [mods] Active workshop mod ID 3347787703 (name: Lowrider paintjob for Peterbilt 389 by Pizzster., version: 1.0, author: RodFerrari)
00:01:26.773 : [mods] Active workshop mod ID 2759531818 (name: 389 Custom Skin Pack, version: 1.1.0, author: Green0Seven)
00:01:26.773 : [mods] Active workshop mod ID 2664958871 (name: Mulligan's Ruda 389 High Roof, version: V1, author: Goggles 56)
00:01:26.773 : [mods] Active workshop mod ID 3287835751 (name: Green Lantern Ruda 379 389. All cabs, version: V1, author: Goggles 56)
00:01:26.773 : [mods] Active workshop mod ID 2776481212 (name: Custom Paint 005, version: 2, author: Quirt Evans)
00:01:26.773 : [mods] Active workshop mod ID 3452144050 (name: Restored - Fragdoktor - RUDA 389 Glider - Nelson Truck Lines, version: V1.1, author: Fragdoktor,Croliverqc)
00:01:26.773 : [mods] Active workshop mod ID 3046599704 (name: Curvy Metallic 389, version: 1.0, author: Paulys Custom Skins)
00:01:26.773 : [mods] Active workshop mod ID 3433658882 (name: Sparks Motor/HeavyDSparks Jon Ruda Pete Glider Skin, version: 1.1, author: croliverqc)
00:01:26.773 : [mods] Active workshop mod ID 3737987207 (name: Malowanie Forum Polskiej Społeczności, version: 1.6, author: M4rc1N)
00:01:26.773 : [mods] Active workshop mod ID 3117921628 (name: T680 Metallic, version: 1.0, author: Paulys Custom Skins)
00:01:26.773 : [mods] Active workshop mod ID 2779026298 (name: Black Swan Transport Skin for Jon Ruda's 389, version: V1, author: Goggles 56)
00:01:26.773 : [mods] Active workshop mod ID 3257632190 (name: Legacy skin for Jon Ruda's 379 389. All Cabs, version: V1, author: Goggles 56)
00:01:26.773 : [mods] Active workshop mod ID 3611587874 (name: 🚛 Jasper W900 Metallic, version: 1.0, author: Paulys Custom Skins)
00:01:26.774 : [mods] Active workshop mod ID 950119070 (name: Piercing Metallic, version: 1.0, author: SirblackyAlot)
00:01:26.774 : [mods] Active workshop mod ID 2726983966 (name: New Old School Ruda W900 Skin, version: V1, author: Goggles 56)
00:01:26.774 : [mods] Active workshop mod ID 2818196687 (name: RUDA 389 Glider - Diesel Wheels, version: V1.0, author: Fragdoktor)
00:01:26.774 : [mods] Active workshop mod ID 3275236668 (name: 4 Colour Paintable Dedicated Transport skin for the Pizzster 389 EXHD. All cabs, version: V1, author: Goggles 56)
00:01:26.774 : [mods] Active workshop mod ID 2819646077 (name: FLC Freight - Mad Blue, version: V1.0, author: Fragdoktor)
00:01:26.774 : [mods] Active workshop mod ID 730811799 (name: Pete 389 High Roller Metallic, version: 1.0, author: Lucasi)
00:01:26.774 : [mods] Active local mod Updated SCS In Game Company Trucks & Trailers (name: Updated SCS In Game Company Trucks & Trailers, version: 5.5, author: xRECONLOBSTERx)
00:01:26.774 : [mods] Active workshop mod ID 2894364226 (name: Multi colour paintable skin for Jon Ruda's Peterbilt 389, version: V1, author: {{Goggles 56}})
00:01:26.774 : [mods] Active workshop mod ID 1662851773 (name: Ol' Classic Kenworth T680, version: 1.0, author: OrganicZero)
00:01:26.774 : [mods] Active workshop mod ID 3636229199 (name: Realistic Custom Metallic Paint Mod, version: 1.7, author: croliverqc)
00:01:26.774 : [mods] Active workshop mod ID 2872370959 (name: Black Cherry skin for Jon Ruda's W900, version: V1, author: {{Goggles 56}})
00:01:26.774 : [mods] Active workshop mod ID 2837463002 (name: Ruda's W900 Fleenor Brothers Metallic Stripes #5, version: 1.0, author: Kevin Beeler)
00:01:26.774 : [mods] Active workshop mod ID 3404171846 (name: Lancer for Pizzster's 389, version: 1.0, author: RodFerrari)
00:01:26.774 : [mods] Active local mod Haterbilt_Ol-Skool_Skinpack (name: Ol Skool, version: 1.0, author: Bluntedgamez and HICKLYFE)
00:01:26.774 : [mods] Active workshop mod ID 3282142427 (name: Groupe FG for Harven's W990, version: 1.0, author: Champs Customz)
00:01:26.774 : [mods] Active workshop mod ID 3452161838 (name: Restored - Fragdoktor - RUDA W900 - Purple Matt, version: 1.1, author: Fragdoktor,Croliverqc)
00:01:26.774 : [mods] Active workshop mod ID 3165068630 (name: Updated Green Lantern Trucking skin for Jon Ruda's W900. All cabs, version: V2, author: Goggles 56)
00:01:26.774 : [mods] Active workshop mod ID 1379627743 (name: Freightliner FLB - Freightliner Metallic, version: 1.0, author: Dafman)
00:01:26.774 : [mods] Active workshop mod ID 1682810031 (name: Trux Paintable Purple Haze, version: 1.0, author: SirBlackyAlot)
00:01:26.774 : [mods] Active workshop mod ID 1676917121 (name: Trux Purple Haze Pete 389 skin+part (please read description), version: 1.0, author: SirBlackyAlot)
00:01:26.774 : [mods] Active local mod Gulf Oil combo (name: Gulf Oil Tanker, version: 1.0, author: Paulys Custom Skins)
00:01:26.774 : [mods] Active workshop mod ID 2871655527 (name: Night Moves skin for the Overfloater K100E, version: V1, author: {{Goggles 56}})
00:01:26.774 : [mods] Active workshop mod ID 2597265808 (name: Freightliner Argosy stripes - colour changeable, version: , author: Amish Stalker)
00:01:26.774 : [mods] Active workshop mod ID 815196483 (name: KW Tesla - Studio Sleeper, version: 1.0, author: ATS Experience)
00:01:26.774 : [mods] Active local mod HICKLYFES_HATERBILT_PINUPS_SKINPACK (name: HICKLYFE'S HATERBILT PINUPS, version: , author: HICKLYFE)
00:01:26.774 : [mods] Active workshop mod ID 2831958164 (name: Ruda's W900 White Tribal Two-Tone Metallic, version: 1.0, author: Kevin Beeler)
00:01:26.774 : [mods] Active workshop mod ID 2915996022 (name: ATS All in One pack, version: 1, author: Sludig)
00:01:26.774 : [mods] Active local mod Night Moves Ruda Peterbilt 389 Flat Top (name: Night Moves Ruda 389 72 Flat Top , version: V1, author: {{Goggles 56}})
00:01:26.774 : [mods] Active local mod Custom Skin Pack Kenworth W990 (name: Custom Skin Pack Kenworth W990, version: 1.1, author: Paulys Custom Skins)
00:01:26.774 : [mods] Active workshop mod ID 3042946388 (name: A little bit of heaven ( Pizzster 389 ), version: 1.0, author: Paulys Custom Skins)
00:01:26.774 : [mods] Active workshop mod ID 3024376442 (name: Grey Ghost skin for Jon Ruda's Wilson Grain Hopper, version: V1, author: Goggles 56)
00:01:26.774 : [mods] Active workshop mod ID 3029838046 (name: Grey Ghost skin for the Pizzster and Damo Peterbilt 389 EXHD, version: V1, author: Goggles 56)
00:01:26.774 : [mods] Active workshop mod ID 3035411045 (name: Grey Ghost skin for the Overfloater K100E, version: , author: Goggles 56)
00:01:26.774 : [mods] Active workshop mod ID 3030436988 (name: Updated Grey Ghost skin for the Jon Ruda Peterbilt 362. 110 Only, version: V2, author: Goggles 56)
00:01:26.774 : [mods] Active workshop mod ID 3024373504 (name: Grey Ghost skin for Jon Ruda's 379 63 and 389 72, version: V1, author: Goggles 56)
00:01:26.774 : [mods] Active workshop mod ID 2872811336 (name: Multi Colour Paint Job for Jon Ruda's W900, version: V1, author: {{Goggles 56}})
00:01:26.774 : [mods] Active local mod ai_traffic_pack_by_Jazzycat_v16.6.7_ats (name: AI Traffic Pack by Jazzycat v16.6.7, version: 16.6.7, author: Jazzycat)
00:01:26.774 : [mods] Active workshop mod ID 2561489945 (name: Thermo King reefer unit, version: 1.3, author: Overfloater)
00:01:26.774 : [mods] Active workshop mod ID 2749381639 (name: SCS Box Trailer Edited: Chromed Frame, Door, and Bumper, version: 1.1.1, author: mpie)
00:01:26.774 : [mods] Active workshop mod ID 3121862946 (name: Kenworth T680 Add-ons, version: 1.4.1, author: Sherman)
00:01:26.774 : [mods] Active workshop mod ID 3352340034 (name: SCS Extended Frames, version: 1.0, author: Champs Customz)
00:01:26.774 : [mods] Active workshop mod ID 3344433603 (name: SCS Long and Lowered Chassis, version: 1.0, author: Champs Customz)
00:01:26.774 : [mods] Active local mod JonRuda-389-Lowered-Suspension (name: [Jon Ruda - 389] Lowered Suspension, version: 10.4.26, author: KimDog Studios)
00:01:26.774 : [mods] Active workshop mod ID 665243424 (name: Peterbilt 389 Viper2 (v2.0) Chrome pack, version: 1.1a, author: JohnnyBoy59)
00:01:26.774 : [mods] Active workshop mod ID 2376620893 (name: Custom Parts for Viper2's Peterbilt 389, version: 2.0, author: Joko_P)
00:01:26.774 : [mods] Active workshop mod ID 3611296949 (name: MrBadMae's Engines and Transmissions, version: vtcbeta7, author: MrBadMae & SCS Software)
00:01:26.774 : [mods] Active local mod MrBadMae's RGB Headlights (name: MrBadMae's RGB Headlights, version: 2.0, author: MrBadMae & SCS Software)
00:01:26.774 : [mods] Active workshop mod ID 3602945760 (name: BigT LED Side Marker - V5.1, version: 1.61.0.0, author: BigT Updated by UCJOHN)
00:01:26.774 : [mods] Active workshop mod ID 1317972379 (name: Boreman LED Marker Lights Pack, version: 1.9, author: obelihnio)
00:01:26.774 : [mods] Active workshop mod ID 916489351 (name: BigT Britax LED Beacons Pack, version: 1.47.2.0, author: Big T)
00:01:26.774 : [mods] Active workshop mod ID 1605538434 (name: BigT LED Side Marker, version: 1.47.2.0, author: Big T)
00:01:26.774 : [mods] Active workshop mod ID 651067966 (name: [SCR] Smarty's Wheel Pack, version: 1.10.3, author: Smarty)
00:01:26.774 : [mods] Active local mod 24in_wheelpack (name: 24.5 Inch Wheel Pack, version: v1.8, author: ratr0 development)
00:01:26.774 : [mods] Active local mod lowpro_tires_rd (name: Low Profile Tires, version: 1.0, author: retro development)
00:01:26.774 : [mods] Active workshop mod ID 2799805078 (name: ALCOA ATS WHEEL, version: 1.0, author: Talita Ayla)
00:01:26.774 : [mods] Active local mod 30in_wheelpack_v2 (name: 30in Wheel Pack, version: v2.0, author: ratr0 development)
00:01:26.774 : [mods] Active workshop mod ID 3648893619 (name: Jon Ruda 389 & 579 Kenworth Digi Dash, version: 1.0, author: MrBadMae & SCS Software)
00:01:26.774 : [mods] Active workshop mod ID 2840804285 (name: Metallic Paint Match for Trailers Pack - 1.45, version: 1.0.0, author: Robinicus)
00:01:26.774 : [mods] Active workshop mod ID 2635484358 (name: Metallic Paint Unlock for SCS Trucks Pack, version: 1.0.0, author: Robinicus)
00:01:26.774 : [mods] Active local mod 1.6X.X_Kenworth_T680_2022_JG (name: Kenworth T680 2022 Accessories Pack, version: v12.0, author: SCS,JorgeGamer44444)
00:01:26.774 : [mods] Active workshop mod ID 3131927334 (name: Engine 650HP + 18-speed for Kenworth T680 Next Gen, version: ver_1.2, author: Gekso9en)
00:01:26.774 : [mods] Active workshop mod ID 3118465099 (name: New Exterior Options for the New KW T680, version: V3.1, author: OveRTRucK)
00:01:26.774 : [mods] Active workshop mod ID 3345504099 (name: Peterbilt 389 Add-ons [Lite], version: 1.1, author: Sherman, Ryan KD, Right Lane Gaming, pete379jp)
00:01:26.774 : [mods] Active workshop mod ID 2643227032 (name: Peterbilt 389 Rework, version: 2.2.2, author: Sherman, Ryan KD, Right Lane Gaming, pete379jp)
00:01:26.774 : [mods] Active local mod Hater_Brighter_Headlights (name: Hater Headlights, version: 1.0, author: Hatreyu)
00:01:26.774 : [mods] Active local mod LED_Mega_Pack_All_Trucks_Hatreyu_Gaming_v1.8.4 (name: LED Mega Pack Tuning All Trucks, version: 1.8.4, author: Hatreyu Gaming,Scs,Blade1974,50keda,Abasstreppas,Afrosmiu,ijsmods)
00:01:26.774 : [mods] Active local mod LED_Mega_Pack_Beacon_Patch (name: LED Mega Pack Beacon switch Patch, version: 1.5.1, author: Scs,Blade1974,50keda,Abasstreppas,Afrosmiu,ijsmods,Hatreyu Gaming)
00:01:26.774 : [mods] Active workshop mod ID 2646695960 (name: Blades Wrecker Hot Fix Pack, version: 1.0.0, author: Robinicus)
00:01:26.775 : [mods] Active workshop mod ID 2500854625 (name: Cat 3406E, version: 1.0, author: Robinicus,trainguy)
00:01:26.775 : [mods] Active workshop mod ID 3175916835 (name: CAT 3406B Straight pipe sound, version: 4.0, author: Slav Jerry & SCS Software)
00:01:26.775 : [mods] Active workshop mod ID 3528602490 (name: Cummins ISM Straight pipe sound, version: 2.0.1, author: Slav Jerry)
00:01:26.775 : [mods] Active workshop mod ID 3264213855 (name: Cummins ISX Straight pipe sound, version: 5.1, author: Slav Jerry & SCS Software)
00:01:26.775 : [mods] Active workshop mod ID 3109207522 (name: Cummins X15 Straight pipe sound, version: 2.0, author: Slav Jerry & SCS Software)
00:01:26.775 : [mods] Active workshop mod ID 3025843004 (name: Cummins Big Cam IV Straight pipe sound, version: 5.0, author: Slav Jerry)
00:01:26.775 : [mods] Active local mod Engine Sounds (name: Engine Sounds, version: 5.0.1, author: jon-ruda, Kapitan Kriechbaum)
00:01:26.775 : [mods] Active workshop mod ID 2675896683 (name: Best Motor Pack, version: 1.1, author: Vontisz)
00:01:26.775 : [mods] Active workshop mod ID 3196785461 (name: Detroit Diesel 8v71 Straight pipe sound, version: 3.0, author: Slav Jerry)
00:01:26.775 : [mods] Active workshop mod ID 2965630286 (name: Detroit Diesel 60 Series Straight pipe sound, version: 8.1, author: Slav Jerry, 60Series John & deeshan)
00:01:26.775 : [mods] Active workshop mod ID 3013687427 (name: CAT C15 6NZ Straight pipe sound, version: 5.5, author: Slav Jerry & Louisiana Truckspotting)
00:01:26.775 : [mods] Active workshop mod ID 3238905093 (name: CAT C12 Straight pipe sound, version: 2.0, author: Slav Jerry)
00:01:26.775 : [mods] Active workshop mod ID 3355438236 (name: CAT 3408 Straight pipe sound, version: 2.0, author: Slav Jerry)
00:01:26.775 : [mods] Active workshop mod ID 2042307332 (name: Detroit Diesel 60 Series Sound & Engine Pack, version: 2.0.2, author: Zeemod)
00:01:26.775 : [mods] Active workshop mod ID 843502049 (name: N14 Jake brake sound, version: 2.3, author: SprintCar2L)
00:01:26.775 : [mods] Active workshop mod ID 3518813415 (name: SCS Kenworth T680 NG Engine Sounds Improvements, version: 1.0, author: JoeAlex)
00:01:26.775 : [mods] Active workshop mod ID 830663438 (name: Sound Fixes Pack v26.60 - ATS, version: 26.60, author: Drive Safely)
00:01:26.775 : [mods] Active workshop mod ID 3103055868 (name: Realistic Brutal Graphics And Weather, version: V11, author: Kass)
00:01:26.775 : [mods] Active workshop mod ID 2676844333 (name: Fenders and Grill for Viper's 389, version: 1.0, author: Morello)
00:01:26.775 : [mods] Active workshop mod ID 3029837175 (name: Grey Ghost skin for the Pizzster and Damo Wade Step Deck. Includes Mudflaps!, version: , author: )
00:01:26.775 : [mods] Active workshop mod ID 3318356465 (name: More Used Trucks, version: 1.0, author: Whitetail)
00:01:26.775 : [mods] Active workshop mod ID 3459467655 (name: Grass_4.0_ATS_4k, version: 1.10, author: Juninho944)
00:01:26.775 : [mods] Active workshop mod ID 2916096373 (name: tree_improved__4k, version: 1.10, author: Juninho944)
00:01:26.775 : [mods] Active workshop mod ID 2914601934 (name: Weather_3.8_4k, version: 2.0, author: Juninho944)
00:01:26.775 : [mods] Active workshop mod ID 2939968682 (name: Ruda's W900 Stripes, version: , author: )
00:01:26.775 : [mods] Active workshop mod ID 2386385482 (name: Viper Changable Metalic, version: , author: )
00:01:26.775 : [mods] Active workshop mod ID 2848226289 (name: Custom Ruda 389 Skin, version: 1.0, author: Phoenix)
00:01:26.775 : [mods] Active local mod Jaspers.Real_Eaton_Fuller_Transmissions_CAST_Addon (name: Real Eaton Fuller Transmissions CAST Addon, version: 22.10.4, author: LoaderSaints)
00:01:26.775 : [mods] Active local mod ATS Exp Cargo Addon 090826 PE (name: ATS Exp Cargo Addon 090826 PE, version: ATS Expansion Cargo Addon, author: by Dr.PupzEditz.scs, ReconLobster, Driver47, Sineptorro and the BETA Tester Team)
00:01:26.775 : [mods] Active local mod Swc_Modding_Lights_Pack_0.2.6 (name: Light Pack for Swc Mods, version: 0.2.6, author: Swc Modding)
00:01:26.775 : [mods] Active workshop mod ID 1988082716 (name: Quick Gates For ATS, version: 1.60, author: Mr.AoKay)
00:01:26.775 : [mods] Active workshop mod ID 3047617915 (name: Beautiful & Stunning Female Drivers, version: 2.0.0, author: GA071MA)
00:01:26.775 : [mods] Active local mod K100 addons ratr0dev (name: K100 addons ratr0dev, version: 1.0, author: ratr0 development)
00:01:26.775 : [mods] Active workshop mod ID 941760365 (name: CAT - Heavy Cargo, version: 1.1, author: Luna)
00:01:26.775 : [mods] Active workshop mod ID 3460297877 (name: Kenworth T680 Windscreen Decal, version: 1.0, author: Paulys Custom Skins)
00:01:26.775 : [mods] Active local mod realistic_rain_reflections_standalone_v1_2 (name: Realistic Rain Reflections Standalone v1.2, version: 1.2, author: Grimes)
00:01:26.775 : [mods] Active workshop mod ID 3006377097 (name: Camera Mod, version: 1.4.0, author: NightWolf_69)
00:01:26.775 : [mods] Active local mod KSW_LightsPack (name: Lights Pack KSW, version: 1.6x.X, author: Kishadowalker)
00:01:27.883 : [zipfs] Coast_to_Coast_v2.23.60.0.scs: Created, 46865 entries
00:01:27.883 : [fs] device C:/Users/len_f/OneDrive/Documents/American Truck Simulator/mod/Coast_to_Coast_v2.23.60.0.scs mounted to mod pool.
00:01:27.883 : [mod_package_manager] Mod ""Coast to Coast v2.23.60.0"" has been mounted. (package_name: Coast_to_Coast_v2.23.60.0, version: 2.23.60.0, source: User mods)
00:01:28.539 : [zipfs] ATS_Expansion_v22.0_1.60.scs: Created, 21467 entries
00:01:28.854 : [zipfs] ATS_Expansion_v22.0_1.60.scs: Created, requested subdirectory: base, 21467 entries (21464 entries in requested subdirectory)
00:01:28.854 : [fs] device C:/Users/len_f/OneDrive/Documents/American Truck Simulator/mod/ATS_Expansion_v22.0_1.60.scs mounted to mod pool.
00:01:28.854 : [mod_package_manager] Mod ""ATS Expansion v22.0"" has been mounted. (package_name: ATS_Expansion_v22.0_1.60, version: 22.0, source: User mods)
00:01:28.869 : [zipfs] DNA_C2C_ATS_Exp_Connections_v1.4.0.1.scs: Created, 178 entries
00:01:28.869 : [fs] device C:/Users/len_f/OneDrive/Documents/American Truck Simulator/mod/DNA_C2C_ATS_Exp_Connections_v1.4.0.1.scs mounted to mod pool.
00:01:28.869 : [mod_package_manager] Mod ""DNA + C2C And ATS Expansion Connections v1.4.0.1"" has been mounted. (package_name: DNA_C2C_ATS_Exp_Connections_v1.4.0.1, version: 1.4.0.1, source: User mods)
00:01:29.602 : [zipfs] DNA_v1.7.8.scs: Created, 26015 entries
00:01:29.603 : [fs] device C:/Users/len_f/OneDrive/Documents/American Truck Simulator/mod/DNA_v1.7.8.scs mounted to mod pool.
00:01:29.603 : [mod_package_manager] Mod ""Discover North America v1.7.8"" has been mounted. (package_name: DNA_v1.7.8, version: 1.7.8, source: User mods)
00:01:29.775 : [zipfs] More American Cities (v1.0).scs: Created, 2603 entries
00:01:29.775 : [fs] device C:/Users/len_f/OneDrive/Documents/American Truck Simulator/mod/More American Cities (v1.0).scs mounted to mod pool.
00:01:29.775 : [mod_package_manager] Mod ""More American Cities"" has been mounted. (package_name: More American Cities (v1.0), version: 1.0, source: User mods)
00:01:29.789 : [zipfs] More American Cities (Washington - v1.5).scs: Created, 233 entries
00:01:29.789 : [fs] device C:/Users/len_f/OneDrive/Documents/American Truck Simulator/mod/More American Cities (Washington - v1.5).scs mounted to mod pool.
00:01:29.789 : [mod_package_manager] Mod ""More American Cities (Washington)"" has been mounted. (package_name: More American Cities (Washington - v1.5), version: 1.5, source: User mods)
00:01:29.799 : [zipfs] More American Cities (Utah - v1.3).scs: Created, 223 entries
00:01:29.799 : [fs] device C:/Users/len_f/OneDrive/Documents/American Truck Simulator/mod/More American Cities (Utah - v1.3).scs mounted to mod pool.
00:01:29.799 : [mod_package_manager] Mod ""More American Cities (Utah)"" has been mounted. (package_name: More American Cities (Utah - v1.3), version: 1.3, source: User mods)
00:01:29.843 : [zipfs] More American Cities (Texas - v1.4).scs: Created, 764 entries
00:01:29.843 : [fs] device C:/Users/len_f/OneDrive/Documents/American Truck Simulator/mod/More American Cities (Texas - v1.4).scs mounted to mod pool.
00:01:29.843 : [mod_package_manager] Mod ""More American Cities (Texas)"" has been mounted. (package_name: More American Cities (Texas - v1.4), version: 1.4, source: User mods)
00:01:29.859 : [zipfs] More American Cities (Oregon - v1.1).scs: Created, 283 entries
00:01:29.859 : [fs] device C:/Users/len_f/OneDrive/Documents/American Truck Simulator/mod/More American Cities (Oregon - v1.1).scs mounted to mod pool.
00:01:29.860 : [mod_package_manager] Mod ""More American Cities (Oregon)"" has been mounted. (package_name: More American Cities (Oregon - v1.1), version: 1.1, source: User mods)
00:01:29.869 : [zipfs] More American Cities (Oklahoma - v1.6).scs: Created, 238 entries
00:01:29.869 : [fs] device C:/Users/len_f/OneDrive/Documents/American Truck Simulator/mod/More American Cities (Oklahoma - v1.6).scs mounted to mod pool.
00:01:29.869 : [mod_package_manager] Mod ""More American Cities (Oklahoma)"" has been mounted. (package_name: More American Cities (Oklahoma - v1.6), version: 1.6, source: User mods)
00:01:29.880 : [zipfs] More American Cities (Nevada - v1.3).scs: Created, 161 entries
00:01:29.881 : [fs] device C:/Users/len_f/OneDrive/Documents/American Truck Simulator/mod/More American Cities (Nevada - v1.3).scs mounted to mod pool.
00:01:29.881 : [mod_package_manager] Mod ""More American Cities (Nevada)"" has been mounted. (package_name: More American Cities (Nevada - v1.3), version: 1.3, source: User mods)
00:01:29.893 : [zipfs] More American Cities (Idaho - v1.7).scs: Created, 235 entries
00:01:29.893 : [fs] device C:/Users/len_f/OneDrive/Documents/American Truck Simulator/mod/More American Cities (Idaho - v1.7).scs mounted to mod pool.
00:01:29.894 : [mod_package_manager] Mod ""More American Cities (Idaho)"" has been mounted. (package_name: More American Cities (Idaho - v1.7), version: 1.7, source: User mods)
00:01:29.913 : [zipfs] More American Cities (Colorado - v1.7).scs: Created, 301 entries
00:01:29.913 : [fs] device C:/Users/len_f/OneDrive/Documents/American Truck Simulator/mod/More American Cities (Colorado - v1.7).scs mounted to mod pool.
00:01:29.913 : [mod_package_manager] Mod ""More American Cities (Colorado)"" has been mounted. (package_name: More American Cities (Colorado - v1.7), version: 1.7, source: User mods)
00:01:29.914 : [fs] device C:/SteamLibrary/steamapps/workshop/content/270880/2891302992/universal mounted to mod pool.
00:01:29.914 : [mod_package_manager] Mod ""TA Travel for Texas DLC"" has been mounted. (package_name: mod_workshop_package.00000000AC55C850, version: 1.0, source: Steam Workshop)
00:01:29.914 : [fs] device C:/SteamLibrary/steamapps/workshop/content/270880/1774827107/satmap_names_2068 mounted to mod pool.
00:01:29.914 : [mod_package_manager] Mod ""WorldMap Satellite Background w/State Names"" has been mounted. (package_name: mod_workshop_package.0000000069C9B663, version: 2068, source: Steam Workshop)
00:01:29.914 : [fs] device C:/SteamLibrary/steamapps/workshop/content/270880/2698417437/universal mounted to mod pool.
00:01:29.914 : [mod_package_manager] Mod ""International 9800 i"" has been mounted. (package_name: mod_workshop_package.00000000A0D6951D, version: 1.56.X, source: Steam Workshop)
00:01:29.914 : [fs] device C:/SteamLibrary/steamapps/workshop/content/270880/3247725947/universal mounted to mod pool.
00:01:29.914 : [mod_package_manager] Mod ""International 9300i"" has been mounted. (package_name: mod_workshop_package.00000000C1945D7B, version: 2.2, source: Steam Workshop)
00:01:29.915 : [hashfs] BladeShop_LTL_9000_ATS_1.60.scs: Created, 6993 entries
00:01:29.915 : [fs] device C:/Users/len_f/OneDrive/Documents/American Truck Simulator/mod/BladeShop_LTL_9000_ATS_1.60.scs mounted to mod pool.
00:01:29.915 : [mod_package_manager] Mod ""Ford LTL"" has been mounted. (package_name: BladeShop_LTL_9000_ATS_1.60, version: 1.60, source: User mods)
00:01:29.915 : [fs] device C:/SteamLibrary/steamapps/workshop/content/270880/2875335212/universal mounted to mod pool.
00:01:29.915 : [mod_package_manager] Mod ""Freightliner FLD"" has been mounted. (package_name: mod_workshop_package.00000000AB62222C, version: 2.1, source: Steam Workshop)
00:01:30.134 : [zipfs] Freightliner_FLC_Renenate.scs: Created, 5983 entries
00:01:30.134 : [fs] device C:/Users/len_f/OneDrive/Documents/American Truck Simulator/mod/Freightliner_FLC_Renenate.scs mounted to mod pool.
00:01:30.134 : [mod_package_manager] Mod ""Freightliner FLC "" has been mounted. (package_name: Freightliner_FLC_Renenate, version: 1.44, source: User mods)
00:01:30.170 : [zipfs] 159.zip: Created, 2621 entries
00:01:30.170 : [fs] device C:/SteamLibrary/steamapps/workshop/content/270880/867643690/159.zip mounted to mod pool.
00:01:30.170 : [mod_package_manager] Mod ""Freightliner FLB edited by Harven"" has been mounted. (package_name: mod_workshop_package.0000000033B7312A, version: 2.0.10, source: Steam Workshop)
00:01:30.561 : [zipfs] Freightliner_FLB_Renenate.scs: Created, 15953 entries
00:01:30.561 : <WARNING> [mods] No display_name defined in Freightliner_FLB_Renenate. Using package name instead.
00:01:30.561 : [fs] device C:/Users/len_f/OneDrive/Documents/American Truck Simulator/mod/Freightliner_FLB_Renenate.scs mounted to mod pool.
00:01:30.561 : [mod_package_manager] Mod ""Freightliner_FLB_Renenate"" has been mounted. (package_name: Freightliner_FLB_Renenate, version: 2.1, source: User mods)
00:01:30.590 : [zipfs] 159.zip: Created, 2385 entries
00:01:30.590 : [fs] device C:/SteamLibrary/steamapps/workshop/content/270880/2113006265/159.zip mounted to mod pool.
00:01:30.590 : [mod_package_manager] Mod ""Freightliner Argosy 2.7 for game version 1.43+"" has been mounted. (package_name: mod_workshop_package.000000007DF1EAB9, version: 2.7, source: Steam Workshop)
00:01:30.597 : [zipfs] peterbilt.389xx.scs: Created, 239 entries
00:01:30.597 : [fs] device C:/Users/len_f/OneDrive/Documents/American Truck Simulator/mod/peterbilt.389xx.scs mounted to mod pool.
00:01:30.597 : [mod_package_manager] Mod ""Project SCS 389"" has been mounted. (package_name: peterbilt.389xx, version: 0.05, source: User mods)
00:01:30.652 : [zipfs] peterbilt_352_362_project_41400.zip: Created, 4015 entries
00:01:30.652 : [fs] device C:/SteamLibrary/steamapps/workshop/content/270880/2435980341/peterbilt_352_362_project_41400.zip mounted to mod pool.
00:01:30.652 : [mod_package_manager] Mod ""Peterbilt 352/362 Project (4.140.0) [CURRENTLY FIXING]"" has been mounted. (package_name: mod_workshop_package.0000000091321C35, version: 4.140.0, source: Steam Workshop)
00:01:30.802 : [zipfs] project3xx_146.scs: Created, 3379 entries
00:01:30.803 : [fs] device C:/Users/len_f/OneDrive/Documents/American Truck Simulator/mod/project3xx_146.scs mounted to mod pool.
00:01:30.803 : [mod_package_manager] Mod ""Project3XX"" has been mounted. (package_name: project3xx_146, version: 2.147a, source: User mods)
00:01:30.803 : [fs] device C:/SteamLibrary/steamapps/workshop/content/270880/2032768269/379x_140 mounted to mod pool.
00:01:30.803 : [mod_package_manager] Mod ""2004-2006 Peterbilt 379X"" has been mounted. (package_name: mod_workshop_package.000000007929950D, version: 2.00x, source: Steam Workshop)
00:01:30.803 : [fs] device C:/SteamLibrary/steamapps/workshop/content/270880/2626143691/universal mounted to mod pool.
00:01:30.803 : [mod_package_manager] Mod ""Rezbilt 389"" has been mounted. (package_name: mod_workshop_package.000000009C87C5CB, version: 1.0, source: Steam Workshop)
00:01:31.007 : [zipfs] Peterbilt_389_MF_f489a.scs: Created, 5635 entries
00:01:31.007 : <WARNING> [mods] No display_name defined in Peterbilt_389_MF_f489a. Using package name instead.
00:01:31.007 : [fs] device C:/Users/len_f/OneDrive/Documents/American Truck Simulator/mod/Peterbilt_389_MF_f489a.scs mounted to mod pool.
00:01:31.007 : [mod_package_manager] Mod ""Peterbilt_389_MF_f489a"" has been mounted. (package_name: Peterbilt_389_MF_f489a, version: V2.2.2 ATS, source: User mods)
00:01:31.087 : [zipfs] Modified_Peterbilt_389_144.scs: Created, 5127 entries
00:01:31.088 : <WARNING> [mods] No display_name defined in Modified_Peterbilt_389_144. Using package name instead.
00:01:31.088 : [fs] device C:/Users/len_f/OneDrive/Documents/American Truck Simulator/mod/Modified_Peterbilt_389_144.scs mounted to mod pool.
00:01:31.088 : [mod_package_manager] Mod ""Modified_Peterbilt_389_144"" has been mounted. (package_name: Modified_Peterbilt_389_144, version: V2.3 ATS, source: User mods)
00:01:31.088 : [hashfs] Pinga_389_v2.1.scs: Created, 16293 entries
00:01:31.088 : [fs] device C:/Users/len_f/OneDrive/Documents/American Truck Simulator/mod/Pinga_389_v2.1.scs mounted to mod pool.
00:01:31.089 : [mod_package_manager] Mod ""Pm Peterbilt 3xx"" has been mounted. (package_name: Pinga_389_v2.1, version: 2.1, source: User mods)
00:01:31.089 : [fs] device C:/SteamLibrary/steamapps/workshop/content/270880/3532914327/universal mounted to mod pool.
00:01:31.089 : [mod_package_manager] Mod ""Peterbilt_389 Tuning Pack Daniel B.V"" has been mounted. (package_name: mod_workshop_package.00000000D293FE97, version: 1.0, source: Steam Workshop)
00:01:31.089 : [fs] device C:/SteamLibrary/steamapps/workshop/content/270880/3707214062/universal mounted to mod pool.
00:01:31.089 : [mod_package_manager] Mod ""Kenworth W990 Custom Sleeper 76 - Edición Baja Style"" has been mounted. (package_name: mod_workshop_package.00000000DCF798EE, version: 1.2.5, source: Steam Workshop)
00:01:31.111 : [zipfs] 159.zip: Created, 1744 entries
00:01:31.133 : [zipfs] 159.zip: Created, requested subdirectory: base, 1744 entries (1741 entries in requested subdirectory)
00:01:31.133 : [fs] device C:/SteamLibrary/steamapps/workshop/content/270880/1781104022/159.zip mounted to mod pool.
00:01:31.133 : [mod_package_manager] Mod ""Kenworth W990 edited by Harven"" has been mounted. (package_name: mod_workshop_package.000000006A297D96, version: 1.2.5, source: Steam Workshop)
00:01:31.155 : [zipfs] gtmt800139.zip: Created, 1672 entries
00:01:31.155 : [fs] device C:/SteamLibrary/steamapps/workshop/content/270880/1387205658/gtmt800139.zip mounted to mod pool.
00:01:31.155 : [mod_package_manager] Mod ""GTM Kenworth T800"" has been mounted. (package_name: mod_workshop_package.0000000052AF141A, version: 1.2.38, source: Steam Workshop)
00:01:31.175 : [zipfs] gtmw900b139.zip: Created, 1548 entries
00:01:31.175 : [fs] device C:/SteamLibrary/steamapps/workshop/content/270880/1378683697/gtmw900b139.zip mounted to mod pool.
00:01:31.175 : [mod_package_manager] Mod ""GTM Kenworth W900B"" has been mounted. (package_name: mod_workshop_package.00000000522D0B31, version: 1.2.2, source: Steam Workshop)
00:01:31.175 : [hashfs] PM_Kenworth_W900_v2.2.scs: Created, 5902 entries
00:01:31.175 : [fs] device C:/Users/len_f/OneDrive/Documents/American Truck Simulator/mod/PM_Kenworth_W900_v2.2.scs mounted to mod pool.
00:01:31.175 : [mod_package_manager] Mod ""w900 Pinga"" has been mounted. (package_name: PM_Kenworth_W900_v2.2, version: 1.0, source: User mods)
00:01:31.176 : [fs] device C:/SteamLibrary/steamapps/workshop/content/270880/1815959194/universal mounted to mod pool.
00:01:31.176 : [mod_package_manager] Mod ""Kenworth K100E"" has been mounted. (package_name: mod_workshop_package.000000006C3D569A, version: 1.4, source: Steam Workshop)
00:01:31.307 : [zipfs] KW220.scs: Created, 7166 entries
00:01:31.307 : [fs] device C:/Users/len_f/OneDrive/Documents/American Truck Simulator/mod/KW220.scs mounted to mod pool.
00:01:31.307 : [mod_package_manager] Mod ""Kenworth K220 Schneider"" has been mounted. (package_name: KW220, version: 1.6, source: User mods)
00:01:31.307 : [hashfs] universal.scs: Created, 1138 entries
00:01:31.311 : [fs] device C:/SteamLibrary/steamapps/workshop/content/270880/3607234862/universal.scs mounted to mod pool.
00:01:31.311 : [mod_package_manager] Mod ""GTM Fixes"" has been mounted. (package_name: mod_workshop_package.00000000D702092E, version: 1.6, source: Steam Workshop)
00:01:31.312 : [hashfs] Jaspers.Kenworth_w900_series_v1.scs: Created, 7853 entries
00:01:31.312 : [fs] device C:/Users/len_f/OneDrive/Documents/American Truck Simulator/mod/Jaspers.Kenworth_w900_series_v1.scs mounted to mod pool.
00:01:31.312 : [mod_package_manager] Mod ""Early Acess - Jasper's Kenworth W900 Series"" has been mounted. (package_name: Jaspers.Kenworth_w900_series_v1, version: 1.0, source: User mods)
00:01:31.312 : [zipfs] Jaspers.Dashboard_color_custom.scs: Created, 9 entries
00:01:31.313 : [fs] device C:/Users/len_f/OneDrive/Documents/American Truck Simulator/mod/Jaspers.Dashboard_color_custom.scs mounted to mod pool.
00:01:31.313 : [mod_package_manager] Mod ""Dashboard Color - Jasper's Kenworth W900 Series"" has been mounted. (package_name: Jaspers.Dashboard_color_custom, version: 0.0, source: User mods)
00:01:31.313 : [zipfs] Jaspers.lowered_chassis.Kenworth_w900.scs: Created, 18 entries
00:01:31.314 : [fs] device C:/Users/len_f/OneDrive/Documents/American Truck Simulator/mod/Jaspers.lowered_chassis.Kenworth_w900.scs mounted to mod pool.
00:01:31.314 : [mod_package_manager] Mod ""Lowered Chassis - Jasper's Kenworth W900 Series"" has been mounted. (package_name: Jaspers.lowered_chassis.Kenworth_w900, version: 0.4, source: User mods)
00:01:31.314 : [hashfs] Jaspers.lightpack_v.05_100_brightness.scs: Created, 850 entries
00:01:31.314 : [fs] device C:/Users/len_f/OneDrive/Documents/American Truck Simulator/mod/Jaspers.lightpack_v.05_100%_brightness.scs mounted to mod pool.
00:01:31.314 : [mod_package_manager] Mod ""100% Brightness Jasper's Light Pack"" has been mounted. (package_name: Jaspers.lightpack_v.05_100%_brightness, version: 0.5, source: User mods)
00:01:31.314 : [hashfs] Jaspers.Steering_wheels_v.0.4.scs: Created, 124 entries
00:01:31.314 : [fs] device C:/Users/len_f/OneDrive/Documents/American Truck Simulator/mod/Jaspers.Steering_wheels_v.0.4.scs mounted to mod pool.
00:01:31.314 : [mod_package_manager] Mod ""Jasper's Steering Pack"" has been mounted. (package_name: Jaspers.Steering_wheels_v.0.4, version: 0.4, source: User mods)
00:01:31.315 : [hashfs] Pizzster_Modding_389_ATS_1.60.scs: Created, 5957 entries
00:01:31.315 : [fs] device C:/Users/len_f/OneDrive/Documents/American Truck Simulator/mod/Pizzster_Modding_389_ATS_1.60.scs mounted to mod pool.
00:01:31.315 : [mod_package_manager] Mod ""Custom 389 MegaPack"" has been mounted. (package_name: Pizzster_Modding_389_ATS_1.60, version: 1.60, source: User mods)
00:01:31.315 : [zipfs] Pizzster_Modding_389_KEY.scs: Created, 8 entries
00:01:31.315 : [fs] device C:/Users/len_f/OneDrive/Documents/American Truck Simulator/mod/Pizzster_Modding_389_KEY.scs mounted to mod pool.
00:01:31.316 : [mod_package_manager] Mod ""Personal KEY Custom 389 MegaPack"" has been mounted. (package_name: Pizzster_Modding_389_KEY, version: v1.0, source: User mods)
00:01:31.316 : [hashfs] Pizzster_Modding_389_SKIN_PACK.scs: Created, 259 entries
00:01:31.316 : [fs] device C:/Users/len_f/OneDrive/Documents/American Truck Simulator/mod/Pizzster_Modding_389_SKIN_PACK.scs mounted to mod pool.
00:01:31.316 : [mod_package_manager] Mod ""Pizzster 389 Skin Pack"" has been mounted. (package_name: Pizzster_Modding_389_SKIN_PACK, version: v1.0, source: User mods)
00:01:31.316 : [hashfs] Pizzster_Modding_389_Skinable_Logos_v2.scs: Created, 160 entries
00:01:31.316 : [fs] device C:/Users/len_f/OneDrive/Documents/American Truck Simulator/mod/Pizzster_Modding_389_Skinable_Logos_v2.scs mounted to mod pool.
00:01:31.316 : [mod_package_manager] Mod ""Skinable Logos Pizzster&Damo 389"" has been mounted. (package_name: Pizzster_Modding_389_Skinable_Logos_v2, version: v2.0, source: User mods)
00:01:31.319 : [hashfs] Freightshaker Classic XL Personal KEY.scs: Created, 196665 entries
00:01:31.319 : [fs] device C:/Users/len_f/OneDrive/Documents/American Truck Simulator/mod/Freightshaker Classic XL Personal KEY.scs mounted to mod pool.
00:01:31.319 : [mod_package_manager] Mod ""Classic XL Personal KEY"" has been mounted. (package_name: Freightshaker Classic XL Personal KEY, version: 10.0, source: User mods)
00:01:31.321 : [hashfs] Freightshaker Classic XL ATS.scs: Created, 209744 entries
00:01:31.322 : [fs] device C:/Users/len_f/OneDrive/Documents/American Truck Simulator/mod/Freightshaker Classic XL ATS.scs mounted to mod pool.
00:01:31.322 : [mod_package_manager] Mod ""Classic XL"" has been mounted. (package_name: Freightshaker Classic XL ATS, version: 10.7, source: User mods)
00:01:31.322 : [zipfs] Freightshaker Classic XL Realistic Headlights.scs: Created, 10 entries
00:01:31.323 : [fs] device C:/Users/len_f/OneDrive/Documents/American Truck Simulator/mod/Freightshaker Classic XL Realistic Headlights.scs mounted to mod pool.
00:01:31.323 : [mod_package_manager] Mod ""Classic XL Realistic Headlights"" has been mounted. (package_name: Freightshaker Classic XL Realistic Headlights, version: 10.5.1, source: User mods)
00:01:31.324 : [zipfs] Freightshaker Classic XL DLC Steering Wheels Compatibility.scs: Created, 62 entries
00:01:31.324 : [fs] device C:/Users/len_f/OneDrive/Documents/American Truck Simulator/mod/Freightshaker Classic XL DLC Steering Wheels Compatibility.scs mounted to mod pool.
00:01:31.324 : [mod_package_manager] Mod ""Classic XL DLC Steering Wheels Compatibility"" has been mounted. (package_name: Freightshaker Classic XL DLC Steering Wheels Compatibility, version: 10.0, source: User mods)
00:01:31.336 : [zipfs] Freightshaker Classic XL SISL Pack Compatibility.scs: Created, 943 entries
00:01:31.336 : [fs] device C:/Users/len_f/OneDrive/Documents/American Truck Simulator/mod/Freightshaker Classic XL SISL Pack Compatibility.scs mounted to mod pool.
00:01:31.336 : [mod_package_manager] Mod ""Classic XL SISL Compatibility"" has been mounted. (package_name: Freightshaker Classic XL SISL Pack Compatibility, version: 10.0, source: User mods)
00:01:31.340 : [zipfs] Freightshaker Classic XL DLC Toys Compatibility.scs: Created, 267 entries
00:01:31.340 : [fs] device C:/Users/len_f/OneDrive/Documents/American Truck Simulator/mod/Freightshaker Classic XL DLC Toys Compatibility.scs mounted to mod pool.
00:01:31.340 : [mod_package_manager] Mod ""Classic XL DLC Accessories Compatibility"" has been mounted. (package_name: Freightshaker Classic XL DLC Toys Compatibility, version: 10.0, source: User mods)
00:01:31.686 : [zipfs] Haterbilt_v4.9.1_389viper2_ATS_ETS2_by_Hatreyu_Gaming.scs: Created, 20575 entries
00:01:31.686 : [fs] device C:/Users/len_f/OneDrive/Documents/American Truck Simulator/mod/Haterbilt_v4.9.1_389viper2_ATS_ETS2_by_Hatreyu_Gaming.scs mounted to mod pool.
00:01:31.686 : [mod_package_manager] Mod ""Haterbilt v4.9.1"" has been mounted. (package_name: Haterbilt_v4.9.1_389viper2_ATS_ETS2_by_Hatreyu_Gaming, version: Haterbilt v4.9.1, source: User mods)
00:01:31.687 : [zipfs] Haterbilt_Chrome_New_Shine.scs: Created, 14 entries
00:01:31.687 : [fs] device C:/Users/len_f/OneDrive/Documents/American Truck Simulator/mod/Haterbilt_Chrome_New_Shine.scs mounted to mod pool.
00:01:31.687 : [mod_package_manager] Mod ""Haterbilt Chrome New"" has been mounted. (package_name: Haterbilt_Chrome_New_Shine, version: 01, source: User mods)
00:01:31.689 : [hashfs] Pete 362 Cabover Personal KEY.scs: Created, 196884 entries
00:01:31.689 : [fs] device C:/Users/len_f/OneDrive/Documents/American Truck Simulator/mod/Pete 362 Cabover Personal KEY.scs mounted to mod pool.
00:01:31.690 : [mod_package_manager] Mod ""Pete 362 Cabover Personal KEY"" has been mounted. (package_name: Pete 362 Cabover Personal KEY, version: 5.0, source: User mods)
00:01:31.693 : [hashfs] Pete 362 Cabover.scs: Created, 206598 entries
00:01:31.693 : [fs] device C:/Users/len_f/OneDrive/Documents/American Truck Simulator/mod/Pete 362 Cabover.scs mounted to mod pool.
00:01:31.693 : [mod_package_manager] Mod ""Pete 362 Cabover"" has been mounted. (package_name: Pete 362 Cabover, version: 5.7.1, source: User mods)
00:01:31.693 : [zipfs] Pete 362 Cabover Realistic Headlights.scs: Created, 10 entries
00:01:31.693 : [fs] device C:/Users/len_f/OneDrive/Documents/American Truck Simulator/mod/Pete 362 Cabover Realistic Headlights.scs mounted to mod pool.
00:01:31.693 : [mod_package_manager] Mod ""Pete 362 Cabover Realistic Headlights"" has been mounted. (package_name: Pete 362 Cabover Realistic Headlights, version: 5.7.1, source: User mods)
00:01:31.695 : [zipfs] Pete 362 Cabover DLC Steering Wheels Compatibility.scs: Created, 62 entries
00:01:31.695 : [fs] device C:/Users/len_f/OneDrive/Documents/American Truck Simulator/mod/Pete 362 Cabover DLC Steering Wheels Compatibility.scs mounted to mod pool.
00:01:31.695 : [mod_package_manager] Mod ""Pete 362 Cabover DLC Steering Wheels Compatibility"" has been mounted. (package_name: Pete 362 Cabover DLC Steering Wheels Compatibility, version: 5.0, source: User mods)
00:01:31.708 : [zipfs] Pete 362 Cabover SISL Pack Compatibility.scs: Created, 1008 entries
00:01:31.708 : [fs] device C:/Users/len_f/OneDrive/Documents/American Truck Simulator/mod/Pete 362 Cabover SISL Pack Compatibility.scs mounted to mod pool.
00:01:31.708 : [mod_package_manager] Mod ""Pete 362 Cabover SISL Compatibility"" has been mounted. (package_name: Pete 362 Cabover SISL Pack Compatibility, version: 5.0, source: User mods)
00:01:31.711 : [zipfs] Pete 362 Cabover DLC Toys Compatibility.scs: Created, 281 entries
00:01:31.712 : [fs] device C:/Users/len_f/OneDrive/Documents/American Truck Simulator/mod/Pete 362 Cabover DLC Toys Compatibility.scs mounted to mod pool.
00:01:31.712 : [mod_package_manager] Mod ""Pete 362 Cabover DLC Accessories Compatibility"" has been mounted. (package_name: Pete 362 Cabover DLC Toys Compatibility, version: 5.0, source: User mods)
00:01:31.714 : [hashfs] Freightshaker Cascadia 125 Personal KEY.scs: Created, 196620 entries
00:01:31.715 : [fs] device C:/Users/len_f/OneDrive/Documents/American Truck Simulator/mod/Freightshaker Cascadia 125 Personal KEY.scs mounted to mod pool.
00:01:31.715 : [mod_package_manager] Mod ""Cascadia 125 Personal KEY"" has been mounted. (package_name: Freightshaker Cascadia 125 Personal KEY, version: 3.0, source: User mods)
00:01:31.717 : [hashfs] Freightshaker Cascadia 125 ATS.scs: Created, 209892 entries
00:01:31.717 : [fs] device C:/Users/len_f/OneDrive/Documents/American Truck Simulator/mod/Freightshaker Cascadia 125 ATS.scs mounted to mod pool.
00:01:31.718 : [mod_package_manager] Mod ""Cascadia 125"" has been mounted. (package_name: Freightshaker Cascadia 125 ATS, version: 3.8, source: User mods)
00:01:31.718 : [zipfs] Freightshaker Cascadia 125 Realistic Headlights.scs: Created, 10 entries
00:01:31.718 : [fs] device C:/Users/len_f/OneDrive/Documents/American Truck Simulator/mod/Freightshaker Cascadia 125 Realistic Headlights.scs mounted to mod pool.
00:01:31.718 : [mod_package_manager] Mod ""Cascadia 125 Realistic Headlights"" has been mounted. (package_name: Freightshaker Cascadia 125 Realistic Headlights, version: 3.6.1, source: User mods)
00:01:31.719 : [zipfs] Freightshaker Cascadia 125 DLC Steering Wheels Compatibility.scs: Created, 62 entries
00:01:31.720 : [fs] device C:/Users/len_f/OneDrive/Documents/American Truck Simulator/mod/Freightshaker Cascadia 125 DLC Steering Wheels Compatibility.scs mounted to mod pool.
00:01:31.720 : [mod_package_manager] Mod ""Cascadia 125 DLC Steering Wheels Compatibility"" has been mounted. (package_name: Freightshaker Cascadia 125 DLC Steering Wheels Compatibility, version: 3.0, source: User mods)
00:01:31.733 : [zipfs] Freightshaker Cascadia 125 SISL Pack Compatibility.scs: Created, 902 entries
00:01:31.733 : [fs] device C:/Users/len_f/OneDrive/Documents/American Truck Simulator/mod/Freightshaker Cascadia 125 SISL Pack Compatibility.scs mounted to mod pool.
00:01:31.733 : [mod_package_manager] Mod ""Cascadia 125 SISL Pack Compatibility"" has been mounted. (package_name: Freightshaker Cascadia 125 SISL Pack Compatibility, version: 3.0, source: User mods)
00:01:31.738 : [zipfs] Freightshaker Cascadia 125 DLC Toys Compatibility.scs: Created, 266 entries
00:01:31.738 : [fs] device C:/Users/len_f/OneDrive/Documents/American Truck Simulator/mod/Freightshaker Cascadia 125 DLC Toys Compatibility.scs mounted to mod pool.
00:01:31.738 : [mod_package_manager] Mod ""Cascadia 125 DLC Accessories Compatibility"" has been mounted. (package_name: Freightshaker Cascadia 125 DLC Toys Compatibility, version: 3.0, source: User mods)
00:01:31.741 : [hashfs] Freightshaker Coronado SD Personal KEY.scs: Created, 196690 entries
00:01:31.741 : [fs] device C:/Users/len_f/OneDrive/Documents/American Truck Simulator/mod/Freightshaker Coronado SD Personal KEY.scs mounted to mod pool.
00:01:31.741 : [mod_package_manager] Mod ""Freightshaker Coronado SD Personal KEY"" has been mounted. (package_name: Freightshaker Coronado SD Personal KEY, version: 3.0, source: User mods)
00:01:31.744 : [hashfs] Freightshaker Coronado SD.scs: Created, 210480 entries
00:01:31.744 : [fs] device C:/Users/len_f/OneDrive/Documents/American Truck Simulator/mod/Freightshaker Coronado SD.scs mounted to mod pool.
00:01:31.744 : [mod_package_manager] Mod ""Freightshaker Coronado SD"" has been mounted. (package_name: Freightshaker Coronado SD, version: 3.1, source: User mods)
00:01:31.746 : [zipfs] Freightshaker Coronado SD DLC Steering Wheels Compatibility.scs: Created, 62 entries
00:01:31.746 : [fs] device C:/Users/len_f/OneDrive/Documents/American Truck Simulator/mod/Freightshaker Coronado SD DLC Steering Wheels Compatibility.scs mounted to mod pool.
00:01:31.746 : [mod_package_manager] Mod ""Freightshaker Coronado SD DLC Steering Wheels Compatibility"" has been mounted. (package_name: Freightshaker Coronado SD DLC Steering Wheels Compatibility, version: 3.0, source: User mods)
00:01:31.758 : [zipfs] Freightshaker Coronado SD SISL Pack Compatibity.scs: Created, 920 entries
00:01:31.758 : [fs] device C:/Users/len_f/OneDrive/Documents/American Truck Simulator/mod/Freightshaker Coronado SD SISL Pack Compatibity.scs mounted to mod pool.
00:01:31.758 : [mod_package_manager] Mod ""Freightshaker Coronado SD SISL Compatibility"" has been mounted. (package_name: Freightshaker Coronado SD SISL Pack Compatibity, version: 3.0, source: User mods)
00:01:31.763 : [zipfs] Freightshaker Coronado SD DLC Toys Compatibility.scs: Created, 270 entries
00:01:31.763 : [fs] device C:/Users/len_f/OneDrive/Documents/American Truck Simulator/mod/Freightshaker Coronado SD DLC Toys Compatibility.scs mounted to mod pool.
00:01:31.763 : [mod_package_manager] Mod ""Freightshaker Coronado SD DLC Accessories Compatibility"" has been mounted. (package_name: Freightshaker Coronado SD DLC Toys Compatibility, version: 3.0, source: User mods)
00:01:31.765 : [hashfs] Pete 579 Personal KEY.scs: Created, 196659 entries
00:01:31.766 : [fs] device C:/Users/len_f/OneDrive/Documents/American Truck Simulator/mod/Pete 579 Personal KEY.scs mounted to mod pool.
00:01:31.766 : [mod_package_manager] Mod ""Pete 579 NG Personal KEY"" has been mounted. (package_name: Pete 579 Personal KEY, version: 2.0, source: User mods)
00:01:31.769 : [hashfs] Pete 579.scs: Created, 203872 entries
00:01:31.769 : [fs] device C:/Users/len_f/OneDrive/Documents/American Truck Simulator/mod/Pete 579.scs mounted to mod pool.
00:01:31.769 : [mod_package_manager] Mod ""Pete 579 NG"" has been mounted. (package_name: Pete 579, version: 2.6.1, source: User mods)
00:01:31.770 : [zipfs] Pete 579 DLC Steering Wheels Compatibility.scs: Created, 62 entries
00:01:31.770 : [fs] device C:/Users/len_f/OneDrive/Documents/American Truck Simulator/mod/Pete 579 DLC Steering Wheels Compatibility.scs mounted to mod pool.
00:01:31.770 : [mod_package_manager] Mod ""Pete 579 NG DLC Steering Wheels Compatibility"" has been mounted. (package_name: Pete 579 DLC Steering Wheels Compatibility, version: 2.0, source: User mods)
00:01:31.785 : [zipfs] Pete 579 SISL Pack Compatibility.scs: Created, 917 entries
00:01:31.785 : [fs] device C:/Users/len_f/OneDrive/Documents/American Truck Simulator/mod/Pete 579 SISL Pack Compatibility.scs mounted to mod pool.
00:01:31.785 : [mod_package_manager] Mod ""Pete 579 NG SISL Pack Compatibility"" has been mounted. (package_name: Pete 579 SISL Pack Compatibility, version: 2.0, source: User mods)
00:01:31.789 : [zipfs] Pete 579 DLC Toys Compatibility.scs: Created, 261 entries
00:01:31.789 : [fs] device C:/Users/len_f/OneDrive/Documents/American Truck Simulator/mod/Pete 579 DLC Toys Compatibility.scs mounted to mod pool.
00:01:31.789 : [mod_package_manager] Mod ""Pete 579 NG DLC Accessories Compatibility"" has been mounted. (package_name: Pete 579 DLC Toys Compatibility, version: 2.0, source: User mods)
00:01:31.792 : [hashfs] KW W900 Highway Killer.scs: Created, 215492 entries
00:01:31.792 : [fs] device C:/Users/len_f/OneDrive/Documents/American Truck Simulator/mod/KW W900 Highway Killer.scs mounted to mod pool.
00:01:31.792 : [mod_package_manager] Mod ""KW W900L H-WAY KILLER"" has been mounted. (package_name: KW W900 Highway Killer, version: 9.4, source: User mods)
00:01:31.792 : [zipfs] KW W900 Highway Killer Realistic Headlights.scs: Created, 10 entries
00:01:31.792 : [fs] device C:/Users/len_f/OneDrive/Documents/American Truck Simulator/mod/KW W900 Highway Killer Realistic Headlights.scs mounted to mod pool.
00:01:31.792 : [mod_package_manager] Mod ""KW W900L H-WAY KILLER Realistic Headlights"" has been mounted. (package_name: KW W900 Highway Killer Realistic Headlights, version: 9.4, source: User mods)
00:01:31.805 : [zipfs] KW W900 Highway Killer SISL Pack Compatibility.scs: Created, 1018 entries
00:01:31.805 : [fs] device C:/Users/len_f/OneDrive/Documents/American Truck Simulator/mod/KW W900 Highway Killer SISL Pack Compatibility.scs mounted to mod pool.
00:01:31.805 : [mod_package_manager] Mod ""KW W900 H-WAY KILLER SISL Compatibility"" has been mounted. (package_name: KW W900 Highway Killer SISL Pack Compatibility, version: 9.0, source: User mods)
00:01:31.810 : [zipfs] KW W900 Highway Killer DLC Toys Compatibility.scs: Created, 286 entries
00:01:31.810 : [fs] device C:/Users/len_f/OneDrive/Documents/American Truck Simulator/mod/KW W900 Highway Killer DLC Toys Compatibility.scs mounted to mod pool.
00:01:31.810 : [mod_package_manager] Mod ""KW W900 H-WAY KILLER DLC Accessories Compatibility"" has been mounted. (package_name: KW W900 Highway Killer DLC Toys Compatibility, version: 9.0, source: User mods)
00:01:31.811 : [zipfs] KW W900 Highway Killer DLC Steering Wheels Compatibility.scs: Created, 62 entries
00:01:31.811 : [fs] device C:/Users/len_f/OneDrive/Documents/American Truck Simulator/mod/KW W900 Highway Killer DLC Steering Wheels Compatibility.scs mounted to mod pool.
00:01:31.811 : [mod_package_manager] Mod ""KW W900L H-WAY KILLER DLC Steering Wheels Compatibility"" has been mounted. (package_name: KW W900 Highway Killer DLC Steering Wheels Compatibility, version: 9.0, source: User mods)
00:01:31.812 : [fs] device C:/SteamLibrary/steamapps/workshop/content/270880/2621083959/universal mounted to mod pool.
00:01:31.812 : [mod_package_manager] Mod ""Caterpillar C16 800 Twin Turbo"" has been mounted. (package_name: mod_workshop_package.000000009C3A9137, version: 1.1, source: Steam Workshop)
00:01:31.812 : [fs] device C:/SteamLibrary/steamapps/workshop/content/270880/3126108346/latest mounted to mod pool.
00:01:31.812 : [mod_package_manager] Mod ""Kenworth T680 2022 Custom Dashboard"" has been mounted. (package_name: mod_workshop_package.00000000BA54A0BA, version: 1.1.1, source: Steam Workshop)
00:01:31.812 : [fs] device C:/SteamLibrary/steamapps/workshop/content/270880/3415531506/universal mounted to mod pool.
00:01:31.812 : [mod_package_manager] Mod ""Alcoa special edition wheels Alumnium"" has been mounted. (package_name: mod_workshop_package.00000000CB94DFF2, version: 1.3, source: Steam Workshop)
00:01:31.812 : [hashfs] universal.scs: Created, 99 entries
00:01:31.813 : [fs] device C:/SteamLibrary/steamapps/workshop/content/270880/3413940077/universal.scs mounted to mod pool.
00:01:31.813 : [mod_package_manager] Mod ""Real Good Headlights for SCS Trucks"" has been mounted. (package_name: mod_workshop_package.00000000CB7C976D, version: 5.4.5, source: Steam Workshop)
00:01:31.813 : [fs] device C:/SteamLibrary/steamapps/workshop/content/270880/2758820454/universal mounted to mod pool.
00:01:31.813 : [mod_package_manager] Mod ""Kenworth W990 light pack compatability"" has been mounted. (package_name: mod_workshop_package.00000000A4704266, version: 1.2, source: Steam Workshop)
00:01:31.816 : [hashfs] Trucks&Trailers Flares.scs: Created, 199112 entries
00:01:31.816 : [fs] device C:/Users/len_f/OneDrive/Documents/American Truck Simulator/mod/Trucks&Trailers Flares.scs mounted to mod pool.
00:01:31.816 : [mod_package_manager] Mod ""Trucks&Trailers Flarepack"" has been mounted. (package_name: Trucks&Trailers Flares, version: 42.5, source: User mods)
00:01:31.819 : [hashfs] Trucks&Trailers Wheels.scs: Created, 198286 entries
00:01:31.820 : [fs] device C:/Users/len_f/OneDrive/Documents/American Truck Simulator/mod/Trucks&Trailers Wheels.scs mounted to mod pool.
00:01:31.820 : [mod_package_manager] Mod ""Trucks&Trailers Wheels"" has been mounted. (package_name: Trucks&Trailers Wheels, version: 11.1, source: User mods)
00:01:31.820 : [fs] device C:/SteamLibrary/steamapps/workshop/content/270880/2846720153/universal mounted to mod pool.
00:01:31.820 : [mod_package_manager] Mod ""GKCZ - SiSL's Mega Pack Customization"" has been mounted. (package_name: mod_workshop_package.00000000A9AD8099, version: 2.5, source: Steam Workshop)
00:01:32.377 : [zipfs] smp3_3_140_ats.zip: Created, 38167 entries
00:01:32.377 : [fs] device C:/SteamLibrary/steamapps/workshop/content/270880/652225351/smp3_3_140_ats.zip mounted to mod pool.
00:01:32.377 : [mod_package_manager] Mod ""SiSL's Mega Pack"" has been mounted. (package_name: mod_workshop_package.0000000026E02B47, version: 3.3, source: Steam Workshop)
00:01:32.380 : [hashfs] DLC Wrecker.scs: Created, 202918 entries
00:01:32.380 : [fs] device C:/Users/len_f/OneDrive/Documents/American Truck Simulator/mod/DLC Wrecker.scs mounted to mod pool.
00:01:32.380 : [mod_package_manager] Mod ""DLC Wrecker"" has been mounted. (package_name: DLC Wrecker, version: 2.3, source: User mods)
00:01:32.381 : [hashfs] pm_light_pack.scs: Created, 144 entries
00:01:32.381 : [fs] device C:/Users/len_f/OneDrive/Documents/American Truck Simulator/mod/pm_light_pack.scs mounted to mod pool.
00:01:32.381 : [mod_package_manager] Mod ""PM Trailer's Light Pack"" has been mounted. (package_name: pm_light_pack, version: , source: User mods)
00:01:32.395 : [zipfs] Jaspers.DEF_SISLs_Megapack.scs: Created, 904 entries
00:01:32.395 : [fs] device C:/Users/len_f/OneDrive/Documents/American Truck Simulator/mod/Jaspers.DEF_SISLs_Megapack.scs mounted to mod pool.
00:01:32.395 : [mod_package_manager] Mod ""DEF SISLs Megapack - Jasper's Kenworth W900 Series"" has been mounted. (package_name: Jaspers.DEF_SISLs_Megapack, version: 0.0, source: User mods)
00:01:32.406 : [zipfs] flatline_lights_renenate.scs: Created, 716 entries
00:01:32.406 : [fs] device C:/Users/len_f/OneDrive/Documents/American Truck Simulator/mod/flatline_lights_renenate.scs mounted to mod pool.
00:01:32.406 : [mod_package_manager] Mod ""Flat-line"" has been mounted. (package_name: flatline_lights_renenate, version: 1.1, source: User mods)
00:01:32.407 : [hashfs] universal.scs: Created, 1491 entries
00:01:32.415 : [fs] device C:/SteamLibrary/steamapps/workshop/content/270880/3611359247/universal.scs mounted to mod pool.
00:01:32.415 : [mod_package_manager] Mod ""Truck Fixes - Steam Edition"" has been mounted. (package_name: mod_workshop_package.00000000D740F80F, version: 0.6, source: Steam Workshop)
00:01:32.415 : [fs] device C:/SteamLibrary/steamapps/workshop/content/270880/2502358623/universal mounted to mod pool.
00:01:32.415 : [mod_package_manager] Mod ""Real Logos for jon-ruda mods"" has been mounted. (package_name: mod_workshop_package.000000009526F65F, version: 24.0, source: Steam Workshop)
00:01:32.416 : [hashfs] ATS_1.60_TRAILER_GREAT_DANE_COLLECTION_v4.0_LITE_by_CyrusTheVirus.scs: Created, 5305 entries
00:01:32.416 : [fs] device C:/Users/len_f/OneDrive/Documents/American Truck Simulator/mod/ATS_1.60_TRAILER_GREAT_DANE_COLLECTION_v4.0_LITE_by_CyrusTheVirus.scs mounted to mod pool.
00:01:32.416 : [mod_package_manager] Mod ""GREAT DANE COLLECTION v4.0 LITE"" has been mounted. (package_name: ATS_1.60_TRAILER_GREAT_DANE_COLLECTION_v4.0_LITE_by_CyrusTheVirus, version: 1.60, source: User mods)
00:01:32.424 : [zipfs] latest.zip: Created, 658 entries
00:01:32.430 : [zipfs] latest.zip: Created, requested subdirectory: base, 658 entries (519 entries in requested subdirectory)
00:01:32.431 : [zipfs] latest.zip: Created, requested subdirectory: dlc_neon, 658 entries (37 entries in requested subdirectory)
00:01:32.433 : [zipfs] latest.zip: Created, requested subdirectory: dlc_stripes, 658 entries (99 entries in requested subdirectory)
00:01:32.433 : [fs] device C:/SteamLibrary/steamapps/workshop/content/270880/3026091521/latest.zip mounted to mod pool.
00:01:32.433 : [fs] device C:/SteamLibrary/steamapps/workshop/content/270880/3026091521/latest.zip mounted to mod pool.
00:01:32.433 : [fs] device C:/SteamLibrary/steamapps/workshop/content/270880/3026091521/latest.zip mounted to mod pool.
00:01:32.433 : [mod_package_manager] Mod ""SCS Painted Tank Trailers"" has been mounted. (package_name: mod_workshop_package.00000000B45E7E01, version: 1.0, source: Steam Workshop)
00:01:32.498 : [zipfs] latest.zip: Created, 4843 entries
00:01:32.498 : [fs] device C:/SteamLibrary/steamapps/workshop/content/270880/2951717330/latest.zip mounted to mod pool.
00:01:32.498 : [mod_package_manager] Mod ""Faelandaea's Trailer Pack"" has been mounted. (package_name: mod_workshop_package.00000000AFEFA1D2, version: 1.47, source: Steam Workshop)
00:01:32.498 : [fs] device C:/SteamLibrary/steamapps/workshop/content/270880/3500404122/tankerrework mounted to mod pool.
00:01:32.498 : [mod_package_manager] Mod ""SCS Gas Tanker Rework"" has been mounted. (package_name: mod_workshop_package.00000000D0A3ED9A, version: 1.0, source: Steam Workshop)
00:01:32.499 : [fs] device C:/SteamLibrary/steamapps/workshop/content/270880/2521194135/universal mounted to mod pool.
00:01:32.499 : [mod_package_manager] Mod ""Seale Livestock Skin for Jon Ruda 389"" has been mounted. (package_name: mod_workshop_package.0000000096465E97, version: 1.0, source: Steam Workshop)
00:01:32.499 : [hashfs] Utility 3000R MX Sugoi Modding v1.1.scs: Created, 1587 entries
00:01:32.499 : [fs] device C:/Users/len_f/OneDrive/Documents/American Truck Simulator/mod/Utility 3000R MX Sugoi Modding v1.1.scs mounted to mod pool.
00:01:32.499 : [mod_package_manager] Mod ""Utility 3000R MX Edition"" has been mounted. (package_name: Utility 3000R MX Sugoi Modding v1.1, version: 1.1, source: User mods)
00:01:32.508 : [zipfs] scr_timpte_super_seal.zip: Created, 697 entries
00:01:32.508 : [fs] device C:/SteamLibrary/steamapps/workshop/content/270880/2758819524/scr_timpte_super_seal.zip mounted to mod pool.
00:01:32.508 : [mod_package_manager] Mod ""[SCR] Timpte Super Seal"" has been mounted. (package_name: mod_workshop_package.00000000A4703EC4, version: 1.1.4, source: Steam Workshop)
00:01:32.508 : [fs] device C:/SteamLibrary/steamapps/workshop/content/270880/2806496225/universal mounted to mod pool.
00:01:32.508 : [mod_package_manager] Mod ""Wilson Trailer Livestock"" has been mounted. (package_name: mod_workshop_package.00000000A747BBE1, version: 1.43x, source: Steam Workshop)
00:01:32.509 : [fs] device C:/SteamLibrary/steamapps/workshop/content/270880/2895812970/universal mounted to mod pool.
00:01:32.509 : [mod_package_manager] Mod ""Dropdeck HCT"" has been mounted. (package_name: mod_workshop_package.00000000AC9A996A, version: 1.0, source: Steam Workshop)
00:01:32.509 : [fs] device C:/SteamLibrary/steamapps/workshop/content/270880/3729391863/universal mounted to mod pool.
00:01:32.509 : [mod_package_manager] Mod ""trailer"" has been mounted. (package_name: mod_workshop_package.00000000DE4A00F7, version: 1.55, source: Steam Workshop)
00:01:32.509 : [fs] device C:/SteamLibrary/steamapps/workshop/content/270880/2678671894/universal mounted to mod pool.
00:01:32.509 : [mod_package_manager] Mod ""Mac Sider Trailer"" has been mounted. (package_name: mod_workshop_package.000000009FA94A16, version: 1.46x, source: Steam Workshop)
00:01:32.518 : [zipfs] nascar_hauler_9_by_alexp.zip: Created, 726 entries
00:01:32.519 : [fs] device C:/SteamLibrary/steamapps/workshop/content/270880/2634244257/nascar_hauler_9_by_alexp.zip mounted to mod pool.
00:01:32.519 : [mod_package_manager] Mod ""NASCAR HAULERS 2011 FEATHERLITE trailer AlexP ver."" has been mounted. (package_name: mod_workshop_package.000000009D0360A1, version: 1.9, source: Steam Workshop)
00:01:32.519 : [fs] device C:/SteamLibrary/steamapps/workshop/content/270880/2645291980/universal mounted to mod pool.
00:01:32.519 : [mod_package_manager] Mod ""SCS Lowboy Custom Lights"" has been mounted. (package_name: mod_workshop_package.000000009DABF3CC, version: 1.0, source: Steam Workshop)
00:01:32.538 : [zipfs] CT_Bullrack.scs: Created, 1557 entries
00:01:32.538 : [fs] device C:/Users/len_f/OneDrive/Documents/American Truck Simulator/mod/CT_Bullrack.scs mounted to mod pool.
00:01:32.538 : [mod_package_manager] Mod ""Merritt Goldline"" has been mounted. (package_name: CT_Bullrack, version: 1.2, source: User mods)
00:01:32.539 : [zipfs] universal.zip: Created, 31 entries
00:01:32.539 : [fs] device C:/SteamLibrary/steamapps/workshop/content/270880/2931518992/universal.zip mounted to mod pool.
00:01:32.539 : [mod_package_manager] Mod ""WolfPack Gaming skin for Pinga's Mac Sider"" has been mounted. (package_name: mod_workshop_package.00000000AEBB6E10, version: 1, source: Steam Workshop)
00:01:32.539 : [fs] device C:/SteamLibrary/steamapps/workshop/content/270880/2272856032/universal mounted to mod pool.
00:01:32.539 : [mod_package_manager] Mod ""Steerable SCS Trailers"" has been mounted. (package_name: mod_workshop_package.00000000877907E0, version: 1.39.2, source: Steam Workshop)
00:01:32.540 : [hashfs] ATS_1.60_TRAILER_TRANSCRAFT_TRAILERS_COLLECTION_v2.0_LITE_by_CyrusTheVirus.scs.scs: Created, 3726 entries
00:01:32.540 : [fs] device C:/Users/len_f/OneDrive/Documents/American Truck Simulator/mod/ATS_1.60_TRAILER_TRANSCRAFT_TRAILERS_COLLECTION_v2.0_LITE_by_CyrusTheVirus.scs.scs mounted to mod pool.
00:01:32.540 : [mod_package_manager] Mod ""TRANSCRAFT TRAILERS COLLECTION v2.0 LITE"" has been mounted. (package_name: ATS_1.60_TRAILER_TRANSCRAFT_TRAILERS_COLLECTION_v2.0_LITE_by_CyrusTheVirus.scs, version: 1.60, source: User mods)
00:01:32.543 : [zipfs] universal.zip: Created, 238 entries
00:01:32.543 : [fs] device C:/SteamLibrary/steamapps/workshop/content/270880/3415721059/universal.zip mounted to mod pool.
00:01:32.543 : [mod_package_manager] Mod ""Custom Utility 3000R"" has been mounted. (package_name: mod_workshop_package.00000000CB97C463, version: 1.0, source: Steam Workshop)
00:01:32.543 : [hashfs] ATS_1.60_TRAILER_ASPEN_OILFIELD_HIGHBOY_v1.0_LITE_by_CyrusTheVirus.scs: Created, 979 entries
00:01:32.543 : [fs] device C:/Users/len_f/OneDrive/Documents/American Truck Simulator/mod/ATS_1.60_TRAILER_ASPEN_OILFIELD_HIGHBOY_v1.0_LITE_by_CyrusTheVirus.scs mounted to mod pool.
00:01:32.543 : [mod_package_manager] Mod ""ASPEN OILDFIELD HIGHBOY v1.0 LITE"" has been mounted. (package_name: ATS_1.60_TRAILER_ASPEN_OILFIELD_HIGHBOY_v1.0_LITE_by_CyrusTheVirus, version: 1.60, source: User mods)
00:01:32.544 : [hashfs] fm_trailers_v3.scs: Created, 149 entries
00:01:32.544 : [hashfs] fm_trailers_v3.scs: Created, 149 entries
00:01:32.544 : [hashfs] fm_trailers_v3.scs: Created, 149 entries
00:01:32.545 : [fs] device C:/SteamLibrary/steamapps/workshop/content/270880/3456476547/fm_trailers_v3.scs mounted to mod pool.
00:01:32.545 : [fs] device C:/SteamLibrary/steamapps/workshop/content/270880/3456476547/fm_trailers_v3.scs mounted to mod pool.
00:01:32.545 : [mod_package_manager] Mod ""More SCS Trailer Configurations in Freight Market V.3"" has been mounted. (package_name: mod_workshop_package.00000000CE05A583, version: 3.1, source: Steam Workshop)
00:01:32.545 : [hashfs] ATS_1.61_TRAILER_ARCTIC_LOGS_TRAILERS_v9.0_LITE_by_CyrusTheVirus.scs: Created, 1378 entries
00:01:32.545 : [fs] device C:/Users/len_f/OneDrive/Documents/American Truck Simulator/mod/ATS_1.61_TRAILER_ARCTIC_LOGS_TRAILERS_v9.0_LITE_by_CyrusTheVirus.scs mounted to mod pool.
00:01:32.545 : [mod_package_manager] Mod ""ARCTIC LOGS TRAILERS v9.0 LITE"" has been mounted. (package_name: ATS_1.61_TRAILER_ARCTIC_LOGS_TRAILERS_v9.0_LITE_by_CyrusTheVirus, version: 1.61.x, source: User mods)
00:01:32.546 : [fs] device C:/SteamLibrary/steamapps/workshop/content/270880/2883883618/universal mounted to mod pool.
00:01:32.546 : [mod_package_manager] Mod ""Fontaine Frac Sand"" has been mounted. (package_name: mod_workshop_package.00000000ABE49262, version: 1.46x, source: Steam Workshop)
00:01:32.566 : [zipfs] 3XX PNW Truck and Trailer V3.7.scs: Created, 1585 entries
00:01:32.566 : [fs] device C:/Users/len_f/OneDrive/Documents/American Truck Simulator/mod/3XX PNW Truck and Trailer V3.7.scs mounted to mod pool.
00:01:32.566 : [mod_package_manager] Mod ""3XX PNW Truck and Trailer Add-On V3.7"" has been mounted. (package_name: 3XX PNW Truck and Trailer V3.7, version: 3.7, source: User mods)
00:01:32.566 : [hashfs] Tomb_Lode_King_stepdeck.scs: Created, 1722 entries
00:01:32.566 : [fs] device C:/Users/len_f/OneDrive/Documents/American Truck Simulator/mod/Tomb_Lode_King_stepdeck.scs mounted to mod pool.
00:01:32.566 : [mod_package_manager] Mod ""Lode King Stepdeck"" has been mounted. (package_name: Tomb_Lode_King_stepdeck, version: v3, source: User mods)
00:01:32.567 : [zipfs] Tomb_Lode_King_Cargo_Def.scs: Created, 33 entries
00:01:32.567 : [fs] device C:/Users/len_f/OneDrive/Documents/American Truck Simulator/mod/Tomb_Lode_King_Cargo_Def.scs mounted to mod pool.
00:01:32.567 : [mod_package_manager] Mod ""Lode King Stepdeck Cargo Def"" has been mounted. (package_name: Tomb_Lode_King_Cargo_Def, version: v1, source: User mods)
00:01:32.568 : [zipfs] Tomb_Lode_King_Open_Def.scs: Created, 58 entries
00:01:32.568 : [fs] device C:/Users/len_f/OneDrive/Documents/American Truck Simulator/mod/Tomb_Lode_King_Open_Def.scs mounted to mod pool.
00:01:32.568 : [mod_package_manager] Mod ""Lode King Stepdeck Open Def"" has been mounted. (package_name: Tomb_Lode_King_Open_Def, version: v1, source: User mods)
00:01:32.569 : [zipfs] sisltrlscs132.zip: Created, 3 entries
00:01:32.569 : [fs] device C:/SteamLibrary/steamapps/workshop/content/270880/1296258886/sisltrlscs132.zip mounted to mod pool.
00:01:32.569 : [mod_package_manager] Mod ""SiSL's Trailer Pack Addon: SCS Replacement"" has been mounted. (package_name: mod_workshop_package.000000004D435746, version: 1.32, source: Steam Workshop)
00:01:32.607 : [zipfs] sisltrlmain140.zip: Created, 2164 entries
00:01:32.607 : [fs] device C:/SteamLibrary/steamapps/workshop/content/270880/1296243811/sisltrlmain140.zip mounted to mod pool.
00:01:32.607 : [mod_package_manager] Mod ""SiSL's Trailer Pack USA"" has been mounted. (package_name: mod_workshop_package.000000004D431C63, version: 1.38, source: Steam Workshop)
00:01:32.610 : [hashfs] Trailer Pack Flatbed.scs: Created, 204376 entries
00:01:32.611 : [fs] device C:/Users/len_f/OneDrive/Documents/American Truck Simulator/mod/Trailer Pack Flatbed.scs mounted to mod pool.
00:01:32.611 : [mod_package_manager] Mod ""Trailer Pack Flatbed"" has been mounted. (package_name: Trailer Pack Flatbed, version: 9.1, source: User mods)
00:01:32.614 : [hashfs] Trailer Pack Hopper Bottom.scs: Created, 199484 entries
00:01:32.614 : [fs] device C:/Users/len_f/OneDrive/Documents/American Truck Simulator/mod/Trailer Pack Hopper Bottom.scs mounted to mod pool.
00:01:32.614 : [mod_package_manager] Mod ""Trailer Pack Hopper Bottom"" has been mounted. (package_name: Trailer Pack Hopper Bottom, version: 9.1, source: User mods)
00:01:32.617 : [hashfs] Trailer Pack Refrigerators.scs: Created, 203324 entries
00:01:32.618 : [fs] device C:/Users/len_f/OneDrive/Documents/American Truck Simulator/mod/Trailer Pack Refrigerators.scs mounted to mod pool.
00:01:32.618 : [mod_package_manager] Mod ""Trailer Pack Refrigerators"" has been mounted. (package_name: Trailer Pack Refrigerators, version: 9.1, source: User mods)
00:01:32.621 : [hashfs] Trailer Pack Tanker.scs: Created, 198181 entries
00:01:32.622 : [fs] device C:/Users/len_f/OneDrive/Documents/American Truck Simulator/mod/Trailer Pack Tanker.scs mounted to mod pool.
00:01:32.622 : [mod_package_manager] Mod ""Trailer Pack Tanker"" has been mounted. (package_name: Trailer Pack Tanker, version: 9.1, source: User mods)
00:01:32.625 : [hashfs] Trailer Pack LowBoy.scs: Created, 201807 entries
00:01:32.626 : [fs] device C:/Users/len_f/OneDrive/Documents/American Truck Simulator/mod/Trailer Pack LowBoy.scs mounted to mod pool.
00:01:32.626 : [mod_package_manager] Mod ""Trailer Pack LowBoy"" has been mounted. (package_name: Trailer Pack LowBoy, version: 9.1, source: User mods)
00:01:32.629 : [hashfs] Trailer Pack Livestock.scs: Created, 197541 entries
00:01:32.629 : [fs] device C:/Users/len_f/OneDrive/Documents/American Truck Simulator/mod/Trailer Pack Livestock.scs mounted to mod pool.
00:01:32.629 : [mod_package_manager] Mod ""Trailer Pack Livestock"" has been mounted. (package_name: Trailer Pack Livestock, version: 9.1, source: User mods)
00:01:32.630 : [zipfs] universal.zip: Created, 74 entries
00:01:32.630 : [fs] device C:/SteamLibrary/steamapps/workshop/content/270880/3370385763/universal.zip mounted to mod pool.
00:01:32.630 : [mod_package_manager] Mod ""Featherlite NASCAR Hauler Underglow Lights"" has been mounted. (package_name: mod_workshop_package.00000000C8E40163, version: 1.8, source: Steam Workshop)
00:01:32.631 : [fs] device C:/SteamLibrary/steamapps/workshop/content/270880/3552373146/lb_cargo_eyt_26218 mounted to mod pool.
00:01:32.631 : [mod_package_manager] Mod ""More Cargo for Lowboy"" has been mounted. (package_name: mod_workshop_package.00000000D3BCE99A, version: 160_26218, source: Steam Workshop)
00:01:32.633 : [hashfs] overweight_trailers_and_cargo_pack_by_Jazzycat_v6.2.1_ats.scs: Created, 7698 entries
00:01:32.633 : [fs] device C:/Users/len_f/OneDrive/Documents/American Truck Simulator/mod/overweight_trailers_and_cargo_pack_by_Jazzycat_v6.2.1_ats.scs mounted to mod pool.
00:01:32.633 : [mod_package_manager] Mod ""Overweight Trailers & Cargo Pack by Jazzycat v6.2.1"" has been mounted. (package_name: overweight_trailers_and_cargo_pack_by_Jazzycat_v6.2.1_ats, version: 6.2.1, source: User mods)
00:01:32.639 : [zipfs] t680ng.zip: Created, 447 entries
00:01:32.639 : [fs] device C:/SteamLibrary/steamapps/workshop/content/270880/3118543343/t680ng.zip mounted to mod pool.
00:01:32.639 : [mod_package_manager] Mod ""Kenworth T680 NG stripes pack"" has been mounted. (package_name: mod_workshop_package.00000000B9E131EF, version: 1.0, source: Steam Workshop)
00:01:32.644 : [zipfs] ms2_content.zip: Created, 347 entries
00:01:32.644 : [fs] device C:/SteamLibrary/steamapps/workshop/content/270880/3701625244/ms2_content.zip mounted to mod pool.
00:01:32.644 : [mod_package_manager] Mod ""USA 250 Years of Freedom Truck and Trailer Skin Pack"" has been mounted. (package_name: mod_workshop_package.00000000DCA2519C, version: 1776.5, source: Steam Workshop)
00:01:32.653 : [zipfs] ms2_content.zip: Created, 683 entries
00:01:32.653 : [fs] device C:/SteamLibrary/steamapps/workshop/content/270880/3306584488/ms2_content.zip mounted to mod pool.
00:01:32.653 : [mod_package_manager] Mod ""Ruda Skin Pack 2"" has been mounted. (package_name: mod_workshop_package.00000000C51679A8, version: 1, source: Steam Workshop)
00:01:32.653 : [fs] device C:/SteamLibrary/steamapps/workshop/content/270880/777354374/universal mounted to mod pool.
00:01:32.653 : [mod_package_manager] Mod ""Vetter Trucking skin for Peterbilt 389"" has been mounted. (package_name: mod_workshop_package.000000002E557C86, version: 1.0, source: Steam Workshop)
00:01:32.793 : [zipfs] Freightliner Cascadia Enhanced v1.5.5.2.scs: Created, 9407 entries
00:01:32.794 : [fs] device C:/Users/len_f/OneDrive/Documents/American Truck Simulator/mod/Freightliner Cascadia Enhanced v1.5.5.2.scs mounted to mod pool.
00:01:32.794 : [mod_package_manager] Mod ""The Freightliner Cascadia Enhanced"" has been mounted. (package_name: Freightliner Cascadia Enhanced v1.5.5.2, version: 1, source: User mods)
00:01:32.794 : [zipfs] universal.zip: Created, 23 entries
00:01:32.794 : [fs] device C:/SteamLibrary/steamapps/workshop/content/270880/2494913240/universal.zip mounted to mod pool.
00:01:32.794 : [mod_package_manager] Mod ""Mulligan's Trucking skin for the Overfloater K 100 E"" has been mounted. (package_name: mod_workshop_package.0000000094B55AD8, version: V1, source: Steam Workshop)
00:01:32.796 : [zipfs] ms2_content.zip: Created, 76 entries
00:01:32.796 : [fs] device C:/SteamLibrary/steamapps/workshop/content/270880/3120991731/ms2_content.zip mounted to mod pool.
00:01:32.796 : [mod_package_manager] Mod ""Paintable Stiletto Skin pack for the SCS Kenworth T680 2022 and 53' Trailer"" has been mounted. (package_name: mod_workshop_package.00000000BA068DF3, version: V1, source: Steam Workshop)
00:01:32.797 : [zipfs] universal.zip: Created, 45 entries
00:01:32.797 : [fs] device C:/SteamLibrary/steamapps/workshop/content/270880/3302305373/universal.zip mounted to mod pool.
00:01:32.797 : [mod_package_manager] Mod ""SCS 2022 Kenworth T680 Next Gen Metallic Skins V2"" has been mounted. (package_name: mod_workshop_package.00000000C4D52E5D, version: 1.1, source: Steam Workshop)
00:01:32.797 : [zipfs] ms2_content.zip: Created, 11 entries
00:01:32.797 : [fs] device C:/SteamLibrary/steamapps/workshop/content/270880/3365705258/ms2_content.zip mounted to mod pool.
00:01:32.797 : [mod_package_manager] Mod ""Legacy skin for John Ruda's 579. Both Cabs"" has been mounted. (package_name: mod_workshop_package.00000000C89C962A, version: V1, source: Steam Workshop)
00:01:32.798 : [zipfs] ms2_content.zip: Created, 11 entries
00:01:32.798 : [fs] device C:/SteamLibrary/steamapps/workshop/content/270880/3365704336/ms2_content.zip mounted to mod pool.
00:01:32.798 : [mod_package_manager] Mod ""Legacy Skin for Jon Ruda's Great Dane Reefer"" has been mounted. (package_name: mod_workshop_package.00000000C89C9290, version: V1, source: Steam Workshop)
00:01:32.799 : [zipfs] ms2_content.zip: Created, 31 entries
00:01:32.799 : [fs] device C:/SteamLibrary/steamapps/workshop/content/270880/3364213960/ms2_content.zip mounted to mod pool.
00:01:32.799 : [mod_package_manager] Mod ""Legacy Ruda Peterbilt 362. Two Versions. All Cabs"" has been mounted. (package_name: mod_workshop_package.00000000C885D4C8, version: V1, source: Steam Workshop)
00:01:32.800 : [zipfs] universal.zip: Created, 54 entries
00:01:32.800 : [fs] device C:/SteamLibrary/steamapps/workshop/content/270880/3025669105/universal.zip mounted to mod pool.
00:01:32.800 : [mod_package_manager] Mod ""Grey Ghost skin for the SCS and Rollin Flat Top and High Roof Sleepers"" has been mounted. (package_name: mod_workshop_package.00000000B4580BF1, version: V1, source: Steam Workshop)
00:01:32.801 : [zipfs] universal.zip: Created, 106 entries
00:01:32.801 : [fs] device C:/SteamLibrary/steamapps/workshop/content/270880/2978655703/universal.zip mounted to mod pool.
00:01:32.801 : [mod_package_manager] Mod ""10 Skins for Jon Ruda's Polar Tanker"" has been mounted. (package_name: mod_workshop_package.00000000B18AADD7, version: V1, source: Steam Workshop)
00:01:32.805 : [zipfs] SCS_Company_Skins_for_Ruda_Trucks_and_Trailers.scs: Created, 263 entries
00:01:32.806 : [fs] device C:/Users/len_f/OneDrive/Documents/American Truck Simulator/mod/SCS_Company_Skins_for_Ruda_Trucks_and_Trailers.scs mounted to mod pool.
00:01:32.806 : [mod_package_manager] Mod ""Ruda Trucks & Trailers SCS Company Skins"" has been mounted. (package_name: SCS_Company_Skins_for_Ruda_Trucks_and_Trailers, version: 2, source: User mods)
00:01:32.807 : [zipfs] ms2_content.zip: Created, 47 entries
00:01:32.807 : [fs] device C:/SteamLibrary/steamapps/workshop/content/270880/3722451036/ms2_content.zip mounted to mod pool.
00:01:32.807 : [mod_package_manager] Mod ""ASPHALT_OUTLAW_389"" has been mounted. (package_name: mod_workshop_package.00000000DDE0185C, version: , source: Steam Workshop)
00:01:32.808 : [zipfs] universal.zip: Created, 60 entries
00:01:32.808 : [fs] device C:/SteamLibrary/steamapps/workshop/content/270880/2944261753/universal.zip mounted to mod pool.
00:01:32.808 : [mod_package_manager] Mod ""Kenworth 100th Anniversary Trailer Paint Job"" has been mounted. (package_name: mod_workshop_package.00000000AF7DDE79, version: 1.2, source: Steam Workshop)
00:01:32.808 : [zipfs] universal.zip: Created, 25 entries
00:01:32.809 : [fs] device C:/SteamLibrary/steamapps/workshop/content/270880/2871655138/universal.zip mounted to mod pool.
00:01:32.809 : [mod_package_manager] Mod ""Night Moves skin for B4Rt's Great Dane Reefer"" has been mounted. (package_name: mod_workshop_package.00000000AB29FAE2, version: V1, source: Steam Workshop)
00:01:32.809 : [zipfs] universal.zip: Created, 23 entries
00:01:32.809 : [fs] device C:/SteamLibrary/steamapps/workshop/content/270880/2845717502/universal.zip mounted to mod pool.
00:01:32.809 : [mod_package_manager] Mod ""Montana Express skin for Jon Ruda's W900"" has been mounted. (package_name: mod_workshop_package.00000000A99E33FE, version: V1, source: Steam Workshop)
00:01:32.810 : [zipfs] candy.zip: Created, 31 entries
00:01:32.810 : [fs] device C:/SteamLibrary/steamapps/workshop/content/270880/3021999701/candy.zip mounted to mod pool.
00:01:32.810 : [mod_package_manager] Mod ""Candy W900"" has been mounted. (package_name: mod_workshop_package.00000000B4200E55, version: 1.0, source: Steam Workshop)
00:01:32.811 : [zipfs] universal.zip: Created, 23 entries
00:01:32.811 : [fs] device C:/SteamLibrary/steamapps/workshop/content/270880/1078703905/universal.zip mounted to mod pool.
00:01:32.811 : [mod_package_manager] Mod ""First Class Metallic FLB"" has been mounted. (package_name: mod_workshop_package.00000000404BB721, version: 1.0, source: Steam Workshop)
00:01:32.812 : [zipfs] ms2_content.zip: Created, 67 entries
00:01:32.812 : [fs] device C:/SteamLibrary/steamapps/workshop/content/270880/3498392370/ms2_content.zip mounted to mod pool.
00:01:32.812 : [mod_package_manager] Mod ""Sandman Skin Pack for Ruda's W900. All Cabs"" has been mounted. (package_name: mod_workshop_package.00000000D0853B32, version: V1, source: Steam Workshop)
00:01:32.812 : [zipfs] ms2_content.zip: Created, 11 entries
00:01:32.813 : [fs] device C:/SteamLibrary/steamapps/workshop/content/270880/3562121417/ms2_content.zip mounted to mod pool.
00:01:32.813 : [mod_package_manager] Mod ""Ruda W900 3 stripe"" has been mounted. (package_name: mod_workshop_package.00000000D451A8C9, version: V1, source: Steam Workshop)
00:01:32.814 : [zipfs] universal.zip: Created, 114 entries
00:01:32.814 : [fs] device C:/SteamLibrary/steamapps/workshop/content/270880/3435434720/universal.zip mounted to mod pool.
00:01:32.814 : [mod_package_manager] Mod ""SCS Kenworth W900 Stripe Skinpack"" has been mounted. (package_name: mod_workshop_package.00000000CCC492E0, version: 1.2, source: Steam Workshop)
00:01:32.815 : [zipfs] universal.zip: Created, 70 entries
00:01:32.815 : [fs] device C:/SteamLibrary/steamapps/workshop/content/270880/3452736994/universal.zip mounted to mod pool.
00:01:32.815 : [mod_package_manager] Mod ""Restored - Fragdoktor - RUDA W900 - Coffee of Fleenor"" has been mounted. (package_name: mod_workshop_package.00000000CDCC95E2, version: 1.5.2, source: Steam Workshop)
00:01:32.816 : [zipfs] universal.zip: Created, 77 entries
00:01:32.817 : [fs] device C:/SteamLibrary/steamapps/workshop/content/270880/3163073214/universal.zip mounted to mod pool.
00:01:32.817 : [mod_package_manager] Mod ""Jon Ruda W900 Custom Paint Jobs 1"" has been mounted. (package_name: mod_workshop_package.00000000BC88AABE, version: 1.0, source: Steam Workshop)
00:01:32.818 : [zipfs] ms2_content.zip: Created, 67 entries
00:01:32.818 : [fs] device C:/SteamLibrary/steamapps/workshop/content/270880/3374413564/ms2_content.zip mounted to mod pool.
00:01:32.818 : [mod_package_manager] Mod ""Seminole Transport skin for Jon Ruda's W900. All Cabs"" has been mounted. (package_name: mod_workshop_package.00000000C92176FC, version: V1, source: Steam Workshop)
00:01:32.819 : [zipfs] ms2_content.zip: Created, 17 entries
00:01:32.819 : [fs] device C:/SteamLibrary/steamapps/workshop/content/270880/3118670256/ms2_content.zip mounted to mod pool.
00:01:32.819 : [mod_package_manager] Mod ""Multi Coloured T680"" has been mounted. (package_name: mod_workshop_package.00000000B9E321B0, version: 1.0, source: Steam Workshop)
00:01:32.820 : [zipfs] ms2_content.zip: Created, 33 entries
00:01:32.820 : [fs] device C:/SteamLibrary/steamapps/workshop/content/270880/3549511435/ms2_content.zip mounted to mod pool.
00:01:32.820 : [mod_package_manager] Mod ""Sandman Skin for Ruda's 362. All Cabs"" has been mounted. (package_name: mod_workshop_package.00000000D3913F0B, version: V1, source: Steam Workshop)
00:01:32.820 : [zipfs] universal.zip: Created, 31 entries
00:01:32.820 : [fs] device C:/SteamLibrary/steamapps/workshop/content/270880/3350295758/universal.zip mounted to mod pool.
00:01:32.820 : [mod_package_manager] Mod ""Buckskin & Pinstripes skin for Jon Ruda 362 Peterbilt"" has been mounted. (package_name: mod_workshop_package.00000000C7B174CE, version: 1.0, source: Steam Workshop)
00:01:32.821 : [fs] device C:/SteamLibrary/steamapps/workshop/content/270880/2493570673/universal mounted to mod pool.
00:01:32.821 : [mod_package_manager] Mod ""Multi colour Jon Ruda w900"" has been mounted. (package_name: mod_workshop_package.0000000094A0DE71, version: 1.0, source: Steam Workshop)
00:01:32.821 : [zipfs] universal.zip: Created, 23 entries
00:01:32.821 : [fs] device C:/SteamLibrary/steamapps/workshop/content/270880/3351136817/universal.zip mounted to mod pool.
00:01:32.821 : [mod_package_manager] Mod ""Classic Lines SKIN for Rushour109 Freightliner Powerliner"" has been mounted. (package_name: mod_workshop_package.00000000C7BE4A31, version: 1.0, source: Steam Workshop)
00:01:32.823 : [zipfs] Pearl Paint.scs: Created, 197 entries
00:01:32.823 : [fs] device C:/Users/len_f/OneDrive/Documents/American Truck Simulator/mod/Pearl Paint.scs mounted to mod pool.
00:01:32.823 : [mod_package_manager] Mod ""Pearl Paint"" has been mounted. (package_name: Pearl Paint, version: 1.0, source: User mods)
00:01:32.823 : [fs] device C:/SteamLibrary/steamapps/workshop/content/270880/2478206919/universal mounted to mod pool.
00:01:32.824 : [mod_package_manager] Mod ""Featherlite Trailer 4K Skins"" has been mounted. (package_name: mod_workshop_package.0000000093B66FC7, version: 1.0, source: Steam Workshop)
00:01:32.824 : [zipfs] creamy.zip: Created, 35 entries
00:01:32.824 : [fs] device C:/SteamLibrary/steamapps/workshop/content/270880/3016370976/creamy.zip mounted to mod pool.
00:01:32.824 : [mod_package_manager] Mod ""Creamy Metallic W900"" has been mounted. (package_name: mod_workshop_package.00000000B3CA2B20, version: 1.0, source: Steam Workshop)
00:01:32.825 : [zipfs] HwyKillerCCpaint.scs: Created, 11 entries
00:01:32.825 : [fs] device C:/Users/len_f/OneDrive/Documents/American Truck Simulator/mod/HwyKillerCCpaint.scs mounted to mod pool.
00:01:32.825 : [mod_package_manager] Mod ""HwyKillerCCpaint"" has been mounted. (package_name: HwyKillerCCpaint, version: 1.0, source: User mods)
00:01:32.829 : [zipfs] universal.zip: Created, 257 entries
00:01:32.829 : [fs] device C:/SteamLibrary/steamapps/workshop/content/270880/3152022196/universal.zip mounted to mod pool.
00:01:32.829 : [mod_package_manager] Mod ""Jon Ruda 389/379 Custom PaintJob Pack 2"" has been mounted. (package_name: mod_workshop_package.00000000BBE00AB4, version: 1.0, source: Steam Workshop)
00:01:32.831 : [zipfs] universal.zip: Created, 181 entries
00:01:32.831 : [fs] device C:/SteamLibrary/steamapps/workshop/content/270880/3555313618/universal.zip mounted to mod pool.
00:01:32.831 : [mod_package_manager] Mod ""Ruda Coldman Skin Pack"" has been mounted. (package_name: mod_workshop_package.00000000D3E9C7D2, version: 1.5, source: Steam Workshop)
00:01:32.832 : [zipfs] universal.zip: Created, 52 entries
00:01:32.832 : [fs] device C:/SteamLibrary/steamapps/workshop/content/270880/2818126045/universal.zip mounted to mod pool.
00:01:32.832 : [mod_package_manager] Mod ""RUDA Classic XL - Simple Custom"" has been mounted. (package_name: mod_workshop_package.00000000A7F930DD, version: 1.1, source: Steam Workshop)
00:01:32.832 : [fs] device C:/SteamLibrary/steamapps/workshop/content/270880/2830524606/classic_custom_stripes_3 mounted to mod pool.
00:01:32.832 : [mod_package_manager] Mod ""Ruda's Classic XL Custom Stripes Metallic #3"" has been mounted. (package_name: mod_workshop_package.00000000A8B660BE, version: 1.0, source: Steam Workshop)
00:01:32.833 : [fs] device C:/SteamLibrary/steamapps/workshop/content/270880/2833242452/classic_custom_stripes_4 mounted to mod pool.
00:01:32.833 : [mod_package_manager] Mod ""Ruda's Classic XL Custom Stripes Metallic #4"" has been mounted. (package_name: mod_workshop_package.00000000A8DFD954, version: 1.0, source: Steam Workshop)
00:01:32.833 : [fs] device C:/SteamLibrary/steamapps/workshop/content/270880/2829973082/classic_two_tone mounted to mod pool.
00:01:32.833 : [mod_package_manager] Mod ""Ruda's Classic XL Custom Two-Tone Metallic Skin"" has been mounted. (package_name: mod_workshop_package.00000000A8ADF65A, version: 1.0, source: Steam Workshop)
00:01:32.834 : [fs] device C:/SteamLibrary/steamapps/workshop/content/270880/2830347043/classic_custom_stripes_1 mounted to mod pool.
00:01:32.834 : [mod_package_manager] Mod ""Ruda's Classic XL Custom Stripes Metallic #1"" has been mounted. (package_name: mod_workshop_package.00000000A8B3AB23, version: 1.0, source: Steam Workshop)
00:01:32.834 : [zipfs] universal.zip: Created, 21 entries
00:01:32.834 : [fs] device C:/SteamLibrary/steamapps/workshop/content/270880/2894675944/universal.zip mounted to mod pool.
00:01:32.834 : [mod_package_manager] Mod ""RUDA 389 Glider - Grey pinstriped"" has been mounted. (package_name: mod_workshop_package.00000000AC893FE8, version: V1.0, source: Steam Workshop)
00:01:32.835 : [zipfs] universal.zip: Created, 56 entries
00:01:32.835 : [fs] device C:/SteamLibrary/steamapps/workshop/content/270880/2833249966/universal.zip mounted to mod pool.
00:01:32.835 : [mod_package_manager] Mod ""Trailer pack - Fleenor Bros"" has been mounted. (package_name: mod_workshop_package.00000000A8DFF6AE, version: 1.3.1b, source: Steam Workshop)
00:01:32.836 : [zipfs] universal.zip: Created, 23 entries
00:01:32.836 : [fs] device C:/SteamLibrary/steamapps/workshop/content/270880/3003444074/universal.zip mounted to mod pool.
00:01:32.836 : [mod_package_manager] Mod ""Sterling Logistics Ruda 379"" has been mounted. (package_name: mod_workshop_package.00000000B304EB6A, version: , source: Steam Workshop)
00:01:32.836 : [zipfs] ms2_content.zip: Created, 17 entries
00:01:32.836 : [fs] device C:/SteamLibrary/steamapps/workshop/content/270880/3575151771/ms2_content.zip mounted to mod pool.
00:01:32.836 : [mod_package_manager] Mod ""Low Class Skin For Ruda 72"" Flattop Glider"" has been mounted. (package_name: mod_workshop_package.00000000D5187C9B, version: 1, source: Steam Workshop)
00:01:32.837 : [fs] device C:/SteamLibrary/steamapps/workshop/content/270880/3586729407/universal mounted to mod pool.
00:01:32.837 : [mod_package_manager] Mod "" Freightliner Cascadia  T.M.R.L"" has been mounted. (package_name: mod_workshop_package.00000000D5C925BF, version: 1.0, source: Steam Workshop)
00:01:32.837 : [zipfs] ms2_content.zip: Created, 47 entries
00:01:32.838 : [fs] device C:/SteamLibrary/steamapps/workshop/content/270880/3347787703/ms2_content.zip mounted to mod pool.
00:01:32.838 : [mod_package_manager] Mod ""Lowrider paintjob for Peterbilt 389 by Pizzster."" has been mounted. (package_name: mod_workshop_package.00000000C78B2FB7, version: 1.0, source: Steam Workshop)
00:01:32.838 : [fs] device C:/SteamLibrary/steamapps/workshop/content/270880/2759531818/universal mounted to mod pool.
00:01:32.838 : [mod_package_manager] Mod ""389 Custom Skin Pack"" has been mounted. (package_name: mod_workshop_package.00000000A47B1D2A, version: 1.1.0, source: Steam Workshop)
00:01:32.838 : [zipfs] universal.zip: Created, 23 entries
00:01:32.839 : [fs] device C:/SteamLibrary/steamapps/workshop/content/270880/2664958871/universal.zip mounted to mod pool.
00:01:32.839 : [mod_package_manager] Mod ""Mulligan's Ruda 389 High Roof"" has been mounted. (package_name: mod_workshop_package.000000009ED80B97, version: V1, source: Steam Workshop)
00:01:32.840 : [zipfs] ms2_content.zip: Created, 51 entries
00:01:32.840 : [fs] device C:/SteamLibrary/steamapps/workshop/content/270880/3287835751/ms2_content.zip mounted to mod pool.
00:01:32.840 : [mod_package_manager] Mod ""Green Lantern Ruda 379 389. All cabs"" has been mounted. (package_name: mod_workshop_package.00000000C3F86467, version: V1, source: Steam Workshop)
00:01:32.840 : [fs] device C:/SteamLibrary/steamapps/workshop/content/270880/2776481212/custom005 mounted to mod pool.
00:01:32.840 : [mod_package_manager] Mod ""Custom Paint 005"" has been mounted. (package_name: mod_workshop_package.00000000A57DBDBC, version: 2, source: Steam Workshop)
00:01:32.841 : [zipfs] universal.zip: Created, 68 entries
00:01:32.841 : [fs] device C:/SteamLibrary/steamapps/workshop/content/270880/3452144050/universal.zip mounted to mod pool.
00:01:32.841 : [mod_package_manager] Mod ""Restored - Fragdoktor - RUDA 389 Glider - Nelson Truck Lines"" has been mounted. (package_name: mod_workshop_package.00000000CDC389B2, version: V1.1, source: Steam Workshop)
00:01:32.842 : [zipfs] ms2_content.zip: Created, 35 entries
00:01:32.842 : [fs] device C:/SteamLibrary/steamapps/workshop/content/270880/3046599704/ms2_content.zip mounted to mod pool.
00:01:32.842 : [mod_package_manager] Mod ""Curvy Metallic 389"" has been mounted. (package_name: mod_workshop_package.00000000B5976C18, version: 1.0, source: Steam Workshop)
00:01:32.843 : [zipfs] universal.zip: Created, 53 entries
00:01:32.843 : [fs] device C:/SteamLibrary/steamapps/workshop/content/270880/3433658882/universal.zip mounted to mod pool.
00:01:32.843 : [mod_package_manager] Mod ""Sparks Motor/HeavyDSparks Jon Ruda Pete Glider Skin"" has been mounted. (package_name: mod_workshop_package.00000000CCA97A02, version: 1.1, source: Steam Workshop)
00:01:32.852 : [zipfs] ms2_content.zip: Created, 525 entries
00:01:32.852 : [fs] device C:/SteamLibrary/steamapps/workshop/content/270880/3737987207/ms2_content.zip mounted to mod pool.
00:01:32.852 : [mod_package_manager] Mod ""Malowanie Forum Polskiej Społeczności"" has been mounted. (package_name: mod_workshop_package.00000000DECD2887, version: 1.6, source: Steam Workshop)
00:01:32.852 : [zipfs] ms2_content.zip: Created, 17 entries
00:01:32.853 : [fs] device C:/SteamLibrary/steamapps/workshop/content/270880/3117921628/ms2_content.zip mounted to mod pool.
00:01:32.853 : [mod_package_manager] Mod ""T680 Metallic"" has been mounted. (package_name: mod_workshop_package.00000000B9D7B55C, version: 1.0, source: Steam Workshop)
00:01:32.853 : [zipfs] universal.zip: Created, 23 entries
00:01:32.853 : [fs] device C:/SteamLibrary/steamapps/workshop/content/270880/2779026298/universal.zip mounted to mod pool.
00:01:32.853 : [mod_package_manager] Mod ""Black Swan Transport Skin for Jon Ruda's 389"" has been mounted. (package_name: mod_workshop_package.00000000A5A4937A, version: V1, source: Steam Workshop)
00:01:32.855 : [zipfs] ms2_content.zip: Created, 51 entries
00:01:32.855 : [fs] device C:/SteamLibrary/steamapps/workshop/content/270880/3257632190/ms2_content.zip mounted to mod pool.
00:01:32.855 : [mod_package_manager] Mod ""Legacy skin for Jon Ruda's 379 389. All Cabs"" has been mounted. (package_name: mod_workshop_package.00000000C22B85BE, version: V1, source: Steam Workshop)
00:01:32.855 : [zipfs] ms2_content.zip: Created, 17 entries
00:01:32.855 : [fs] device C:/SteamLibrary/steamapps/workshop/content/270880/3611587874/ms2_content.zip mounted to mod pool.
00:01:32.855 : [mod_package_manager] Mod ""🚛 Jasper W900 Metallic"" has been mounted. (package_name: mod_workshop_package.00000000D7447522, version: 1.0, source: Steam Workshop)
00:01:32.856 : [fs] device C:/SteamLibrary/steamapps/workshop/content/270880/950119070/universal mounted to mod pool.
00:01:32.856 : [mod_package_manager] Mod ""Piercing Metallic"" has been mounted. (package_name: mod_workshop_package.0000000038A1AA9E, version: 1.0, source: Steam Workshop)
00:01:32.856 : [zipfs] universal.zip: Created, 23 entries
00:01:32.856 : [fs] device C:/SteamLibrary/steamapps/workshop/content/270880/2726983966/universal.zip mounted to mod pool.
00:01:32.856 : [mod_package_manager] Mod ""New Old School Ruda W900 Skin"" has been mounted. (package_name: mod_workshop_package.00000000A28A791E, version: V1, source: Steam Workshop)
00:01:32.857 : [zipfs] universal.zip: Created, 78 entries
00:01:32.857 : [fs] device C:/SteamLibrary/steamapps/workshop/content/270880/2818196687/universal.zip mounted to mod pool.
00:01:32.857 : [mod_package_manager] Mod ""RUDA 389 Glider - Diesel Wheels"" has been mounted. (package_name: mod_workshop_package.00000000A7FA44CF, version: V1.0, source: Steam Workshop)
00:01:32.858 : [zipfs] ms2_content.zip: Created, 19 entries
00:01:32.858 : [fs] device C:/SteamLibrary/steamapps/workshop/content/270880/3275236668/ms2_content.zip mounted to mod pool.
00:01:32.858 : [mod_package_manager] Mod ""4 Colour Paintable Dedicated Transport skin for the Pizzster 389 EXHD. All cabs"" has been mounted. (package_name: mod_workshop_package.00000000C338253C, version: V1, source: Steam Workshop)
00:01:32.859 : [zipfs] universal.zip: Created, 22 entries
00:01:32.859 : [fs] device C:/SteamLibrary/steamapps/workshop/content/270880/2819646077/universal.zip mounted to mod pool.
00:01:32.859 : [mod_package_manager] Mod ""FLC Freight - Mad Blue"" has been mounted. (package_name: mod_workshop_package.00000000A810627D, version: V1.0, source: Steam Workshop)
00:01:32.859 : [fs] device C:/SteamLibrary/steamapps/workshop/content/270880/730811799/universal mounted to mod pool.
00:01:32.859 : [mod_package_manager] Mod ""Pete 389 High Roller Metallic"" has been mounted. (package_name: mod_workshop_package.000000002B8F4D97, version: 1.0, source: Steam Workshop)
00:01:32.899 : [zipfs] Updated SCS In Game Company Trucks & Trailers.scs: Created, 2977 entries
00:01:32.899 : <WARNING> [mods] No display_name defined in Updated SCS In Game Company Trucks & Trailers. Using package name instead.
00:01:32.899 : [fs] device C:/Users/len_f/OneDrive/Documents/American Truck Simulator/mod/Updated SCS In Game Company Trucks & Trailers.scs mounted to mod pool.
00:01:32.899 : [mod_package_manager] Mod ""Updated SCS In Game Company Trucks & Trailers"" has been mounted. (package_name: Updated SCS In Game Company Trucks & Trailers, version: 5.5, source: User mods)
00:01:32.900 : [zipfs] universal.zip: Created, 23 entries
00:01:32.900 : [fs] device C:/SteamLibrary/steamapps/workshop/content/270880/2894364226/universal.zip mounted to mod pool.
00:01:32.900 : [mod_package_manager] Mod ""Multi colour paintable skin for Jon Ruda's Peterbilt 389"" has been mounted. (package_name: mod_workshop_package.00000000AC847E42, version: V1, source: Steam Workshop)
00:01:32.901 : [zipfs] universal.zip: Created, 33 entries
00:01:32.901 : [fs] device C:/SteamLibrary/steamapps/workshop/content/270880/1662851773/universal.zip mounted to mod pool.
00:01:32.901 : [mod_package_manager] Mod ""Ol' Classic Kenworth T680"" has been mounted. (package_name: mod_workshop_package.00000000631D1ABD, version: 1.0, source: Steam Workshop)
00:01:32.907 : [zipfs] universal.zip: Created, 496 entries
00:01:32.907 : [fs] device C:/SteamLibrary/steamapps/workshop/content/270880/3636229199/universal.zip mounted to mod pool.
00:01:32.907 : [mod_package_manager] Mod ""Realistic Custom Metallic Paint Mod"" has been mounted. (package_name: mod_workshop_package.00000000D8BC744F, version: 1.7, source: Steam Workshop)
00:01:32.908 : [zipfs] universal.zip: Created, 23 entries
00:01:32.908 : [fs] device C:/SteamLibrary/steamapps/workshop/content/270880/2872370959/universal.zip mounted to mod pool.
00:01:32.908 : [mod_package_manager] Mod ""Black Cherry skin for Jon Ruda's W900"" has been mounted. (package_name: mod_workshop_package.00000000AB34E70F, version: V1, source: Steam Workshop)
00:01:32.908 : [fs] device C:/SteamLibrary/steamapps/workshop/content/270880/2837463002/universal mounted to mod pool.
00:01:32.908 : [mod_package_manager] Mod ""Ruda's W900 Fleenor Brothers Metallic Stripes #5"" has been mounted. (package_name: mod_workshop_package.00000000A9203FDA, version: 1.0, source: Steam Workshop)
00:01:32.909 : [zipfs] ms2_content.zip: Created, 23 entries
00:01:32.909 : [fs] device C:/SteamLibrary/steamapps/workshop/content/270880/3404171846/ms2_content.zip mounted to mod pool.
00:01:32.909 : [mod_package_manager] Mod ""Lancer for Pizzster's 389"" has been mounted. (package_name: mod_workshop_package.00000000CAE78A46, version: 1.0, source: Steam Workshop)
00:01:32.910 : [zipfs] Haterbilt_Ol-Skool_Skinpack.scs: Created, 63 entries
00:01:32.910 : [fs] device C:/Users/len_f/OneDrive/Documents/American Truck Simulator/mod/Haterbilt_Ol-Skool_Skinpack.scs mounted to mod pool.
00:01:32.910 : [mod_package_manager] Mod ""Ol Skool"" has been mounted. (package_name: Haterbilt_Ol-Skool_Skinpack, version: 1.0, source: User mods)
00:01:32.911 : [zipfs] ms2_content.zip: Created, 11 entries
00:01:32.911 : [fs] device C:/SteamLibrary/steamapps/workshop/content/270880/3282142427/ms2_content.zip mounted to mod pool.
00:01:32.911 : [mod_package_manager] Mod ""Groupe FG for Harven's W990"" has been mounted. (package_name: mod_workshop_package.00000000C3A184DB, version: 1.0, source: Steam Workshop)
00:01:32.911 : [zipfs] universal.zip: Created, 21 entries
00:01:32.911 : [fs] device C:/SteamLibrary/steamapps/workshop/content/270880/3452161838/universal.zip mounted to mod pool.
00:01:32.911 : [mod_package_manager] Mod ""Restored - Fragdoktor - RUDA W900 - Purple Matt"" has been mounted. (package_name: mod_workshop_package.00000000CDC3CF2E, version: 1.1, source: Steam Workshop)
00:01:32.913 : [zipfs] ms2_content.zip: Created, 59 entries
00:01:32.913 : [fs] device C:/SteamLibrary/steamapps/workshop/content/270880/3165068630/ms2_content.zip mounted to mod pool.
00:01:32.913 : [mod_package_manager] Mod ""Updated Green Lantern Trucking skin for Jon Ruda's W900. All cabs"" has been mounted. (package_name: mod_workshop_package.00000000BCA71D56, version: V2, source: Steam Workshop)
00:01:32.913 : [fs] device C:/SteamLibrary/steamapps/workshop/content/270880/1379627743/universal mounted to mod pool.
00:01:32.913 : [mod_package_manager] Mod ""Freightliner FLB - Freightliner Metallic"" has been mounted. (package_name: mod_workshop_package.00000000523B72DF, version: 1.0, source: Steam Workshop)
00:01:32.914 : [zipfs] universal.zip: Created, 26 entries
00:01:32.914 : [fs] device C:/SteamLibrary/steamapps/workshop/content/270880/1682810031/universal.zip mounted to mod pool.
00:01:32.914 : [mod_package_manager] Mod ""Trux Paintable Purple Haze"" has been mounted. (package_name: mod_workshop_package.00000000644DA4AF, version: 1.0, source: Steam Workshop)
00:01:32.914 : [fs] device C:/SteamLibrary/steamapps/workshop/content/270880/1676917121/universal mounted to mod pool.
00:01:32.914 : [mod_package_manager] Mod ""Trux Purple Haze Pete 389 skin+part (please read description)"" has been mounted. (package_name: mod_workshop_package.0000000063F3B981, version: 1.0, source: Steam Workshop)
00:01:32.915 : [zipfs] Gulf Oil combo.scs: Created, 31 entries
00:01:32.915 : [fs] device C:/Users/len_f/OneDrive/Documents/American Truck Simulator/mod/Gulf Oil combo.scs mounted to mod pool.
00:01:32.915 : [mod_package_manager] Mod ""Gulf Oil Tanker"" has been mounted. (package_name: Gulf Oil combo, version: 1.0, source: User mods)
00:01:32.916 : [zipfs] universal.zip: Created, 33 entries
00:01:32.916 : [fs] device C:/SteamLibrary/steamapps/workshop/content/270880/2871655527/universal.zip mounted to mod pool.
00:01:32.916 : [mod_package_manager] Mod ""Night Moves skin for the Overfloater K100E"" has been mounted. (package_name: mod_workshop_package.00000000AB29FC67, version: V1, source: Steam Workshop)
00:01:32.916 : [fs] device C:/SteamLibrary/steamapps/workshop/content/270880/2597265808/universal mounted to mod pool.
00:01:32.916 : [mod_package_manager] Mod ""Freightliner Argosy stripes - colour changeable"" has been mounted. (package_name: mod_workshop_package.000000009ACF2190, version: , source: Steam Workshop)
00:01:32.916 : [fs] device C:/SteamLibrary/steamapps/workshop/content/270880/815196483/universal mounted to mod pool.
00:01:32.916 : [mod_package_manager] Mod ""KW Tesla - Studio Sleeper"" has been mounted. (package_name: mod_workshop_package.000000003096E943, version: 1.0, source: Steam Workshop)
00:01:32.918 : [zipfs] HICKLYFES_HATERBILT_PINUPS_SKINPACK.scs: Created, 63 entries
00:01:32.918 : [fs] device C:/Users/len_f/OneDrive/Documents/American Truck Simulator/mod/HICKLYFES_HATERBILT_PINUPS_SKINPACK.scs mounted to mod pool.
00:01:32.918 : [mod_package_manager] Mod ""HICKLYFE'S HATERBILT PINUPS"" has been mounted. (package_name: HICKLYFES_HATERBILT_PINUPS_SKINPACK, version: , source: User mods)
00:01:32.918 : [fs] device C:/SteamLibrary/steamapps/workshop/content/270880/2831958164/universal mounted to mod pool.
00:01:32.918 : [mod_package_manager] Mod ""Ruda's W900 White Tribal Two-Tone Metallic"" has been mounted. (package_name: mod_workshop_package.00000000A8CC4094, version: 1.0, source: Steam Workshop)
00:01:33.079 : [zipfs] aiopack.zip: Created, 10759 entries
00:01:33.079 : [fs] device C:/SteamLibrary/steamapps/workshop/content/270880/2915996022/aiopack.zip mounted to mod pool.
00:01:33.079 : [mod_package_manager] Mod ""ATS All in One pack"" has been mounted. (package_name: mod_workshop_package.00000000ADCE9176, version: 1, source: Steam Workshop)
00:01:33.080 : [zipfs] Night Moves Ruda Peterbilt 389 Flat Top.scs: Created, 35 entries
00:01:33.081 : [fs] device C:/Users/len_f/OneDrive/Documents/American Truck Simulator/mod/Night Moves Ruda Peterbilt 389 Flat Top.scs mounted to mod pool.
00:01:33.081 : [mod_package_manager] Mod ""Night Moves Ruda 389 72 Flat Top "" has been mounted. (package_name: Night Moves Ruda Peterbilt 389 Flat Top, version: V1, source: User mods)
00:01:33.082 : [zipfs] Custom Skin Pack Kenworth W990.scs: Created, 35 entries
00:01:33.082 : [fs] device C:/Users/len_f/OneDrive/Documents/American Truck Simulator/mod/Custom Skin Pack Kenworth W990.scs mounted to mod pool.
00:01:33.082 : [mod_package_manager] Mod ""Custom Skin Pack Kenworth W990"" has been mounted. (package_name: Custom Skin Pack Kenworth W990, version: 1.1, source: User mods)
00:01:33.082 : [zipfs] heaven.zip: Created, 23 entries
00:01:33.082 : [fs] device C:/SteamLibrary/steamapps/workshop/content/270880/3042946388/heaven.zip mounted to mod pool.
00:01:33.082 : [mod_package_manager] Mod ""A little bit of heaven ( Pizzster 389 )"" has been mounted. (package_name: mod_workshop_package.00000000B55FAD54, version: 1.0, source: Steam Workshop)
00:01:33.083 : [zipfs] universal.zip: Created, 25 entries
00:01:33.083 : [fs] device C:/SteamLibrary/steamapps/workshop/content/270880/3024376442/universal.zip mounted to mod pool.
00:01:33.083 : [mod_package_manager] Mod ""Grey Ghost skin for Jon Ruda's Wilson Grain Hopper"" has been mounted. (package_name: mod_workshop_package.00000000B444527A, version: V1, source: Steam Workshop)
00:01:33.084 : [zipfs] universal.zip: Created, 37 entries
00:01:33.084 : [fs] device C:/SteamLibrary/steamapps/workshop/content/270880/3029838046/universal.zip mounted to mod pool.
00:01:33.084 : [mod_package_manager] Mod ""Grey Ghost skin for the Pizzster and Damo Peterbilt 389 EXHD"" has been mounted. (package_name: mod_workshop_package.00000000B497A8DE, version: V1, source: Steam Workshop)
00:01:33.084 : [zipfs] universal.zip: Created, 33 entries
00:01:33.084 : [fs] device C:/SteamLibrary/steamapps/workshop/content/270880/3035411045/universal.zip mounted to mod pool.
00:01:33.084 : [mod_package_manager] Mod ""Grey Ghost skin for the Overfloater K100E"" has been mounted. (package_name: mod_workshop_package.00000000B4ECB265, version: , source: Steam Workshop)
00:01:33.085 : [zipfs] ms2_content.zip: Created, 37 entries
00:01:33.085 : [fs] device C:/SteamLibrary/steamapps/workshop/content/270880/3030436988/ms2_content.zip mounted to mod pool.
00:01:33.085 : [mod_package_manager] Mod ""Updated Grey Ghost skin for the Jon Ruda Peterbilt 362. 110 Only"" has been mounted. (package_name: mod_workshop_package.00000000B4A0CC7C, version: V2, source: Steam Workshop)
00:01:33.087 : [zipfs] universal.zip: Created, 47 entries
00:01:33.087 : [fs] device C:/SteamLibrary/steamapps/workshop/content/270880/3024373504/universal.zip mounted to mod pool.
00:01:33.087 : [mod_package_manager] Mod ""Grey Ghost skin for Jon Ruda's 379 63 and 389 72"" has been mounted. (package_name: mod_workshop_package.00000000B4444700, version: V1, source: Steam Workshop)
00:01:33.087 : [zipfs] universal.zip: Created, 23 entries
00:01:33.087 : [fs] device C:/SteamLibrary/steamapps/workshop/content/270880/2872811336/universal.zip mounted to mod pool.
00:01:33.087 : [mod_package_manager] Mod ""Multi Colour Paint Job for Jon Ruda's W900"" has been mounted. (package_name: mod_workshop_package.00000000AB3B9F48, version: V1, source: Steam Workshop)
00:01:33.090 : [hashfs] ai_traffic_pack_by_Jazzycat_v16.6.7_ats.scs: Created, 12259 entries
00:01:33.091 : [fs] device C:/Users/len_f/OneDrive/Documents/American Truck Simulator/mod/ai_traffic_pack_by_Jazzycat_v16.6.7_ats.scs mounted to mod pool.
00:01:33.091 : [mod_package_manager] Mod ""AI Traffic Pack by Jazzycat v16.6.7"" has been mounted. (package_name: ai_traffic_pack_by_Jazzycat_v16.6.7_ats, version: 16.6.7, source: User mods)
00:01:33.092 : [zipfs] 0e8soi2.zip: Created, 127 entries
00:01:33.092 : [fs] device C:/SteamLibrary/steamapps/workshop/content/270880/2561489945/0e8soi2.zip mounted to mod pool.
00:01:33.092 : [mod_package_manager] Mod ""Thermo King reefer unit"" has been mounted. (package_name: mod_workshop_package.0000000098AD3C19, version: 1.3, source: Steam Workshop)
00:01:33.092 : [fs] device C:/SteamLibrary/steamapps/workshop/content/270880/2749381639/universal mounted to mod pool.
00:01:33.093 : [mod_package_manager] Mod ""SCS Box Trailer Edited: Chromed Frame, Door, and Bumper"" has been mounted. (package_name: mod_workshop_package.00000000A3E03C07, version: 1.1.1, source: Steam Workshop)
00:01:33.093 : [fs] device C:/SteamLibrary/steamapps/workshop/content/270880/3121862946/universal mounted to mod pool.
00:01:33.093 : [mod_package_manager] Mod ""Kenworth T680 Add-ons"" has been mounted. (package_name: mod_workshop_package.00000000BA13D922, version: 1.4.1, source: Steam Workshop)
00:01:33.093 : [fs] device C:/SteamLibrary/steamapps/workshop/content/270880/3352340034/universal mounted to mod pool.
00:01:33.093 : [mod_package_manager] Mod ""SCS Extended Frames"" has been mounted. (package_name: mod_workshop_package.00000000C7D0A642, version: 1.0, source: Steam Workshop)
00:01:33.093 : [fs] device C:/SteamLibrary/steamapps/workshop/content/270880/3344433603/universal mounted to mod pool.
00:01:33.093 : [mod_package_manager] Mod ""SCS Long and Lowered Chassis"" has been mounted. (package_name: mod_workshop_package.00000000C75801C3, version: 1.0, source: Steam Workshop)
00:01:33.093 : [hashfs] JonRuda-389-Lowered-Suspension.scs: Created, 21 entries
00:01:33.094 : [fs] device C:/Users/len_f/OneDrive/Documents/American Truck Simulator/mod/JonRuda-389-Lowered-Suspension.scs mounted to mod pool.
00:01:33.094 : [mod_package_manager] Mod ""[Jon Ruda - 389] Lowered Suspension"" has been mounted. (package_name: JonRuda-389-Lowered-Suspension, version: 10.4.26, source: User mods)
00:01:33.094 : [fs] device C:/SteamLibrary/steamapps/workshop/content/270880/665243424/chromeviper mounted to mod pool.
00:01:33.094 : [mod_package_manager] Mod ""Peterbilt 389 Viper2 (v2.0) Chrome pack"" has been mounted. (package_name: mod_workshop_package.0000000027A6CF20, version: 1.1a, source: Steam Workshop)
00:01:33.101 : [zipfs] jp_parts_v2.zip: Created, 509 entries
00:01:33.101 : [fs] device C:/SteamLibrary/steamapps/workshop/content/270880/2376620893/jp_parts_v2.zip mounted to mod pool.
00:01:33.101 : [mod_package_manager] Mod ""Custom Parts for Viper2's Peterbilt 389"" has been mounted. (package_name: mod_workshop_package.000000008DA85B5D, version: 2.0, source: Steam Workshop)
00:01:33.117 : [zipfs] mbe.zip: Created, 1079 entries
00:01:33.117 : [fs] device C:/SteamLibrary/steamapps/workshop/content/270880/3611296949/mbe.zip mounted to mod pool.
00:01:33.117 : [mod_package_manager] Mod ""MrBadMae's Engines and Transmissions"" has been mounted. (package_name: mod_workshop_package.00000000D74004B5, version: vtcbeta7, source: Steam Workshop)
00:01:33.133 : [zipfs] MrBadMae's RGB Headlights.scs: Created, 1103 entries
00:01:33.133 : <WARNING> [mods] No display_name defined in MrBadMae's RGB Headlights. Using package name instead.
00:01:33.133 : [fs] device C:/Users/len_f/OneDrive/Documents/American Truck Simulator/mod/MrBadMae's RGB Headlights.scs mounted to mod pool.
00:01:33.133 : [mod_package_manager] Mod ""MrBadMae's RGB Headlights"" has been mounted. (package_name: MrBadMae's RGB Headlights, version: 2.0, source: User mods)
00:01:33.133 : [fs] device C:/SteamLibrary/steamapps/workshop/content/270880/3602945760/universal mounted to mod pool.
00:01:33.133 : [mod_package_manager] Mod ""BigT LED Side Marker - V5.1"" has been mounted. (package_name: mod_workshop_package.00000000D6C096E0, version: 1.61.0.0, source: Steam Workshop)
00:01:33.137 : [zipfs] obel_bore_led_v19.zip: Created, 245 entries
00:01:33.137 : [fs] device C:/SteamLibrary/steamapps/workshop/content/270880/1317972379/obel_bore_led_v19.zip mounted to mod pool.
00:01:33.137 : [mod_package_manager] Mod ""Boreman LED Marker Lights Pack"" has been mounted. (package_name: mod_workshop_package.000000004E8EA99B, version: 1.9, source: Steam Workshop)
00:01:33.138 : [fs] device C:/SteamLibrary/steamapps/workshop/content/270880/916489351/universal mounted to mod pool.
00:01:33.138 : [mod_package_manager] Mod ""BigT Britax LED Beacons Pack"" has been mounted. (package_name: mod_workshop_package.0000000036A08487, version: 1.47.2.0, source: Steam Workshop)
00:01:33.138 : [fs] device C:/SteamLibrary/steamapps/workshop/content/270880/1605538434/universal mounted to mod pool.
00:01:33.138 : [mod_package_manager] Mod ""BigT LED Side Marker"" has been mounted. (package_name: mod_workshop_package.000000005FB29282, version: 1.47.2.0, source: Steam Workshop)
00:01:33.172 : [zipfs] scr_wheel_pack.zip: Created, 2269 entries
00:01:33.172 : [fs] device C:/SteamLibrary/steamapps/workshop/content/270880/651067966/scr_wheel_pack.zip mounted to mod pool.
00:01:33.172 : [mod_package_manager] Mod ""[SCR] Smarty's Wheel Pack"" has been mounted. (package_name: mod_workshop_package.0000000026CE823E, version: 1.10.3, source: Steam Workshop)
00:01:33.201 : [zipfs] 24in_wheelpack.scs: Created, 2024 entries
00:01:33.201 : [fs] device C:/Users/len_f/OneDrive/Documents/American Truck Simulator/mod/24in_wheelpack.scs mounted to mod pool.
00:01:33.201 : [mod_package_manager] Mod ""24.5 Inch Wheel Pack"" has been mounted. (package_name: 24in_wheelpack, version: v1.8, source: User mods)
00:01:33.206 : [zipfs] lowpro_tires_rd.scs: Created, 355 entries
00:01:33.206 : [fs] device C:/Users/len_f/OneDrive/Documents/American Truck Simulator/mod/lowpro_tires_rd.scs mounted to mod pool.
00:01:33.206 : [mod_package_manager] Mod ""Low Profile Tires"" has been mounted. (package_name: lowpro_tires_rd, version: 1.0, source: User mods)
00:01:33.207 : [fs] device C:/SteamLibrary/steamapps/workshop/content/270880/2799805078/universal mounted to mod pool.
00:01:33.207 : [mod_package_manager] Mod ""ALCOA ATS WHEEL"" has been mounted. (package_name: mod_workshop_package.00000000A6E1A296, version: 1.0, source: Steam Workshop)
00:01:33.218 : [zipfs] 30in_wheelpack_v2.scs: Created, 902 entries
00:01:33.218 : [fs] device C:/Users/len_f/OneDrive/Documents/American Truck Simulator/mod/30in_wheelpack_v2.scs mounted to mod pool.
00:01:33.218 : [mod_package_manager] Mod ""30in Wheel Pack"" has been mounted. (package_name: 30in_wheelpack_v2, version: v2.0, source: User mods)
00:01:33.219 : [zipfs] ruda_579_389_digi_dash.zip: Created, 12 entries
00:01:33.219 : [fs] device C:/SteamLibrary/steamapps/workshop/content/270880/3648893619/ruda_579_389_digi_dash.zip mounted to mod pool.
00:01:33.219 : [mod_package_manager] Mod ""Jon Ruda 389 & 579 Kenworth Digi Dash"" has been mounted. (package_name: mod_workshop_package.00000000D97DB2B3, version: 1.0, source: Steam Workshop)
00:01:33.219 : [fs] device C:/SteamLibrary/steamapps/workshop/content/270880/2840804285/latest mounted to mod pool.
00:01:33.219 : [mod_package_manager] Mod ""Metallic Paint Match for Trailers Pack - 1.45"" has been mounted. (package_name: mod_workshop_package.00000000A9533BBD, version: 1.0.0, source: Steam Workshop)
00:01:33.219 : [fs] device C:/SteamLibrary/steamapps/workshop/content/270880/2635484358/latest mounted to mod pool.
00:01:33.219 : [mod_package_manager] Mod ""Metallic Paint Unlock for SCS Trucks Pack"" has been mounted. (package_name: mod_workshop_package.000000009D164CC6, version: 1.0.0, source: Steam Workshop)
00:01:33.220 : [hashfs] 1.6X.X_Kenworth_T680_2022_JG.scs: Created, 1610 entries
00:01:33.220 : [fs] device C:/Users/len_f/OneDrive/Documents/American Truck Simulator/mod/1.6X.X_Kenworth_T680_2022_JG.scs mounted to mod pool.
00:01:33.220 : [mod_package_manager] Mod ""Kenworth T680 2022 Accessories Pack"" has been mounted. (package_name: 1.6X.X_Kenworth_T680_2022_JG, version: v12.0, source: User mods)
00:01:33.220 : [fs] device C:/SteamLibrary/steamapps/workshop/content/270880/3131927334/universal mounted to mod pool.
00:01:33.220 : [mod_package_manager] Mod ""Engine 650HP + 18-speed for Kenworth T680 Next Gen"" has been mounted. (package_name: mod_workshop_package.00000000BAAD6B26, version: ver_1.2, source: Steam Workshop)
00:01:33.220 : [fs] device C:/SteamLibrary/steamapps/workshop/content/270880/3118465099/universal mounted to mod pool.
00:01:33.220 : [mod_package_manager] Mod ""New Exterior Options for the New KW T680"" has been mounted. (package_name: mod_workshop_package.00000000B9E0004B, version: V3.1, source: Steam Workshop)
00:01:33.221 : [fs] device C:/SteamLibrary/steamapps/workshop/content/270880/3345504099/universal mounted to mod pool.
00:01:33.221 : [mod_package_manager] Mod ""Peterbilt 389 Add-ons [Lite]"" has been mounted. (package_name: mod_workshop_package.00000000C7685763, version: 1.1, source: Steam Workshop)
00:01:33.221 : [fs] device C:/SteamLibrary/steamapps/workshop/content/270880/2643227032/universal mounted to mod pool.
00:01:33.221 : [mod_package_manager] Mod ""Peterbilt 389 Rework"" has been mounted. (package_name: mod_workshop_package.000000009D8C7198, version: 2.2.2, source: Steam Workshop)
00:01:33.221 : [zipfs] Hater_Brighter_Headlights.scs: Created, 12 entries
00:01:33.222 : [fs] device C:/Users/len_f/OneDrive/Documents/American Truck Simulator/mod/Hater_Brighter_Headlights.scs mounted to mod pool.
00:01:33.222 : [mod_package_manager] Mod ""Hater Headlights"" has been mounted. (package_name: Hater_Brighter_Headlights, version: 1.0, source: User mods)
00:01:33.222 : [hashfs] LED_Mega_Pack_All_Trucks_Hatreyu_Gaming_v1.8.4.scs: Created, 3606 entries
00:01:33.222 : [fs] device C:/Users/len_f/OneDrive/Documents/American Truck Simulator/mod/LED_Mega_Pack_All_Trucks_Hatreyu_Gaming_v1.8.4.scs mounted to mod pool.
00:01:33.222 : [mod_package_manager] Mod ""LED Mega Pack Tuning All Trucks"" has been mounted. (package_name: LED_Mega_Pack_All_Trucks_Hatreyu_Gaming_v1.8.4, version: 1.8.4, source: User mods)
00:01:33.223 : [zipfs] LED_Mega_Pack_Beacon_Patch.scs: Created, 14 entries
00:01:33.223 : [fs] device C:/Users/len_f/OneDrive/Documents/American Truck Simulator/mod/LED_Mega_Pack_Beacon_Patch.scs mounted to mod pool.
00:01:33.223 : [mod_package_manager] Mod ""LED Mega Pack Beacon switch Patch"" has been mounted. (package_name: LED_Mega_Pack_Beacon_Patch, version: 1.5.1, source: User mods)
00:01:33.223 : [fs] device C:/SteamLibrary/steamapps/workshop/content/270880/2646695960/latest mounted to mod pool.
00:01:33.223 : [mod_package_manager] Mod ""Blades Wrecker Hot Fix Pack"" has been mounted. (package_name: mod_workshop_package.000000009DC16018, version: 1.0.0, source: Steam Workshop)
00:01:33.223 : [fs] device C:/SteamLibrary/steamapps/workshop/content/270880/2500854625/universal mounted to mod pool.
00:01:33.223 : [mod_package_manager] Mod ""Cat 3406E"" has been mounted. (package_name: mod_workshop_package.0000000095100361, version: 1.0, source: Steam Workshop)
00:01:33.223 : [fs] device C:/SteamLibrary/steamapps/workshop/content/270880/3175916835/universal mounted to mod pool.
00:01:33.223 : [mod_package_manager] Mod ""CAT 3406B Straight pipe sound"" has been mounted. (package_name: mod_workshop_package.00000000BD4CA523, version: 4.0, source: Steam Workshop)
00:01:33.224 : [fs] device C:/SteamLibrary/steamapps/workshop/content/270880/3528602490/universal mounted to mod pool.
00:01:33.224 : [mod_package_manager] Mod ""Cummins ISM Straight pipe sound"" has been mounted. (package_name: mod_workshop_package.00000000D252337A, version: 2.0.1, source: Steam Workshop)
00:01:33.224 : [fs] device C:/SteamLibrary/steamapps/workshop/content/270880/3264213855/universal mounted to mod pool.
00:01:33.224 : [mod_package_manager] Mod ""Cummins ISX Straight pipe sound"" has been mounted. (package_name: mod_workshop_package.00000000C28FF35F, version: 5.1, source: Steam Workshop)
00:01:33.224 : [fs] device C:/SteamLibrary/steamapps/workshop/content/270880/3109207522/universal mounted to mod pool.
00:01:33.224 : [mod_package_manager] Mod ""Cummins X15 Straight pipe sound"" has been mounted. (package_name: mod_workshop_package.00000000B952BDE2, version: 2.0, source: Steam Workshop)
00:01:33.224 : [fs] device C:/SteamLibrary/steamapps/workshop/content/270880/3025843004/universal mounted to mod pool.
00:01:33.224 : [mod_package_manager] Mod ""Cummins Big Cam IV Straight pipe sound"" has been mounted. (package_name: mod_workshop_package.00000000B45AB33C, version: 5.0, source: Steam Workshop)
00:01:33.227 : [hashfs] Engine Sounds.scs: Created, 196742 entries
00:01:33.227 : [fs] device C:/Users/len_f/OneDrive/Documents/American Truck Simulator/mod/Engine Sounds.scs mounted to mod pool.
00:01:33.227 : [mod_package_manager] Mod ""Engine Sounds"" has been mounted. (package_name: Engine Sounds, version: 5.0.1, source: User mods)
00:01:33.227 : [fs] device C:/SteamLibrary/steamapps/workshop/content/270880/2675896683/universal mounted to mod pool.
00:01:33.227 : [mod_package_manager] Mod ""Best Motor Pack"" has been mounted. (package_name: mod_workshop_package.000000009F7EF16B, version: 1.1, source: Steam Workshop)
00:01:33.228 : [fs] device C:/SteamLibrary/steamapps/workshop/content/270880/3196785461/universal mounted to mod pool.
00:01:33.228 : [mod_package_manager] Mod ""Detroit Diesel 8v71 Straight pipe sound"" has been mounted. (package_name: mod_workshop_package.00000000BE8B1335, version: 3.0, source: Steam Workshop)
00:01:33.228 : [fs] device C:/SteamLibrary/steamapps/workshop/content/270880/2965630286/universal mounted to mod pool.
00:01:33.228 : [mod_package_manager] Mod ""Detroit Diesel 60 Series Straight pipe sound"" has been mounted. (package_name: mod_workshop_package.00000000B0C3ED4E, version: 8.1, source: Steam Workshop)
00:01:33.228 : [fs] device C:/SteamLibrary/steamapps/workshop/content/270880/3013687427/universal mounted to mod pool.
00:01:33.228 : [mod_package_manager] Mod ""CAT C15 6NZ Straight pipe sound"" has been mounted. (package_name: mod_workshop_package.00000000B3A13883, version: 5.5, source: Steam Workshop)
00:01:33.228 : [fs] device C:/SteamLibrary/steamapps/workshop/content/270880/3238905093/universal mounted to mod pool.
00:01:33.228 : [mod_package_manager] Mod ""CAT C12 Straight pipe sound"" has been mounted. (package_name: mod_workshop_package.00000000C10DC505, version: 2.0, source: Steam Workshop)
00:01:33.229 : [fs] device C:/SteamLibrary/steamapps/workshop/content/270880/3355438236/universal mounted to mod pool.
00:01:33.229 : [mod_package_manager] Mod ""CAT 3408 Straight pipe sound"" has been mounted. (package_name: mod_workshop_package.00000000C7FFEC9C, version: 2.0, source: Steam Workshop)
00:01:33.229 : [fs] device C:/SteamLibrary/steamapps/workshop/content/270880/2042307332/universal mounted to mod pool.
00:01:33.229 : [mod_package_manager] Mod ""Detroit Diesel 60 Series Sound & Engine Pack"" has been mounted. (package_name: mod_workshop_package.0000000079BB2304, version: 2.0.2, source: Steam Workshop)
00:01:33.229 : [fs] device C:/SteamLibrary/steamapps/workshop/content/270880/843502049/package mounted to mod pool.
00:01:33.229 : [mod_package_manager] Mod ""N14 Jake brake sound"" has been mounted. (package_name: mod_workshop_package.000000003246D1E1, version: 2.3, source: Steam Workshop)
00:01:33.230 : [zipfs] universal.zip: Created, 27 entries
00:01:33.230 : [fs] device C:/SteamLibrary/steamapps/workshop/content/270880/3518813415/universal.zip mounted to mod pool.
00:01:33.230 : [mod_package_manager] Mod ""SCS Kenworth T680 NG Engine Sounds Improvements"" has been mounted. (package_name: mod_workshop_package.00000000D1BCD4E7, version: 1.0, source: Steam Workshop)
00:01:33.231 : [hashfs] sound.scs: Created, 1581 entries
00:01:33.235 : [fs] device C:/SteamLibrary/steamapps/workshop/content/270880/830663438/sound.scs mounted to mod pool.
00:01:33.235 : [mod_package_manager] Mod ""Sound Fixes Pack v26.60 - ATS"" has been mounted. (package_name: mod_workshop_package.000000003182EB0E, version: 26.60, source: Steam Workshop)
00:01:33.235 : [fs] device C:/SteamLibrary/steamapps/workshop/content/270880/3103055868/universal mounted to mod pool.
00:01:33.235 : [mod_package_manager] Mod ""Realistic Brutal Graphics And Weather"" has been mounted. (package_name: mod_workshop_package.00000000B8F4DFFC, version: V11, source: Steam Workshop)
00:01:33.236 : [fs] device C:/SteamLibrary/steamapps/workshop/content/270880/2676844333/universal mounted to mod pool.
00:01:33.236 : [mod_package_manager] Mod ""Fenders and Grill for Viper's 389"" has been mounted. (package_name: mod_workshop_package.000000009F8D672D, version: 1.0, source: Steam Workshop)
00:01:33.236 : [zipfs] universal.zip: Created, 35 entries
00:01:33.236 : [fs] device C:/SteamLibrary/steamapps/workshop/content/270880/3029837175/universal.zip mounted to mod pool.
00:01:33.236 : [mod_package_manager] Mod ""Grey Ghost skin for the Pizzster and Damo Wade Step Deck. Includes Mudflaps!"" has been mounted. (package_name: mod_workshop_package.00000000B497A577, version: , source: Steam Workshop)
00:01:33.237 : [fs] device C:/SteamLibrary/steamapps/workshop/content/270880/3318356465/universal mounted to mod pool.
00:01:33.237 : [mod_package_manager] Mod ""More Used Trucks"" has been mounted. (package_name: mod_workshop_package.00000000C5CA19F1, version: 1.0, source: Steam Workshop)
00:01:33.237 : [fs] device C:/SteamLibrary/steamapps/workshop/content/270880/3459467655/universal mounted to mod pool.
00:01:33.237 : [mod_package_manager] Mod ""Grass_4.0_ATS_4k"" has been mounted. (package_name: mod_workshop_package.00000000CE334987, version: 1.10, source: Steam Workshop)
00:01:33.237 : [fs] device C:/SteamLibrary/steamapps/workshop/content/270880/2916096373/universal mounted to mod pool.
00:01:33.237 : [mod_package_manager] Mod ""tree_improved__4k"" has been mounted. (package_name: mod_workshop_package.00000000ADD01975, version: 1.10, source: Steam Workshop)
00:01:33.237 : [fs] device C:/SteamLibrary/steamapps/workshop/content/270880/2914601934/universal mounted to mod pool.
00:01:33.237 : [mod_package_manager] Mod ""Weather_3.8_4k"" has been mounted. (package_name: mod_workshop_package.00000000ADB94BCE, version: 2.0, source: Steam Workshop)
00:01:33.238 : [fs] device C:/SteamLibrary/steamapps/workshop/content/270880/2939968682/universal mounted to mod pool.
00:01:33.238 : [mod_package_manager] Mod ""Ruda's W900 Stripes"" has been mounted. (package_name: mod_workshop_package.00000000AF3C5CAA, version: , source: Steam Workshop)
00:01:33.238 : [fs] device C:/SteamLibrary/steamapps/workshop/content/270880/2386385482/universal mounted to mod pool.
00:01:33.238 : [mod_package_manager] Mod ""Viper Changable Metalic"" has been mounted. (package_name: mod_workshop_package.000000008E3D5A4A, version: , source: Steam Workshop)
00:01:33.238 : [fs] device C:/SteamLibrary/steamapps/workshop/content/270880/2848226289/universal mounted to mod pool.
00:01:33.238 : [mod_package_manager] Mod ""Custom Ruda 389 Skin"" has been mounted. (package_name: mod_workshop_package.00000000A9C47BF1, version: 1.0, source: Steam Workshop)
00:01:33.266 : [zipfs] Jaspers.Real_Eaton_Fuller_Transmissions_CAST_Addon.scs: Created, 1748 entries
00:01:33.266 : [fs] device C:/Users/len_f/OneDrive/Documents/American Truck Simulator/mod/Jaspers.Real_Eaton_Fuller_Transmissions_CAST_Addon.scs mounted to mod pool.
00:01:33.266 : [mod_package_manager] Mod ""Real Eaton Fuller Transmissions CAST Addon"" has been mounted. (package_name: Jaspers.Real_Eaton_Fuller_Transmissions_CAST_Addon, version: 22.10.4, source: User mods)
00:01:34.204 : [zipfs] ATS Exp Cargo Addon 090826 PE.scs: Created, 61370 entries
00:01:34.205 : <WARNING> [mods] No display_name defined in ATS Exp Cargo Addon 090826 PE. Using package name instead.
00:01:34.205 : [fs] device C:/Users/len_f/OneDrive/Documents/American Truck Simulator/mod/ATS Exp Cargo Addon 090826 PE.scs mounted to mod pool.
00:01:34.205 : [mod_package_manager] Mod ""ATS Exp Cargo Addon 090826 PE"" has been mounted. (package_name: ATS Exp Cargo Addon 090826 PE, version: ATS Expansion Cargo Addon, source: User mods)
00:01:34.221 : [zipfs] C:/Users/len_f/OneDrive/Documents/American Truck Simulator/mod/Swc_Modding_Lights_Pack_0.2.6.scs: AEM       Ҳ PK
00:01:34.221 : [zipfs] Swc_Modding_Lights_Pack_0.2.6.scs: Created, 1217 entries
00:01:34.222 : [fs] device C:/Users/len_f/OneDrive/Documents/American Truck Simulator/mod/Swc_Modding_Lights_Pack_0.2.6.scs mounted to mod pool.
00:01:34.222 : [mod_package_manager] Mod ""Light Pack for Swc Mods"" has been mounted. (package_name: Swc_Modding_Lights_Pack_0.2.6, version: 0.2.6, source: User mods)
00:01:34.222 : [zipfs] universal.zip: Created, 7 entries
00:01:34.222 : [fs] device C:/SteamLibrary/steamapps/workshop/content/270880/1988082716/universal.zip mounted to mod pool.
00:01:34.222 : [mod_package_manager] Mod ""Quick Gates For ATS"" has been mounted. (package_name: mod_workshop_package.00000000767FBC1C, version: 1.60, source: Steam Workshop)
00:01:34.223 : [fs] device C:/SteamLibrary/steamapps/workshop/content/270880/3047617915/drivers mounted to mod pool.
00:01:34.223 : [mod_package_manager] Mod ""Beautiful & Stunning Female Drivers"" has been mounted. (package_name: mod_workshop_package.00000000B5A6F57B, version: 2.0.0, source: Steam Workshop)
00:01:34.226 : [zipfs] K100 addons ratr0dev.scs: Created, 297 entries
00:01:34.226 : <WARNING> [mods] No valid categories defined for K100 addons ratr0dev. Setting defaults.
00:01:34.226 : <WARNING> [mods] No display_name defined in K100 addons ratr0dev. Using package name instead.
00:01:34.226 : [fs] device C:/Users/len_f/OneDrive/Documents/American Truck Simulator/mod/K100 addons ratr0dev.scs mounted to mod pool.
00:01:34.226 : [mod_package_manager] Mod ""K100 addons ratr0dev"" has been mounted. (package_name: K100 addons ratr0dev, version: 1.0, source: User mods)
00:01:34.227 : [fs] device C:/SteamLibrary/steamapps/workshop/content/270880/941760365/universal mounted to mod pool.
00:01:34.227 : [mod_package_manager] Mod ""CAT - Heavy Cargo"" has been mounted. (package_name: mod_workshop_package.0000000038221F6D, version: 1.1, source: Steam Workshop)
00:01:34.227 : [zipfs] ms2_content.zip: Created, 27 entries
00:01:34.227 : [fs] device C:/SteamLibrary/steamapps/workshop/content/270880/3460297877/ms2_content.zip mounted to mod pool.
00:01:34.228 : [mod_package_manager] Mod ""Kenworth T680 Windscreen Decal"" has been mounted. (package_name: mod_workshop_package.00000000CE3FF495, version: 1.0, source: Steam Workshop)
00:01:34.242 : [zipfs] realistic_rain_reflections_standalone_v1_2.scs: Created, 1069 entries
00:01:34.242 : [fs] device C:/Users/len_f/OneDrive/Documents/American Truck Simulator/mod/realistic_rain_reflections_standalone_v1_2.scs mounted to mod pool.
00:01:34.242 : [mod_package_manager] Mod ""Realistic Rain Reflections Standalone v1.2"" has been mounted. (package_name: realistic_rain_reflections_standalone_v1_2, version: 1.2, source: User mods)
00:01:34.242 : [fs] device C:/SteamLibrary/steamapps/workshop/content/270880/3006377097/universal mounted to mod pool.
00:01:34.242 : [mod_package_manager] Mod ""Camera Mod"" has been mounted. (package_name: mod_workshop_package.00000000B331AC89, version: 1.4.0, source: Steam Workshop)
00:01:34.242 : [hashfs] KSW_LightsPack.scs: Created, 5037 entries
00:01:34.243 : <WARNING> [mods] Unknown category 'lights' defined for KSW_LightsPack. Ignoring.
00:01:34.243 : <WARNING> [mods] No valid categories defined for KSW_LightsPack. Setting defaults.
00:01:34.243 : [fs] device C:/Users/len_f/OneDrive/Documents/American Truck Simulator/mod/KSW_LightsPack.scs mounted to mod pool.
00:01:34.243 : [mod_package_manager] Mod ""Lights Pack KSW"" has been mounted. (package_name: KSW_LightsPack, version: 1.6x.X, source: User mods)
00:01:34.243 : <WARNING> [ufs] disabling pool lookup - sysfs device type not supported: C:/SteamLibrary/steamapps/workshop/content/270880/3006377097/universal
00:01:34.314 : [app_lcl] Localization module '/locale/en_us/local_module.jazzytrail.sii' has been applied.
00:01:34.317 : [app_lcl] Localization module '/locale/en_us/local_module.eyt_cargo.sii' has been applied.
00:01:34.319 : [app_lcl] Localization module '/locale/en_us/local_module.arctic_log.sii' has been applied.
00:01:34.321 : [app_lcl] Localization module '/locale/en_us/local_module.aspen_oil_ow.sii' has been applied.
00:01:34.323 : [app_lcl] Localization module '/locale/en_us/local_module.transcraft.sii' has been applied.
00:01:34.326 : [app_lcl] Localization module '/locale/en_us/local_module.scr_timpte_super_seal.sii' has been applied.
00:01:34.328 : [app_lcl] Localization module '/locale/en_us/local_module.greatdane.sii' has been applied.
00:01:34.332 : <WARNING> [app_lcl] Failed to add token 'trans' from localization module '/locale/en_us/local_module.byjonruda.sii'! Localization with that token already defined.
00:01:34.348 : <WARNING> [app_lcl] Failed to add token 'seat' from localization module '/locale/en_us/local_module.byjonruda.sii'! Localization with that token already defined.
00:01:34.357 : [app_lcl] Localization module '/locale/en_us/local_module.byjonruda.sii' has been applied.
00:01:34.363 : [app_lcl] Localization module '/locale/en_us/local_module.fred122.sii' has been applied.
00:01:34.365 : [app_lcl] Localization module '/locale/en_us/local_module.gtm_w900b.sii' has been applied.
00:01:34.368 : [app_lcl] Localization module '/locale/en_us/local_module.gtm_t800.sii' has been applied.
00:01:34.370 : <WARNING> [app_lcl] Failed to add token 'underglow' from localization module '/locale/en_us/local_module.kenworth_w990.sii'! Localization with that token already defined.
00:01:34.370 : [app_lcl] Localization module '/locale/en_us/local_module.kenworth_w990.sii' has been applied.
00:01:34.421 : [win] new windowed size: 2560 1080
00:01:34.421 : Window resize notification received: 2560 1080
00:01:34.421 : [dx11] Backbuffer released
00:01:34.421 : [dxgi] Resizing backbuffers: 2560 1080 (flags: 800)
00:01:34.424 : [dx11] Backbuffer acquired
00:01:38.870 : [net] LINK ERRO: Not found.
00:02:15.163 : game 0 0
00:02:26.090 : <ERROR> Missing file: /unit/hookup/vehicle/flare/new140/.sii
00:02:26.091 : <ERROR> Missing file: /unit/hookup/vehicle/flare/bulb_types/.sii
00:02:26.196 : <ERROR> Missing file: /unit/hookup/vehicle/flare/interior_light/common/.sii
00:02:26.197 : <ERROR> Missing file: /unit/hookup/vehicle/flare/models/.sii
00:02:26.404 : <ERROR> Missing file: /unit/hookup/vehicle/flare/underglow/common/.sii
00:02:36.582 : <WARNING> Ignoring obsolete attribute 'stereo_convergence' of unit 'camera.behind.basic' (of type 'vehicle_behind_rotation_camera').
00:02:36.583 : <WARNING> Ignoring obsolete attribute 'stereo_convergence' of unit 'camera.bumper.basic' (of type 'vehicle_bumper_camera').
00:02:36.583 : <WARNING> Ignoring obsolete attribute 'stereo_convergence' of unit 'camera.cabin.basic' (of type 'vehicle_cabin_camera').
00:02:36.583 : <WARNING> Ignoring obsolete attribute 'stereo_convergence' of unit 'camera.wheel.basic' (of type 'vehicle_bumper_camera').
00:02:36.584 : <WARNING> Ignoring obsolete attribute 'stereo_convergence' of unit 'camera.top.basic' (of type 'vehicle_top_camera').
00:02:36.584 : <WARNING> Ignoring obsolete attribute 'stereo_convergence' of unit 'camera.debug' (of type 'debug_camera').
00:02:36.585 : <WARNING> Ignoring obsolete attribute 'stereo_convergence' of unit 'camera.window.basic' (of type 'vehicle_interior_camera').
00:02:36.586 : <WARNING> Variable 'x_offset_forward' is deprecated, use 'offset_forward' instead.
00:02:36.586 : <WARNING> Variable 'x_offset_backward' is deprecated, use 'offset_backward' instead.
00:02:36.588 : <WARNING> Ignoring obsolete attribute 'stereo_convergence' of unit 'camera.interior.freightliner.cascadia2019' (of type 'vehicle_interior_camera').
00:02:36.589 : <WARNING> Ignoring obsolete attribute 'stereo_convergence' of unit 'camera.interior.freightliner.cascadia2019.oculus' (of type 'vehicle_interior_camera').
00:02:36.602 : <WARNING> Ignoring obsolete attribute 'stereo_convergence' of unit 'camera.interior.389ep' (of type 'vehicle_interior_camera').
00:02:36.602 : <WARNING> Ignoring obsolete attribute 'stereo_convergence' of unit 'camera.interior.389ep.oculus' (of type 'vehicle_interior_camera').
00:02:36.602 : <WARNING> Ignoring obsolete attribute 'stereo_convergence' of unit 'camera.behind.389ep' (of type 'vehicle_behind_rotation_camera').
00:02:36.604 : <WARNING> Ignoring obsolete attribute 'stereo_convergence' of unit 'camera.interior.kenworth.k200' (of type 'vehicle_interior_camera').
00:02:36.606 : <WARNING> Ignoring obsolete attribute 'stereo_convergence' of unit 'camera.interior.kenworth.k100of' (of type 'vehicle_interior_camera').
00:02:36.607 : <WARNING> Ignoring obsolete attribute 'stereo_convergence' of unit 'camera.behind.k100of' (of type 'vehicle_behind_rotation_camera').
00:02:36.607 : <WARNING> Ignoring obsolete attribute 'stereo_convergence' of unit 'camera.interior.kenworth.k100of.oculus' (of type 'vehicle_interior_camera').
00:02:36.613 : <WARNING> Ignoring obsolete attribute 'stereo_convergence' of unit 'camera.interior.peterbilt.389' (of type 'vehicle_interior_camera').
00:02:36.614 : <WARNING> Ignoring obsolete attribute 'stereo_convergence' of unit 'camera.interior.peterbilt.389.oculus' (of type 'vehicle_interior_camera').
00:02:36.614 : <WARNING> Ignoring obsolete attribute 'stereo_convergence' of unit 'camera.interior.3xp' (of type 'vehicle_interior_camera').
00:02:36.614 : <WARNING> Ignoring obsolete attribute 'stereo_convergence' of unit 'camera.interior.3xp.oculus' (of type 'vehicle_interior_camera').
00:02:36.615 : <WARNING> Ignoring obsolete attribute 'stereo_convergence' of unit 'camera.behind.3xp' (of type 'vehicle_behind_rotation_camera').
00:02:36.619 : <WARNING> Ignoring obsolete attribute 'stereo_convergence' of unit 'camera.interior.flb' (of type 'vehicle_interior_camera').
00:02:36.621 : <WARNING> Ignoring obsolete attribute 'stereo_convergence' of unit 'camera.interior.freightliner.fld' (of type 'vehicle_interior_camera').
00:02:36.623 : <WARNING> Ignoring obsolete attribute 'stereo_convergence' of unit 'camera.interior.kenworth.w900' (of type 'vehicle_interior_camera').
00:02:36.623 : <WARNING> Ignoring obsolete attribute 'stereo_convergence' of unit 'camera.window.kenworth.w900' (of type 'vehicle_interior_camera').
00:02:36.624 : <WARNING> Ignoring obsolete attribute 'stereo_convergence' of unit 'camera.interior.kenworth.w900.oculus' (of type 'vehicle_interior_camera').
00:02:36.624 : <WARNING> Ignoring obsolete attribute 'stereo_convergence' of unit 'camera.interior.int_9800' (of type 'vehicle_interior_camera').
00:02:36.625 : <WARNING> Ignoring obsolete attribute 'stereo_convergence' of unit 'camera.interior.volvo.vnr_e' (of type 'vehicle_interior_camera').
00:02:36.625 : <WARNING> Ignoring obsolete attribute 'stereo_convergence' of unit 'camera.interior.volvo.vnr_e.oculus' (of type 'vehicle_interior_camera').
00:02:36.625 : <WARNING> Ignoring obsolete attribute 'stereo_convergence' of unit 'camera.interior.volvo.vnl2025' (of type 'vehicle_interior_camera').
00:02:36.626 : <WARNING> Ignoring obsolete attribute 'stereo_convergence' of unit 'camera.interior.volvo.vnl2025.oculus' (of type 'vehicle_interior_camera').
00:02:36.627 : <WARNING> Ignoring obsolete attribute 'stereo_convergence' of unit 'camera.interior.freightliner.cascadia2024' (of type 'vehicle_interior_camera').
00:02:36.627 : <WARNING> Ignoring obsolete attribute 'stereo_convergence' of unit 'camera.interior.freightliner.cascadia2024.oculus' (of type 'vehicle_interior_camera').
00:02:36.628 : <WARNING> Ignoring obsolete attribute 'stereo_convergence' of unit 'camera.interior.mack.pinnacle' (of type 'vehicle_interior_camera').
00:02:36.628 : <WARNING> Ignoring obsolete attribute 'stereo_convergence' of unit 'camera.interior.mack.pinnacle.oculus' (of type 'vehicle_interior_camera').
00:02:36.628 : <WARNING> Ignoring obsolete attribute 'stereo_convergence' of unit 'camera.interior.kenworth.t680_2022' (of type 'vehicle_interior_camera').
00:02:36.629 : <WARNING> Ignoring obsolete attribute 'stereo_convergence' of unit 'camera.interior.kenworth.t680_2022.oculus' (of type 'vehicle_interior_camera').
00:02:36.629 : <WARNING> Ignoring obsolete attribute 'stereo_convergence' of unit 'camera.interior.volvo.vnl2018' (of type 'vehicle_interior_camera').
00:02:36.630 : <WARNING> Ignoring obsolete attribute 'stereo_convergence' of unit 'camera.interior.volvo.vnl2018.oculus' (of type 'vehicle_interior_camera').
00:02:36.630 : <WARNING> Ignoring obsolete attribute 'stereo_convergence' of unit 'camera.interior.westernstar.5700xe' (of type 'vehicle_interior_camera').
00:02:36.631 : <WARNING> Ignoring obsolete attribute 'stereo_convergence' of unit 'camera.interior.westernstar.5700xe.oculus' (of type 'vehicle_interior_camera').
00:02:36.631 : <WARNING> Ignoring obsolete attribute 'stereo_convergence' of unit 'camera.interior.westernstar.57x.oculus' (of type 'vehicle_interior_camera').
00:02:36.631 : <WARNING> Ignoring obsolete attribute 'stereo_convergence' of unit 'camera.interior.westernstar.57x' (of type 'vehicle_interior_camera').
00:02:36.632 : <WARNING> Ignoring obsolete attribute 'stereo_convergence' of unit 'camera.interior.intnational.9900i' (of type 'vehicle_interior_camera').
00:02:36.632 : <WARNING> Ignoring obsolete attribute 'stereo_convergence' of unit 'camera.interior.intnational.9900i.oculus' (of type 'vehicle_interior_camera').
00:02:36.633 : <WARNING> Ignoring obsolete attribute 'stereo_convergence' of unit 'camera.interior.intnational.lt' (of type 'vehicle_interior_camera').
00:02:36.633 : <WARNING> Ignoring obsolete attribute 'stereo_convergence' of unit 'camera.interior.intnational.lt.oculus' (of type 'vehicle_interior_camera').
00:02:36.634 : <WARNING> Ignoring obsolete attribute 'stereo_convergence' of unit 'camera.interior.westernstar.49x' (of type 'vehicle_interior_camera').
00:02:36.634 : <WARNING> Ignoring obsolete attribute 'stereo_convergence' of unit 'camera.interior.westernstar.49x.oculus' (of type 'vehicle_interior_camera').
00:02:36.635 : <WARNING> Ignoring obsolete attribute 'stereo_convergence' of unit 'camera.interior.mack.anthem' (of type 'vehicle_interior_camera').
00:02:36.635 : <WARNING> Ignoring obsolete attribute 'stereo_convergence' of unit 'camera.interior.mack.anthem.oculus' (of type 'vehicle_interior_camera').
00:02:36.636 : <WARNING> Ignoring obsolete attribute 'stereo_convergence' of unit 'camera.interior.intnational.lonestar' (of type 'vehicle_interior_camera').
00:02:36.637 : <WARNING> Ignoring obsolete attribute 'stereo_convergence' of unit 'camera.interior.intnational.lonestar.oculus' (of type 'vehicle_interior_camera').
00:02:36.637 : <WARNING> Ignoring obsolete attribute 'stereo_convergence' of unit 'camera.interior.volvo.vnl' (of type 'vehicle_interior_camera').
00:02:36.637 : <WARNING> Ignoring obsolete attribute 'stereo_convergence' of unit 'camera.interior.volvo.vnl.oculus' (of type 'vehicle_interior_camera').
00:02:36.638 : <WARNING> Ignoring obsolete attribute 'stereo_convergence' of unit 'camera.interior.peterbilt.579' (of type 'vehicle_interior_camera').
00:02:36.638 : <WARNING> Ignoring obsolete attribute 'stereo_convergence' of unit 'camera.interior.peterbilt.579.oculus' (of type 'vehicle_interior_camera').
00:02:36.639 : <WARNING> Ignoring obsolete attribute 'stereo_convergence' of unit 'camera.interior.kenworth.t680' (of type 'vehicle_interior_camera').
00:02:36.639 : <WARNING> Ignoring obsolete attribute 'stereo_convergence' of unit 'camera.interior.kenworth.t680.oculus' (of type 'vehicle_interior_camera').
00:02:36.801 : <ERROR> [unit] File '<C:/Users/len_f/OneDrive/Documents/American Truck Simulator/mod/Trailer Pack Hopper Bottom.scs | >/def/vehicle/trailer_storage.wil43.sii', line 3:
00:02:36.801 : <ERROR> Expecting end of file, found '}'
00:02:39.345 : <ERROR> [unit] File '<C:/Users/len_f/OneDrive/Documents/American Truck Simulator/mod/Haterbilt_v4.9.1_389viper2_ATS_ETS2_by_Hatreyu_Gaming.scs | >/def/vehicle/addon_hookups/lthook.sii', line 25:
00:02:39.347 : <ERROR> Included at '<C:/Users/len_f/OneDrive/Documents/American Truck Simulator/mod/Haterbilt_v4.9.1_389viper2_ATS_ETS2_by_Hatreyu_Gaming.scs | >/def/vehicle/addon_hookup_storage.lightshook.sii', line 3:
00:02:39.347 : <ERROR> [unit] The unit name 'scslight2.addon_hookup' is already taken by an existing unit (of type 'accessory_hookup_data').
00:02:39.347 : <ERROR> Sii loader: Failed to load units from file (/def/vehicle/addon_hookup_storage.lightshook.sii)
00:02:39.395 : <ERROR> [unit] File '<C:/Users/len_f/OneDrive/Documents/American Truck Simulator/mod/PM_Kenworth_W900_v2.2.scs | >/def/vehicle/addon_hookups/iftaw9p.sii', line 2:
00:02:39.396 : <ERROR> Included at '<C:/Users/len_f/OneDrive/Documents/American Truck Simulator/mod/PM_Kenworth_W900_v2.2.scs | >/def/vehicle/addon_hookup_storage.w9p.sii', line 11:
00:02:39.396 : <ERROR> Expecting unit type name or closing bracket, found '3'
00:02:39.396 : <ERROR> Sii loader: Failed to load units from file (/def/vehicle/addon_hookup_storage.w9p.sii)
00:02:39.428 : <ERROR> [unit] File '<C:/SteamLibrary/steamapps/workshop/content/270880/2113006265/159.zip | >/def/vehicle/addon_hookups/stoneguard.sii', line 2:
00:02:39.429 : <ERROR> Included at '<C:/SteamLibrary/steamapps/workshop/content/270880/2113006265/159.zip | >/def/vehicle/addon_hookup_storage.argosy.sii', line 11:
00:02:39.429 : <ERROR> [unit] The unit name '1.addon_hookup' is already taken by an existing unit (of type 'accessory_hookup_data').
00:02:39.430 : <ERROR> Sii loader: Failed to load units from file (/def/vehicle/addon_hookup_storage.argosy.sii)
00:02:39.446 : <ERROR> [unit] File '<C:/Users/len_f/OneDrive/Documents/American Truck Simulator/mod/BladeShop_LTL_9000_ATS_1.60.scs | >/def/vehicle/addon_hookups/decors.ford.9000.sui', line 81:
00:02:39.447 : <ERROR> Included at '<C:/Users/len_f/OneDrive/Documents/American Truck Simulator/mod/BladeShop_LTL_9000_ATS_1.60.scs | >/def/vehicle/addon_hookup_storage.ford.9000.sii', line 11:
00:02:39.447 : <ERROR> [unit] The unit name 'cancola.sisl.addon_hookup' is already taken by an existing unit (of type 'accessory_hookup_int_data').
00:02:39.447 : <ERROR> Sii loader: Failed to load units from file (/def/vehicle/addon_hookup_storage.ford.9000.sii)
00:02:39.510 : <WARNING> Ignoring obsolete attribute 'state_collision' of unit 'tr_sem_mdl.border' (of type 'tr_semaphore_model').
00:02:39.510 : <WARNING> Ignoring obsolete attribute 'state_collision' of unit 'tr_sem_mdl.border' (of type 'tr_semaphore_model').
00:02:39.511 : <WARNING> Ignoring obsolete attribute 'state_collision' of unit 'tr_sem_mdl.border' (of type 'tr_semaphore_model').
00:02:39.511 : <WARNING> Ignoring obsolete attribute 'state_collision' of unit 'tr_sem_mdl.border' (of type 'tr_semaphore_model').
00:02:39.511 : <WARNING> Ignoring obsolete attribute 'state_collision' of unit 'tr_sem_mdl.border' (of type 'tr_semaphore_model').
00:02:39.612 : <WARNING> [road_look] Ignoring obsolete attributes 'template_variants_right' and 'template_variants_left'. (us 0-2 country 3)
00:02:39.612 : <WARNING> [road_look] Ignoring obsolete attributes 'template_variants_right' and 'template_variants_left'. (us 0-2 country 1)
00:02:40.337 : <WARNING> [city_data] Vehicle brand 'international' in city 'ut30' is not a valid token.
00:02:40.789 : <WARNING> [city_data] Vehicle brand 'international' in city 'wausau' is not a valid token.
00:02:44.816 : <WARNING> Missing default icon for cargo 'chem_granule'.
00:02:44.856 : <WARNING> Missing default icon for cargo 'ethanol'.
00:02:44.919 : <WARNING> Missing default icon for cargo 'mat_handler'.
00:02:44.990 : <WARNING> Missing default icon for cargo 'sulfur'.
00:02:45.141 : <WARNING> Missing default icon for cargo 'tank_j1'.
00:02:45.142 : <WARNING> Missing default icon for cargo 'tank_j2'.
00:02:45.144 : <WARNING> Missing default icon for cargo 'tank_j3'.
00:02:45.145 : <WARNING> Missing default icon for cargo 'beton_cub1j'.
00:02:45.147 : <WARNING> Missing default icon for cargo 'beton_izd1j'.
00:02:45.148 : <WARNING> Missing default icon for cargo 'equip_j4'.
00:02:45.150 : <WARNING> Missing default icon for cargo 'tank_j5'.
00:02:45.151 : <WARNING> Missing default icon for cargo 'airtrac4j'.
00:02:45.152 : <WARNING> Missing default icon for cargo 'caseih600s_j'.
00:02:45.154 : <WARNING> Missing default icon for cargo 'newhol_9560j'.
00:02:45.156 : <WARNING> Missing default icon for cargo 'generator_j9'.
00:02:45.157 : <WARNING> Missing default icon for cargo 'cat_cs56bj'.
00:02:45.158 : <WARNING> Missing default icon for cargo 'maxtron620j'.
00:02:45.160 : <WARNING> Missing default icon for cargo 'yacht_j1'.
00:02:45.161 : <WARNING> Missing default icon for cargo 'office_j1'.
00:02:45.162 : <WARNING> Missing default icon for cargo 'forklift_j1'.
00:02:45.164 : <WARNING> Missing default icon for cargo 'generator2j'.
00:02:45.165 : <WARNING> Missing default icon for cargo 'generator1j'.
00:02:45.166 : <WARNING> Missing default icon for cargo 'tectron415j'.
00:02:45.168 : <WARNING> Missing default icon for cargo 'airtrac7j'.
00:02:45.169 : <WARNING> Missing default icon for cargo 'case_856cj'.
00:02:45.170 : <WARNING> Missing default icon for cargo 'kvn_j'.
00:02:45.172 : <WARNING> Missing default icon for cargo 'cat_ap1055f'.
00:02:45.173 : <WARNING> Missing default icon for cargo 'liebh1060j'.
00:02:45.174 : <WARNING> Missing default icon for cargo 'jenz_he700j'.
00:02:45.175 : <WARNING> Missing default icon for cargo 'fund_j'.
00:02:45.177 : <WARNING> Missing default icon for cargo 'boat_bj'.
00:02:45.178 : <WARNING> Missing default icon for cargo 'wirtgen_j'.
00:02:45.180 : <WARNING> Missing default icon for cargo 'doosan_da40j'.
00:02:45.181 : <WARNING> Missing default icon for cargo 'doosan_dl550'.
00:02:45.182 : <WARNING> Missing default icon for cargo 'generator3j'.
00:02:45.184 : <WARNING> Missing default icon for cargo 'bulldo_j1'.
00:02:45.185 : <WARNING> Missing default icon for cargo 'machdev17j'.
00:02:45.187 : <WARNING> Missing default icon for cargo 'machdev19j'.
00:02:45.188 : <WARNING> Missing default icon for cargo 'machdev20j'.
00:02:45.190 : <WARNING> Missing default icon for cargo 'caseih3020j'.
00:02:45.191 : <WARNING> Missing default icon for cargo 'bell_b45ej'.
00:02:45.193 : <WARNING> Missing default icon for cargo 'newholdr45j'.
00:02:45.194 : <WARNING> Missing default icon for cargo 'kronexd6200j'.
00:02:45.195 : <WARNING> Missing default icon for cargo 'bakj'.
00:02:45.196 : <WARNING> Missing default icon for cargo 'konstr2j'.
00:02:45.198 : <WARNING> Missing default icon for cargo 'case_1021j'.
00:02:45.199 : <WARNING> Missing default icon for cargo 'potjumboj'.
00:02:45.200 : <WARNING> Missing default icon for cargo 'beton_el_j1'.
00:02:45.202 : <WARNING> Missing default icon for cargo 'crate_j1'.
00:02:45.203 : <WARNING> Missing default icon for cargo 'silosystem2j'.
00:02:45.204 : <WARNING> Missing default icon for cargo 'cat_scra_j'.
00:02:45.206 : <WARNING> Missing default icon for cargo 'beton_bl6j'.
00:02:45.207 : <WARNING> Missing default icon for cargo 'beton_st2j'.
00:02:45.208 : <WARNING> Missing default icon for cargo 'beton_bl7j'.
00:02:45.209 : <WARNING> Missing default icon for cargo 'challenger_j'.
00:02:45.211 : <WARNING> Missing default icon for cargo 'truba_bj'.
00:02:45.212 : <WARNING> Missing default icon for cargo 'inddev03j'.
00:02:45.213 : <WARNING> Missing default icon for cargo 'tankst_j1'.
00:02:45.215 : <WARNING> Missing default icon for cargo 'tankst_j2'.
00:02:45.216 : <WARNING> Missing default icon for cargo 'tankst_j3'.
00:02:45.217 : <WARNING> Missing default icon for cargo 'big_balon_j'.
00:02:45.219 : <WARNING> Missing default icon for cargo 'vogele_s2000'.
00:02:45.220 : <WARNING> Missing default icon for cargo 'case9230_j'.
00:02:45.222 : <WARNING> Missing default icon for cargo 'excavator3j'.
00:02:45.223 : <WARNING> Missing default icon for cargo 'hamm_hdplus'.
00:02:45.225 : <WARNING> Missing default icon for cargo 'pipes1j'.
00:02:45.226 : <WARNING> Missing default icon for cargo 'generator5j'.
00:02:45.227 : <WARNING> Missing default icon for cargo 'generator6j'.
00:02:45.229 : <WARNING> Missing default icon for cargo 'generator7j'.
00:02:45.230 : <WARNING> Missing default icon for cargo 'newholl1090j'.
00:02:45.232 : <WARNING> Missing default icon for cargo 'tank_j6'.
00:02:45.233 : <WARNING> Missing default icon for cargo 'tank_j7'.
00:02:45.234 : <WARNING> Missing default icon for cargo 'tank_j8'.
00:02:45.235 : <WARNING> Missing default icon for cargo 'gasobeton_j'.
00:02:45.237 : <WARNING> Missing default icon for cargo 'jenzhem583j'.
00:02:45.238 : <WARNING> Missing default icon for cargo 'bomag_bf600j'.
00:02:45.240 : <WARNING> Missing default icon for cargo 'tube_1220j'.
00:02:45.241 : <WARNING> Missing default icon for cargo 'trans1j'.
00:02:45.243 : <WARNING> Missing default icon for cargo 'machdev07j'.
00:02:45.244 : <WARNING> Missing default icon for cargo 'excava_j1'.
00:02:45.246 : <WARNING> Missing default icon for cargo 'cat_140m3j'.
00:02:45.247 : <WARNING> Missing default icon for cargo 'beton_st1j'.
00:02:45.248 : <WARNING> Missing default icon for cargo 'lifter_j'.
00:02:45.250 : <WARNING> Missing default icon for cargo 'rollerj'.
00:02:45.251 : <WARNING> Missing default icon for cargo 'roadrollerj'.
00:02:45.252 : <WARNING> Missing default icon for cargo 'cistern_j4'.
00:02:45.254 : <WARNING> Missing default icon for cargo 'jcbfast8310j'.
00:02:45.255 : <WARNING> Missing default icon for cargo 'turbine_j4'.
00:02:45.256 : <WARNING> Missing default icon for cargo 'airtrac8j'.
00:02:45.258 : <WARNING> Missing default icon for cargo 'airtrac9j'.
00:02:45.259 : <WARNING> Missing default icon for cargo 'yacht_j2'.
00:02:45.260 : <WARNING> Missing default icon for cargo 'inddev02j'.
00:02:45.262 : <WARNING> Missing default icon for cargo 'airtrac6j'.
00:02:45.263 : <WARNING> Missing default icon for cargo 'bomag_bmj'.
00:02:45.265 : <WARNING> Missing default icon for cargo 'caseih600q_j'.
00:02:45.266 : <WARNING> Missing default icon for cargo 'exc_sm_j'.
00:02:45.268 : <WARNING> Missing default icon for cargo 'exch_j'.
00:02:45.269 : <WARNING> Missing default icon for cargo 'bigm500j'.
00:02:45.271 : <WARNING> Missing default icon for cargo 'generator_j6'.
00:02:45.272 : <WARNING> Missing default icon for cargo 'beton_tr4j'.
00:02:45.273 : <WARNING> Missing default icon for cargo 'newhl_t8435j'.
00:02:45.275 : <WARNING> Missing default icon for cargo 'case340j'.
00:02:45.276 : <WARNING> Missing default icon for cargo 'case_321fj'.
00:02:45.277 : <WARNING> Missing default icon for cargo 'cat_th514c_j'.
00:02:45.279 : <WARNING> Missing default icon for cargo 'cat_d8tj'.
00:02:45.281 : <WARNING> Missing default icon for cargo 'generator_j4'.
00:02:45.282 : <WARNING> Missing default icon for cargo 'cistern_j1'.
00:02:45.283 : <WARNING> Missing default icon for cargo 'cat_745cj'.
00:02:45.285 : <WARNING> Missing default icon for cargo 'case70xt_j'.
00:02:45.286 : <WARNING> Missing default icon for cargo 'liebhr936j'.
00:02:45.287 : <WARNING> Missing default icon for cargo 'power_stj'.
00:02:45.289 : <WARNING> Missing default icon for cargo 'bomag_bw213j'.
00:02:45.290 : <WARNING> Missing default icon for cargo 'jenz_ba725j'.
00:02:45.293 : <WARNING> Missing default icon for cargo 'byto_j1'.
00:02:45.295 : <WARNING> Missing default icon for cargo 'pon_scorpj'.
00:02:45.297 : <WARNING> Missing default icon for cargo 'compactor_j'.
00:02:45.299 : <WARNING> Missing default icon for cargo 'bricks_j1'.
00:02:45.300 : <WARNING> Missing default icon for cargo 'case2050j'.
00:02:45.301 : <WARNING> Missing default icon for cargo 'cistern_j6'.
00:02:45.303 : <WARNING> Missing default icon for cargo 'excav_wj'.
00:02:45.359 : <WARNING> Missing default icon for cargo 'lb1'.
00:02:45.360 : <WARNING> Missing default icon for cargo 'lb4'.
00:02:45.362 : <WARNING> Missing default icon for cargo 'lb5'.
00:02:45.363 : <WARNING> Missing default icon for cargo 'lb6'.
00:02:45.365 : <WARNING> Missing default icon for cargo 'lb8'.
00:02:45.366 : <WARNING> Missing default icon for cargo 'lb9'.
00:02:45.368 : <WARNING> Missing default icon for cargo 'lb10'.
00:02:45.369 : <WARNING> Missing default icon for cargo 'lb11'.
00:02:45.371 : <WARNING> Missing default icon for cargo 'lb12'.
00:02:45.372 : <WARNING> Missing default icon for cargo 'lb16'.
00:02:45.373 : <WARNING> Missing default icon for cargo 'lb22'.
00:02:45.375 : <WARNING> Missing default icon for cargo 'lb27'.
00:02:45.376 : <WARNING> Missing default icon for cargo 'lb28'.
00:02:45.378 : <WARNING> Missing default icon for cargo 'lb29'.
00:02:45.379 : <WARNING> Missing default icon for cargo 'lb30'.
00:02:45.381 : <WARNING> Missing default icon for cargo 'lb31'.
00:02:45.382 : <WARNING> Missing default icon for cargo 'lb32'.
00:02:45.383 : <WARNING> Missing default icon for cargo 'lb33'.
00:02:45.385 : <WARNING> Missing default icon for cargo 'lb34'.
00:02:45.386 : <WARNING> Missing default icon for cargo 'lb35'.
00:02:45.388 : <WARNING> Missing default icon for cargo 'lb36'.
00:02:45.408 : <WARNING> Missing default icon for cargo 'darkwing02'.
00:02:45.410 : <WARNING> Missing default icon for cargo 'darkwing04'.
00:02:45.411 : <WARNING> Missing default icon for cargo 'darkwing06'.
00:02:45.413 : <WARNING> Missing default icon for cargo 'darkwing07'.
00:02:45.414 : <WARNING> Missing default icon for cargo 'darkwing08'.
00:02:45.416 : <WARNING> Missing default icon for cargo 'darkwing10'.
00:02:45.417 : <WARNING> Missing default icon for cargo 'darkwing11'.
00:02:45.418 : <WARNING> Missing default icon for cargo 'darkwing12'.
00:02:45.420 : <WARNING> Missing default icon for cargo 'darkwing14'.
00:02:45.421 : <WARNING> Missing default icon for cargo 'darkwing15'.
00:02:45.423 : <WARNING> Missing default icon for cargo 'darkwing16'.
00:02:45.424 : <WARNING> Missing default icon for cargo 'darkwing17'.
00:02:45.426 : <WARNING> Missing default icon for cargo 'darkwing18'.
00:02:45.427 : <WARNING> Missing default icon for cargo 'darkwing19'.
00:02:45.429 : <WARNING> Missing default icon for cargo 'darkwing20'.
00:02:45.430 : <WARNING> Missing default icon for cargo 'darkwing21'.
00:02:45.432 : <WARNING> Missing default icon for cargo 'darkwing22'.
00:02:45.434 : <WARNING> Missing default icon for cargo 'sisl_cattle'.
00:02:45.435 : <ERROR> [unit] File '<C:/Users/len_f/OneDrive/Documents/American Truck Simulator/mod/Tomb_Lode_King_stepdeck.scs | >/def/cargo/aircraft_eng.sui', line 2:
00:02:45.436 : <ERROR> Included at '<C:/Users/len_f/OneDrive/Documents/American Truck Simulator/mod/Tomb_Lode_King_stepdeck.scs | >/def/cargo.tomb.lodeking.sii', line 10:
00:02:45.436 : <ERROR> [unit] The unit name 'cargo.aircraft_eng' is already taken by an existing unit (of type 'cargo_data').
00:02:45.436 : <ERROR> Sii loader: Failed to load units from file (/def/cargo.tomb.lodeking.sii)
00:02:45.439 : <WARNING> Missing default icon for cargo 'hens'.
00:02:45.441 : <WARNING> Missing default icon for cargo 'empty_cage'.
00:02:45.448 : <WARNING> Missing default icon for cargo 'pupsand'.
00:02:45.450 : <WARNING> Missing default icon for cargo 'pupgravel'.
00:02:45.451 : <WARNING> Missing default icon for cargo 'puplime'.
00:02:45.455 : <WARNING> Missing default icon for cargo 'sandfcpm'.
00:02:45.456 : <WARNING> Missing default icon for cargo 'sandfcpm_1'.
00:02:45.514 : <WARNING> Missing default icon for cargo 'hogs'.
00:02:45.515 : <WARNING> Missing default icon for cargo 'fats'.
00:02:45.517 : <WARNING> Missing default icon for cargo 'feed_hog'.
00:02:45.518 : <WARNING> Missing default icon for cargo 'cull_hog'.
00:02:45.523 : <WARNING> Missing default icon for cargo 'cows'.
00:02:45.528 : <WARNING> Missing default icon for cargo 'froz_food'.
00:02:45.529 : <WARNING> Missing default icon for cargo 'froz_fruit'.
00:02:45.531 : <WARNING> Missing default icon for cargo 'froz_veget'.
00:02:45.651 : <WARNING> Missing default icon for cargo 'wrecker'.
00:02:45.654 : <WARNING> Missing default icon for cargo 'wreckerd'.
00:02:45.844 : <ERROR> [fs] Failed to open file '/unit/hookup/blue_spot.sui' in the read_only mode.
00:02:45.846 : <ERROR> [fs] Failed to open file '/unit/hookup/blue_spot.sui' in the read_only mode.
00:02:45.847 : <ERROR> [unit] File '<C:/Users/len_f/OneDrive/Documents/American Truck Simulator/mod/PM_Kenworth_W900_v2.2.scs | >/unit/hookup/flx_flares.sii', line 32:
00:02:45.848 : <ERROR> [fs] Failed to open file '/unit/hookup/blue_spot.sui' in the read_only mode.
00:02:45.848 : <ERROR> Failed to open the file '<MISSING><UFS>/unit/hookup/blue_spot.sui'.
00:02:45.848 : <ERROR> Sii loader: Failed to load units from file (/unit/hookup/flx_flares.sii)
00:02:45.850 : <ERROR> [unit] File '<C:/SteamLibrary/steamapps/workshop/content/270880/2626143691/universal | >/unit/hookup/vehicle_blue_lamp_backup.sii', line 3:
00:02:45.850 : <ERROR> [unit] The unit name 'flare.vehicle.bluelamp' is already taken by an existing unit (of type 'flare_vehicle').
00:02:45.850 : <ERROR> Sii loader: Failed to load units from file (/unit/hookup/vehicle_blue_lamp_backup.sii)
00:02:45.886 : <ERROR> [unit] File '<C:/SteamLibrary/steamapps/common/American Truck Simulator/base_vehicle.scs | >/unit/hookup/vehicle/license_plate.sii', line 3:
00:02:45.886 : <ERROR> [unit] The unit name 'license.plate' is already taken by an existing unit (of type 'license_plate').
00:02:45.886 : <ERROR> Sii loader: Failed to load units from file (/unit/hookup/vehicle/license_plate.sii)
00:02:45.888 : <ERROR> [unit] File '<C:/SteamLibrary/steamapps/common/American Truck Simulator/base_vehicle.scs | >/unit/hookup/vehicle/license_plate_rear.sii', line 3:
00:02:45.888 : <ERROR> [unit] The unit name 'license.plate_rear' is already taken by an existing unit (of type 'license_plate').
00:02:45.888 : <ERROR> Sii loader: Failed to load units from file (/unit/hookup/vehicle/license_plate_rear.sii)
00:02:45.890 : <ERROR> [unit] File '<C:/Users/len_f/OneDrive/Documents/American Truck Simulator/mod/KSW_LightsPack.scs | >/unit/hookup/vehicle/flare/flx_flares1_st.sii', line 3:
00:02:45.891 : <ERROR> [unit] The unit name 'flare.vehicle.orangel_flx' is already taken by an existing unit (of type 'flare_vehicle').
00:02:45.891 : <ERROR> Sii loader: Failed to load units from file (/unit/hookup/vehicle/flare/flx_flares1_st.sii)
00:02:45.891 : <ERROR> [unit] File '<C:/Users/len_f/OneDrive/Documents/American Truck Simulator/mod/KSW_LightsPack.scs | >/unit/hookup/vehicle/flare/flx_flares2_st.sii', line 3:
00:02:45.891 : <ERROR> [unit] The unit name 'flare.vehicle.lblink_ora' is already taken by an existing unit (of type 'flare_vehicle').
00:02:45.891 : <ERROR> Sii loader: Failed to load units from file (/unit/hookup/vehicle/flare/flx_flares2_st.sii)
00:02:45.891 : <ERROR> [unit] File '<C:/Users/len_f/OneDrive/Documents/American Truck Simulator/mod/KSW_LightsPack.scs | >/unit/hookup/vehicle/flare/flx_flares3_st.sii', line 3:
00:02:45.891 : <ERROR> [unit] The unit name 'flare.vehicle.rblink_ora' is already taken by an existing unit (of type 'flare_vehicle').
00:02:45.891 : <ERROR> Sii loader: Failed to load units from file (/unit/hookup/vehicle/flare/flx_flares3_st.sii)
00:02:45.891 : <ERROR> [unit] File '<C:/Users/len_f/OneDrive/Documents/American Truck Simulator/mod/KSW_LightsPack.scs | >/unit/hookup/vehicle/flare/flx_flares4_st.sii', line 3:
00:02:45.892 : <ERROR> [unit] The unit name 'flare.vehicle.orangeb_flx' is already taken by an existing unit (of type 'flare_vehicle').
00:02:45.892 : <ERROR> Sii loader: Failed to load units from file (/unit/hookup/vehicle/flare/flx_flares4_st.sii)
00:02:45.892 : <ERROR> [unit] File '<C:/Users/len_f/OneDrive/Documents/American Truck Simulator/mod/KSW_LightsPack.scs | >/unit/hookup/vehicle/flare/flx_flares_st.sii', line 3:
00:02:45.892 : <ERROR> [unit] The unit name 'flare.vehicle.orange_flx' is already taken by an existing unit (of type 'flare_vehicle').
00:02:45.892 : <ERROR> Sii loader: Failed to load units from file (/unit/hookup/vehicle/flare/flx_flares_st.sii)
00:02:45.898 : <ERROR> [unit] File '<C:/Users/len_f/OneDrive/Documents/American Truck Simulator/mod/K100 addons ratr0dev.scs | >/unit/hookup/vehicle/flare/petered.sii', line 3:
00:02:45.898 : <ERROR> [unit] The unit name 'flare.vehicle.interior.red' is already taken by an existing unit (of type 'flare_vehicle').
00:02:45.898 : <ERROR> Sii loader: Failed to load units from file (/unit/hookup/vehicle/flare/petered.sii)
00:02:45.899 : <ERROR> [unit] File '<C:/Users/len_f/OneDrive/Documents/American Truck Simulator/mod/K100 addons ratr0dev.scs | >/unit/hookup/vehicle/flare/tntblue.sii', line 3:
00:02:45.899 : <ERROR> [unit] The unit name 'flare.vehicle.interior.blue' is already taken by an existing unit (of type 'flare_vehicle').
00:02:45.899 : <ERROR> Sii loader: Failed to load units from file (/unit/hookup/vehicle/flare/tntblue.sii)
00:02:45.899 : <ERROR> [unit] File '<C:/Users/len_f/OneDrive/Documents/American Truck Simulator/mod/K100 addons ratr0dev.scs | >/unit/hookup/vehicle/flare/tntgreen.sii', line 3:
00:02:45.899 : <ERROR> [unit] The unit name 'flare.vehicle.interior.green' is already taken by an existing unit (of type 'flare_vehicle').
00:02:45.899 : <ERROR> Sii loader: Failed to load units from file (/unit/hookup/vehicle/flare/tntgreen.sii)
00:02:45.909 : <ERROR> [unit] File '<C:/SteamLibrary/steamapps/workshop/content/270880/916489351/universal | >/unit/hookup/vehicle/flare/vehicle_bigt_britax_l77_1.sii', line 3:
00:02:45.909 : <ERROR> [unit] The unit name 'flare.vehicle.bigt_1l77' is already taken by an existing unit (of type 'flare_blink').
00:02:45.909 : <ERROR> Sii loader: Failed to load units from file (/unit/hookup/vehicle/flare/vehicle_bigt_britax_l77_1.sii)
00:02:45.909 : <ERROR> [unit] File '<C:/SteamLibrary/steamapps/workshop/content/270880/916489351/universal | >/unit/hookup/vehicle/flare/vehicle_bigt_britax_l77_2.sii', line 3:
00:02:45.909 : <ERROR> [unit] The unit name 'flare.vehicle.bigt_2l77' is already taken by an existing unit (of type 'flare_blink').
00:02:45.909 : <ERROR> Sii loader: Failed to load units from file (/unit/hookup/vehicle/flare/vehicle_bigt_britax_l77_2.sii)
00:02:45.910 : <ERROR> [unit] File '<C:/SteamLibrary/steamapps/workshop/content/270880/916489351/universal | >/unit/hookup/vehicle/flare/vehicle_bigt_britax_l77_3.sii', line 3:
00:02:45.910 : <ERROR> [unit] The unit name 'flare.vehicle.bigt_3l77' is already taken by an existing unit (of type 'flare_blink').
00:02:45.910 : <ERROR> Sii loader: Failed to load units from file (/unit/hookup/vehicle/flare/vehicle_bigt_britax_l77_3.sii)
00:02:45.911 : <ERROR> [unit] File '<C:/SteamLibrary/steamapps/workshop/content/270880/916489351/universal | >/unit/hookup/vehicle/flare/vehicle_bigt_britax_l77_b1.sii', line 3:
00:02:45.911 : <ERROR> [unit] The unit name 'flare.vehicle.bigt_b1l77' is already taken by an existing unit (of type 'flare_blink').
00:02:45.911 : <ERROR> Sii loader: Failed to load units from file (/unit/hookup/vehicle/flare/vehicle_bigt_britax_l77_b1.sii)
00:02:45.911 : <ERROR> [unit] File '<C:/SteamLibrary/steamapps/workshop/content/270880/916489351/universal | >/unit/hookup/vehicle/flare/vehicle_bigt_britax_l77_b2.sii', line 3:
00:02:45.911 : <ERROR> [unit] The unit name 'flare.vehicle.bigt_b2l77' is already taken by an existing unit (of type 'flare_blink').
00:02:45.911 : <ERROR> Sii loader: Failed to load units from file (/unit/hookup/vehicle/flare/vehicle_bigt_britax_l77_b2.sii)
00:02:45.912 : <ERROR> [unit] File '<C:/SteamLibrary/steamapps/workshop/content/270880/916489351/universal | >/unit/hookup/vehicle/flare/vehicle_bigt_britax_l77_b3.sii', line 3:
00:02:45.912 : <ERROR> [unit] The unit name 'flare.vehicle.bigt_b3l77' is already taken by an existing unit (of type 'flare_blink').
00:02:45.912 : <ERROR> Sii loader: Failed to load units from file (/unit/hookup/vehicle/flare/vehicle_bigt_britax_l77_b3.sii)
00:02:45.914 : <ERROR> [unit] File '<C:/SteamLibrary/steamapps/workshop/content/270880/916489351/universal | >/unit/hookup/vehicle/flare/vehicle_bigt_britax_l94_l.sii', line 3:
00:02:45.914 : <ERROR> [unit] The unit name 'flare.vehicle.bigt_l94_l' is already taken by an existing unit (of type 'flare_blink').
00:02:45.914 : <ERROR> Sii loader: Failed to load units from file (/unit/hookup/vehicle/flare/vehicle_bigt_britax_l94_l.sii)
00:02:45.915 : <ERROR> [unit] File '<C:/SteamLibrary/steamapps/workshop/content/270880/916489351/universal | >/unit/hookup/vehicle/flare/vehicle_bigt_britax_l94_r.sii', line 3:
00:02:45.915 : <ERROR> [unit] The unit name 'flare.vehicle.bigt_l94_r' is already taken by an existing unit (of type 'flare_blink').
00:02:45.915 : <ERROR> Sii loader: Failed to load units from file (/unit/hookup/vehicle/flare/vehicle_bigt_britax_l94_r.sii)
00:02:45.915 : <ERROR> [unit] File '<C:/SteamLibrary/steamapps/workshop/content/270880/916489351/universal | >/unit/hookup/vehicle/flare/vehicle_bigt_britax_l95_1.sii', line 3:
00:02:45.915 : <ERROR> [unit] The unit name 'flare.vehicle.bigt_1l95' is already taken by an existing unit (of type 'flare_blink').
00:02:45.915 : <ERROR> Sii loader: Failed to load units from file (/unit/hookup/vehicle/flare/vehicle_bigt_britax_l95_1.sii)
00:02:45.916 : <ERROR> [unit] File '<C:/SteamLibrary/steamapps/workshop/content/270880/916489351/universal | >/unit/hookup/vehicle/flare/vehicle_bigt_britax_l95_2.sii', line 3:
00:02:45.916 : <ERROR> [unit] The unit name 'flare.vehicle.bigt_2l95' is already taken by an existing unit (of type 'flare_blink').
00:02:45.916 : <ERROR> Sii loader: Failed to load units from file (/unit/hookup/vehicle/flare/vehicle_bigt_britax_l95_2.sii)
00:02:45.917 : <ERROR> [unit] File '<C:/SteamLibrary/steamapps/workshop/content/270880/916489351/universal | >/unit/hookup/vehicle/flare/vehicle_bigt_britax_l95_3.sii', line 3:
00:02:45.917 : <ERROR> [unit] The unit name 'flare.vehicle.bigt_3l95' is already taken by an existing unit (of type 'flare_blink').
00:02:45.917 : <ERROR> Sii loader: Failed to load units from file (/unit/hookup/vehicle/flare/vehicle_bigt_britax_l95_3.sii)
00:02:45.917 : <ERROR> [unit] File '<C:/SteamLibrary/steamapps/workshop/content/270880/916489351/universal | >/unit/hookup/vehicle/flare/vehicle_bigt_britax_l95_4.sii', line 3:
00:02:45.917 : <ERROR> [unit] The unit name 'flare.vehicle.bigt_4l95' is already taken by an existing unit (of type 'flare_blink').
00:02:45.917 : <ERROR> Sii loader: Failed to load units from file (/unit/hookup/vehicle/flare/vehicle_bigt_britax_l95_4.sii)
00:02:45.918 : <ERROR> [unit] File '<C:/SteamLibrary/steamapps/workshop/content/270880/916489351/universal | >/unit/hookup/vehicle/flare/vehicle_bigt_britax_l95_90_1.sii', line 3:
00:02:45.918 : <ERROR> [unit] The unit name 'flare.vehicle.bigt_1l9590' is already taken by an existing unit (of type 'flare_blink').
00:02:45.918 : <ERROR> Sii loader: Failed to load units from file (/unit/hookup/vehicle/flare/vehicle_bigt_britax_l95_90_1.sii)
00:02:45.919 : <ERROR> [unit] File '<C:/SteamLibrary/steamapps/workshop/content/270880/916489351/universal | >/unit/hookup/vehicle/flare/vehicle_bigt_britax_l95_90_2.sii', line 3:
00:02:45.919 : <ERROR> [unit] The unit name 'flare.vehicle.bigt_2l9590' is already taken by an existing unit (of type 'flare_blink').
00:02:45.919 : <ERROR> Sii loader: Failed to load units from file (/unit/hookup/vehicle/flare/vehicle_bigt_britax_l95_90_2.sii)
00:02:45.919 : <ERROR> [unit] File '<C:/SteamLibrary/steamapps/workshop/content/270880/916489351/universal | >/unit/hookup/vehicle/flare/vehicle_bigt_britax_l95_90_3.sii', line 3:
00:02:45.919 : <ERROR> [unit] The unit name 'flare.vehicle.bigt_3l9590' is already taken by an existing unit (of type 'flare_blink').
00:02:45.920 : <ERROR> Sii loader: Failed to load units from file (/unit/hookup/vehicle/flare/vehicle_bigt_britax_l95_90_3.sii)
00:02:45.920 : <ERROR> [unit] File '<C:/SteamLibrary/steamapps/workshop/content/270880/916489351/universal | >/unit/hookup/vehicle/flare/vehicle_bigt_britax_l95_90_4.sii', line 3:
00:02:45.920 : <ERROR> [unit] The unit name 'flare.vehicle.bigt_4l9590' is already taken by an existing unit (of type 'flare_blink').
00:02:45.920 : <ERROR> Sii loader: Failed to load units from file (/unit/hookup/vehicle/flare/vehicle_bigt_britax_l95_90_4.sii)
00:02:45.921 : <ERROR> [unit] File '<C:/SteamLibrary/steamapps/workshop/content/270880/916489351/universal | >/unit/hookup/vehicle/flare/vehicle_bigt_britax_l95_90_l.sii', line 3:
00:02:45.921 : <ERROR> [unit] The unit name 'flare.vehicle.bigt_l9590l' is already taken by an existing unit (of type 'flare_blink').
00:02:45.921 : <ERROR> Sii loader: Failed to load units from file (/unit/hookup/vehicle/flare/vehicle_bigt_britax_l95_90_l.sii)
00:02:45.921 : <ERROR> [unit] File '<C:/SteamLibrary/steamapps/workshop/content/270880/916489351/universal | >/unit/hookup/vehicle/flare/vehicle_bigt_britax_l95_90_r.sii', line 3:
00:02:45.921 : <ERROR> [unit] The unit name 'flare.vehicle.bigt_l9590r' is already taken by an existing unit (of type 'flare_blink').
00:02:45.921 : <ERROR> Sii loader: Failed to load units from file (/unit/hookup/vehicle/flare/vehicle_bigt_britax_l95_90_r.sii)
00:02:45.922 : <ERROR> [unit] File '<C:/SteamLibrary/steamapps/workshop/content/270880/916489351/universal | >/unit/hookup/vehicle/flare/vehicle_bigt_britax_l95_b1.sii', line 3:
00:02:45.922 : <ERROR> [unit] The unit name 'flare.vehicle.bigt_b1l95' is already taken by an existing unit (of type 'flare_blink').
00:02:45.922 : <ERROR> Sii loader: Failed to load units from file (/unit/hookup/vehicle/flare/vehicle_bigt_britax_l95_b1.sii)
00:02:45.923 : <ERROR> [unit] File '<C:/SteamLibrary/steamapps/workshop/content/270880/916489351/universal | >/unit/hookup/vehicle/flare/vehicle_bigt_britax_l95_b2.sii', line 3:
00:02:45.923 : <ERROR> [unit] The unit name 'flare.vehicle.bigt_b2l95' is already taken by an existing unit (of type 'flare_blink').
00:02:45.923 : <ERROR> Sii loader: Failed to load units from file (/unit/hookup/vehicle/flare/vehicle_bigt_britax_l95_b2.sii)
00:02:45.923 : <ERROR> [unit] File '<C:/SteamLibrary/steamapps/workshop/content/270880/916489351/universal | >/unit/hookup/vehicle/flare/vehicle_bigt_britax_l95_b3.sii', line 3:
00:02:45.923 : <ERROR> [unit] The unit name 'flare.vehicle.bigt_b3l95' is already taken by an existing unit (of type 'flare_blink').
00:02:45.923 : <ERROR> Sii loader: Failed to load units from file (/unit/hookup/vehicle/flare/vehicle_bigt_britax_l95_b3.sii)
00:02:45.924 : <ERROR> [unit] File '<C:/SteamLibrary/steamapps/workshop/content/270880/916489351/universal | >/unit/hookup/vehicle/flare/vehicle_bigt_britax_l95_b4.sii', line 3:
00:02:45.924 : <ERROR> [unit] The unit name 'flare.vehicle.bigt_b4l95' is already taken by an existing unit (of type 'flare_blink').
00:02:45.924 : <ERROR> Sii loader: Failed to load units from file (/unit/hookup/vehicle/flare/vehicle_bigt_britax_l95_b4.sii)
00:02:45.925 : <ERROR> [unit] File '<C:/SteamLibrary/steamapps/workshop/content/270880/916489351/universal | >/unit/hookup/vehicle/flare/vehicle_bigt_britax_ledl0.sii', line 3:
00:02:45.925 : <ERROR> [unit] The unit name 'flare.vehicle.bigt_britax0' is already taken by an existing unit (of type 'flare_blink').
00:02:45.925 : <ERROR> Sii loader: Failed to load units from file (/unit/hookup/vehicle/flare/vehicle_bigt_britax_ledl0.sii)
00:02:45.925 : <ERROR> [unit] File '<C:/SteamLibrary/steamapps/workshop/content/270880/916489351/universal | >/unit/hookup/vehicle/flare/vehicle_bigt_britax_ledl0_p4.sii', line 3:
00:02:45.925 : <ERROR> [unit] The unit name 'flare.vehicle.bigt_bri_p0' is already taken by an existing unit (of type 'flare_blink').
00:02:45.925 : <ERROR> Sii loader: Failed to load units from file (/unit/hookup/vehicle/flare/vehicle_bigt_britax_ledl0_p4.sii)
00:02:45.926 : <ERROR> [unit] File '<C:/SteamLibrary/steamapps/workshop/content/270880/916489351/universal | >/unit/hookup/vehicle/flare/vehicle_bigt_britax_ledl1.sii', line 3:
00:02:45.926 : <ERROR> [unit] The unit name 'flare.vehicle.bigt_britax1' is already taken by an existing unit (of type 'flare_blink').
00:02:45.926 : <ERROR> Sii loader: Failed to load units from file (/unit/hookup/vehicle/flare/vehicle_bigt_britax_ledl1.sii)
00:02:45.927 : <ERROR> [unit] File '<C:/SteamLibrary/steamapps/workshop/content/270880/916489351/universal | >/unit/hookup/vehicle/flare/vehicle_bigt_britax_ledl10_rotat.sii', line 3:
00:02:45.927 : <ERROR> [unit] The unit name 'flare.vehicle.bigt_rot_10' is already taken by an existing unit (of type 'flare_blink').
00:02:45.927 : <ERROR> Sii loader: Failed to load units from file (/unit/hookup/vehicle/flare/vehicle_bigt_britax_ledl10_rotat.sii)
00:02:45.927 : <ERROR> [unit] File '<C:/SteamLibrary/steamapps/workshop/content/270880/916489351/universal | >/unit/hookup/vehicle/flare/vehicle_bigt_britax_ledl11_rotat.sii', line 3:
00:02:45.927 : <ERROR> [unit] The unit name 'flare.vehicle.bigt_rot_11' is already taken by an existing unit (of type 'flare_blink').
00:02:45.927 : <ERROR> Sii loader: Failed to load units from file (/unit/hookup/vehicle/flare/vehicle_bigt_britax_ledl11_rotat.sii)
00:02:45.928 : <ERROR> [unit] File '<C:/SteamLibrary/steamapps/workshop/content/270880/916489351/universal | >/unit/hookup/vehicle/flare/vehicle_bigt_britax_ledl12_rotat.sii', line 3:
00:02:45.928 : <ERROR> [unit] The unit name 'flare.vehicle.bigt_rot_12' is already taken by an existing unit (of type 'flare_blink').
00:02:45.928 : <ERROR> Sii loader: Failed to load units from file (/unit/hookup/vehicle/flare/vehicle_bigt_britax_ledl12_rotat.sii)
00:02:45.929 : <ERROR> [unit] File '<C:/SteamLibrary/steamapps/workshop/content/270880/916489351/universal | >/unit/hookup/vehicle/flare/vehicle_bigt_britax_ledl13_rotat.sii', line 3:
00:02:45.929 : <ERROR> [unit] The unit name 'flare.vehicle.bigt_rot_13' is already taken by an existing unit (of type 'flare_blink').
00:02:45.929 : <ERROR> Sii loader: Failed to load units from file (/unit/hookup/vehicle/flare/vehicle_bigt_britax_ledl13_rotat.sii)
00:02:45.929 : <ERROR> [unit] File '<C:/SteamLibrary/steamapps/workshop/content/270880/916489351/universal | >/unit/hookup/vehicle/flare/vehicle_bigt_britax_ledl14_rotat.sii', line 3:
00:02:45.929 : <ERROR> [unit] The unit name 'flare.vehicle.bigt_rot_14' is already taken by an existing unit (of type 'flare_blink').
00:02:45.929 : <ERROR> Sii loader: Failed to load units from file (/unit/hookup/vehicle/flare/vehicle_bigt_britax_ledl14_rotat.sii)
00:02:45.930 : <ERROR> [unit] File '<C:/SteamLibrary/steamapps/workshop/content/270880/916489351/universal | >/unit/hookup/vehicle/flare/vehicle_bigt_britax_ledl15_rotat.sii', line 3:
00:02:45.930 : <ERROR> [unit] The unit name 'flare.vehicle.bigt_rot_15' is already taken by an existing unit (of type 'flare_blink').
00:02:45.930 : <ERROR> Sii loader: Failed to load units from file (/unit/hookup/vehicle/flare/vehicle_bigt_britax_ledl15_rotat.sii)
00:02:45.931 : <ERROR> [unit] File '<C:/SteamLibrary/steamapps/workshop/content/270880/916489351/universal | >/unit/hookup/vehicle/flare/vehicle_bigt_britax_ledl16_rotat.sii', line 3:
00:02:45.931 : <ERROR> [unit] The unit name 'flare.vehicle.bigt_rot_16' is already taken by an existing unit (of type 'flare_blink').
00:02:45.931 : <ERROR> Sii loader: Failed to load units from file (/unit/hookup/vehicle/flare/vehicle_bigt_britax_ledl16_rotat.sii)
00:02:45.931 : <ERROR> [unit] File '<C:/SteamLibrary/steamapps/workshop/content/270880/916489351/universal | >/unit/hookup/vehicle/flare/vehicle_bigt_britax_ledl1_p2.sii', line 3:
00:02:45.931 : <ERROR> [unit] The unit name 'flare.vehicle.bigt_bri_p1' is already taken by an existing unit (of type 'flare_blink').
00:02:45.931 : <ERROR> Sii loader: Failed to load units from file (/unit/hookup/vehicle/flare/vehicle_bigt_britax_ledl1_p2.sii)
00:02:45.932 : <ERROR> [unit] File '<C:/SteamLibrary/steamapps/workshop/content/270880/916489351/universal | >/unit/hookup/vehicle/flare/vehicle_bigt_britax_ledl1_rotat.sii', line 3:
00:02:45.932 : <ERROR> [unit] The unit name 'flare.vehicle.bigt_rot_01' is already taken by an existing unit (of type 'flare_blink').
00:02:45.932 : <ERROR> Sii loader: Failed to load units from file (/unit/hookup/vehicle/flare/vehicle_bigt_britax_ledl1_rotat.sii)
00:02:45.933 : <ERROR> [unit] File '<C:/SteamLibrary/steamapps/workshop/content/270880/916489351/universal | >/unit/hookup/vehicle/flare/vehicle_bigt_britax_ledl2.sii', line 3:
00:02:45.933 : <ERROR> [unit] The unit name 'flare.vehicle.bigt_britax2' is already taken by an existing unit (of type 'flare_blink').
00:02:45.933 : <ERROR> Sii loader: Failed to load units from file (/unit/hookup/vehicle/flare/vehicle_bigt_britax_ledl2.sii)
00:02:45.933 : <ERROR> [unit] File '<C:/SteamLibrary/steamapps/workshop/content/270880/916489351/universal | >/unit/hookup/vehicle/flare/vehicle_bigt_britax_ledl2_p2.sii', line 3:
00:02:45.933 : <ERROR> [unit] The unit name 'flare.vehicle.bigt_bri_p2' is already taken by an existing unit (of type 'flare_blink').
00:02:45.933 : <ERROR> Sii loader: Failed to load units from file (/unit/hookup/vehicle/flare/vehicle_bigt_britax_ledl2_p2.sii)
00:02:45.934 : <ERROR> [unit] File '<C:/SteamLibrary/steamapps/workshop/content/270880/916489351/universal | >/unit/hookup/vehicle/flare/vehicle_bigt_britax_ledl2_rotat.sii', line 3:
00:02:45.934 : <ERROR> [unit] The unit name 'flare.vehicle.bigt_rot_02' is already taken by an existing unit (of type 'flare_blink').
00:02:45.934 : <ERROR> Sii loader: Failed to load units from file (/unit/hookup/vehicle/flare/vehicle_bigt_britax_ledl2_rotat.sii)
00:02:45.935 : <ERROR> [unit] File '<C:/SteamLibrary/steamapps/workshop/content/270880/916489351/universal | >/unit/hookup/vehicle/flare/vehicle_bigt_britax_ledl3.sii', line 3:
00:02:45.935 : <ERROR> [unit] The unit name 'flare.vehicle.bigt_britax3' is already taken by an existing unit (of type 'flare_blink').
00:02:45.935 : <ERROR> Sii loader: Failed to load units from file (/unit/hookup/vehicle/flare/vehicle_bigt_britax_ledl3.sii)
00:02:45.935 : <ERROR> [unit] File '<C:/SteamLibrary/steamapps/workshop/content/270880/916489351/universal | >/unit/hookup/vehicle/flare/vehicle_bigt_britax_ledl3_p2.sii', line 3:
00:02:45.935 : <ERROR> [unit] The unit name 'flare.vehicle.bigt_bri_p3' is already taken by an existing unit (of type 'flare_blink').
00:02:45.935 : <ERROR> Sii loader: Failed to load units from file (/unit/hookup/vehicle/flare/vehicle_bigt_britax_ledl3_p2.sii)
00:02:45.936 : <ERROR> [unit] File '<C:/SteamLibrary/steamapps/workshop/content/270880/916489351/universal | >/unit/hookup/vehicle/flare/vehicle_bigt_britax_ledl3_rotat.sii', line 3:
00:02:45.936 : <ERROR> [unit] The unit name 'flare.vehicle.bigt_rot_03' is already taken by an existing unit (of type 'flare_blink').
00:02:45.936 : <ERROR> Sii loader: Failed to load units from file (/unit/hookup/vehicle/flare/vehicle_bigt_britax_ledl3_rotat.sii)
00:02:45.937 : <ERROR> [unit] File '<C:/SteamLibrary/steamapps/workshop/content/270880/916489351/universal | >/unit/hookup/vehicle/flare/vehicle_bigt_britax_ledl4.sii', line 3:
00:02:45.937 : <ERROR> [unit] The unit name 'flare.vehicle.bigt_britax4' is already taken by an existing unit (of type 'flare_blink').
00:02:45.937 : <ERROR> Sii loader: Failed to load units from file (/unit/hookup/vehicle/flare/vehicle_bigt_britax_ledl4.sii)
00:02:45.937 : <ERROR> [unit] File '<C:/SteamLibrary/steamapps/workshop/content/270880/916489351/universal | >/unit/hookup/vehicle/flare/vehicle_bigt_britax_ledl4_p2.sii', line 3:
00:02:45.937 : <ERROR> [unit] The unit name 'flare.vehicle.bigt_bri_p4' is already taken by an existing unit (of type 'flare_blink').
00:02:45.937 : <ERROR> Sii loader: Failed to load units from file (/unit/hookup/vehicle/flare/vehicle_bigt_britax_ledl4_p2.sii)
00:02:45.938 : <ERROR> [unit] File '<C:/SteamLibrary/steamapps/workshop/content/270880/916489351/universal | >/unit/hookup/vehicle/flare/vehicle_bigt_britax_ledl4_rotat.sii', line 3:
00:02:45.938 : <ERROR> [unit] The unit name 'flare.vehicle.bigt_rot_04' is already taken by an existing unit (of type 'flare_blink').
00:02:45.938 : <ERROR> Sii loader: Failed to load units from file (/unit/hookup/vehicle/flare/vehicle_bigt_britax_ledl4_rotat.sii)
00:02:45.939 : <ERROR> [unit] File '<C:/SteamLibrary/steamapps/workshop/content/270880/916489351/universal | >/unit/hookup/vehicle/flare/vehicle_bigt_britax_ledl5.sii', line 3:
00:02:45.939 : <ERROR> [unit] The unit name 'flare.vehicle.bigt_britax5' is already taken by an existing unit (of type 'flare_blink').
00:02:45.939 : <ERROR> Sii loader: Failed to load units from file (/unit/hookup/vehicle/flare/vehicle_bigt_britax_ledl5.sii)
00:02:45.939 : <ERROR> [unit] File '<C:/SteamLibrary/steamapps/workshop/content/270880/916489351/universal | >/unit/hookup/vehicle/flare/vehicle_bigt_britax_ledl5_p4.sii', line 3:
00:02:45.939 : <ERROR> [unit] The unit name 'flare.vehicle.bigt_bri_p5' is already taken by an existing unit (of type 'flare_blink').
00:02:45.939 : <ERROR> Sii loader: Failed to load units from file (/unit/hookup/vehicle/flare/vehicle_bigt_britax_ledl5_p4.sii)
00:02:45.940 : <ERROR> [unit] File '<C:/SteamLibrary/steamapps/workshop/content/270880/916489351/universal | >/unit/hookup/vehicle/flare/vehicle_bigt_britax_ledl5_rotat.sii', line 3:
00:02:45.940 : <ERROR> [unit] The unit name 'flare.vehicle.bigt_rot_05' is already taken by an existing unit (of type 'flare_blink').
00:02:45.940 : <ERROR> Sii loader: Failed to load units from file (/unit/hookup/vehicle/flare/vehicle_bigt_britax_ledl5_rotat.sii)
00:02:45.941 : <ERROR> [unit] File '<C:/SteamLibrary/steamapps/workshop/content/270880/916489351/universal | >/unit/hookup/vehicle/flare/vehicle_bigt_britax_ledl6.sii', line 3:
00:02:45.941 : <ERROR> [unit] The unit name 'flare.vehicle.bigt_britax6' is already taken by an existing unit (of type 'flare_blink').
00:02:45.941 : <ERROR> Sii loader: Failed to load units from file (/unit/hookup/vehicle/flare/vehicle_bigt_britax_ledl6.sii)
00:02:45.941 : <ERROR> [unit] File '<C:/SteamLibrary/steamapps/workshop/content/270880/916489351/universal | >/unit/hookup/vehicle/flare/vehicle_bigt_britax_ledl6_p4.sii', line 3:
00:02:45.941 : <ERROR> [unit] The unit name 'flare.vehicle.bigt_bri_p6' is already taken by an existing unit (of type 'flare_blink').
00:02:45.941 : <ERROR> Sii loader: Failed to load units from file (/unit/hookup/vehicle/flare/vehicle_bigt_britax_ledl6_p4.sii)
00:02:45.942 : <ERROR> [unit] File '<C:/SteamLibrary/steamapps/workshop/content/270880/916489351/universal | >/unit/hookup/vehicle/flare/vehicle_bigt_britax_ledl6_rotat.sii', line 3:
00:02:45.942 : <ERROR> [unit] The unit name 'flare.vehicle.bigt_rot_06' is already taken by an existing unit (of type 'flare_blink').
00:02:45.942 : <ERROR> Sii loader: Failed to load units from file (/unit/hookup/vehicle/flare/vehicle_bigt_britax_ledl6_rotat.sii)
00:02:45.943 : <ERROR> [unit] File '<C:/SteamLibrary/steamapps/workshop/content/270880/916489351/universal | >/unit/hookup/vehicle/flare/vehicle_bigt_britax_ledl7.sii', line 3:
00:02:45.943 : <ERROR> [unit] The unit name 'flare.vehicle.bigt_britax7' is already taken by an existing unit (of type 'flare_blink').
00:02:45.943 : <ERROR> Sii loader: Failed to load units from file (/unit/hookup/vehicle/flare/vehicle_bigt_britax_ledl7.sii)
00:02:45.943 : <ERROR> [unit] File '<C:/SteamLibrary/steamapps/workshop/content/270880/916489351/universal | >/unit/hookup/vehicle/flare/vehicle_bigt_britax_ledl7_p4.sii', line 3:
00:02:45.943 : <ERROR> [unit] The unit name 'flare.vehicle.bigt_bri_p7' is already taken by an existing unit (of type 'flare_blink').
00:02:45.944 : <ERROR> Sii loader: Failed to load units from file (/unit/hookup/vehicle/flare/vehicle_bigt_britax_ledl7_p4.sii)
00:02:45.944 : <ERROR> [unit] File '<C:/SteamLibrary/steamapps/workshop/content/270880/916489351/universal | >/unit/hookup/vehicle/flare/vehicle_bigt_britax_ledl7_rotat.sii', line 3:
00:02:45.944 : <ERROR> [unit] The unit name 'flare.vehicle.bigt_rot_07' is already taken by an existing unit (of type 'flare_blink').
00:02:45.944 : <ERROR> Sii loader: Failed to load units from file (/unit/hookup/vehicle/flare/vehicle_bigt_britax_ledl7_rotat.sii)
00:02:45.945 : <ERROR> [unit] File '<C:/SteamLibrary/steamapps/workshop/content/270880/916489351/universal | >/unit/hookup/vehicle/flare/vehicle_bigt_britax_ledl8.sii', line 3:
00:02:45.945 : <ERROR> [unit] The unit name 'flare.vehicle.bigt_britax8' is already taken by an existing unit (of type 'flare_blink').
00:02:45.945 : <ERROR> Sii loader: Failed to load units from file (/unit/hookup/vehicle/flare/vehicle_bigt_britax_ledl8.sii)
00:02:45.945 : <ERROR> [unit] File '<C:/SteamLibrary/steamapps/workshop/content/270880/916489351/universal | >/unit/hookup/vehicle/flare/vehicle_bigt_britax_ledl8_p4.sii', line 3:
00:02:45.945 : <ERROR> [unit] The unit name 'flare.vehicle.bigt_bri_p8' is already taken by an existing unit (of type 'flare_blink').
00:02:45.945 : <ERROR> Sii loader: Failed to load units from file (/unit/hookup/vehicle/flare/vehicle_bigt_britax_ledl8_p4.sii)
00:02:45.946 : <ERROR> [unit] File '<C:/SteamLibrary/steamapps/workshop/content/270880/916489351/universal | >/unit/hookup/vehicle/flare/vehicle_bigt_britax_ledl8_rotat.sii', line 3:
00:02:45.946 : <ERROR> [unit] The unit name 'flare.vehicle.bigt_rot_08' is already taken by an existing unit (of type 'flare_blink').
00:02:45.946 : <ERROR> Sii loader: Failed to load units from file (/unit/hookup/vehicle/flare/vehicle_bigt_britax_ledl8_rotat.sii)
00:02:45.947 : <ERROR> [unit] File '<C:/SteamLibrary/steamapps/workshop/content/270880/916489351/universal | >/unit/hookup/vehicle/flare/vehicle_bigt_britax_ledl9.sii', line 3:
00:02:45.947 : <ERROR> [unit] The unit name 'flare.vehicle.bigt_britax9' is already taken by an existing unit (of type 'flare_blink').
00:02:45.947 : <ERROR> Sii loader: Failed to load units from file (/unit/hookup/vehicle/flare/vehicle_bigt_britax_ledl9.sii)
00:02:45.947 : <ERROR> [unit] File '<C:/SteamLibrary/steamapps/workshop/content/270880/916489351/universal | >/unit/hookup/vehicle/flare/vehicle_bigt_britax_ledl9_p4.sii', line 3:
00:02:45.948 : <ERROR> [unit] The unit name 'flare.vehicle.bigt_bri_p9' is already taken by an existing unit (of type 'flare_blink').
00:02:45.948 : <ERROR> Sii loader: Failed to load units from file (/unit/hookup/vehicle/flare/vehicle_bigt_britax_ledl9_p4.sii)
00:02:45.948 : <ERROR> [unit] File '<C:/SteamLibrary/steamapps/workshop/content/270880/916489351/universal | >/unit/hookup/vehicle/flare/vehicle_bigt_britax_ledl9_rotat.sii', line 3:
00:02:45.948 : <ERROR> [unit] The unit name 'flare.vehicle.bigt_rot_09' is already taken by an existing unit (of type 'flare_blink').
00:02:45.948 : <ERROR> Sii loader: Failed to load units from file (/unit/hookup/vehicle/flare/vehicle_bigt_britax_ledl9_rotat.sii)
00:02:45.949 : <ERROR> [unit] File '<C:/SteamLibrary/steamapps/workshop/content/270880/916489351/universal | >/unit/hookup/vehicle/flare/vehicle_bigt_britax_ledl_0_p4.sii', line 3:
00:02:45.949 : <ERROR> [unit] The unit name 'flare.vehicle.bigt_onlyp0' is already taken by an existing unit (of type 'flare_blink').
00:02:45.949 : <ERROR> Sii loader: Failed to load units from file (/unit/hookup/vehicle/flare/vehicle_bigt_britax_ledl_0_p4.sii)
00:02:45.949 : <ERROR> [unit] File '<C:/SteamLibrary/steamapps/workshop/content/270880/916489351/universal | >/unit/hookup/vehicle/flare/vehicle_bigt_britax_ledl_1_p2.sii', line 3:
00:02:45.949 : <ERROR> [unit] The unit name 'flare.vehicle.bigt_onlyp1' is already taken by an existing unit (of type 'flare_blink').
00:02:45.949 : <ERROR> Sii loader: Failed to load units from file (/unit/hookup/vehicle/flare/vehicle_bigt_britax_ledl_1_p2.sii)
00:02:45.950 : <ERROR> [unit] File '<C:/SteamLibrary/steamapps/workshop/content/270880/916489351/universal | >/unit/hookup/vehicle/flare/vehicle_bigt_britax_ledl_2_p2.sii', line 3:
00:02:45.950 : <ERROR> [unit] The unit name 'flare.vehicle.bigt_onlyp2' is already taken by an existing unit (of type 'flare_blink').
00:02:45.950 : <ERROR> Sii loader: Failed to load units from file (/unit/hookup/vehicle/flare/vehicle_bigt_britax_ledl_2_p2.sii)
00:02:45.951 : <ERROR> [unit] File '<C:/SteamLibrary/steamapps/workshop/content/270880/916489351/universal | >/unit/hookup/vehicle/flare/vehicle_bigt_britax_ledl_3_p2.sii', line 3:
00:02:45.951 : <ERROR> [unit] The unit name 'flare.vehicle.bigt_onlyp3' is already taken by an existing unit (of type 'flare_blink').
00:02:45.951 : <ERROR> Sii loader: Failed to load units from file (/unit/hookup/vehicle/flare/vehicle_bigt_britax_ledl_3_p2.sii)
00:02:45.951 : <ERROR> [unit] File '<C:/SteamLibrary/steamapps/workshop/content/270880/916489351/universal | >/unit/hookup/vehicle/flare/vehicle_bigt_britax_ledl_4_p2.sii', line 3:
00:02:45.951 : <ERROR> [unit] The unit name 'flare.vehicle.bigt_onlyp4' is already taken by an existing unit (of type 'flare_blink').
00:02:45.951 : <ERROR> Sii loader: Failed to load units from file (/unit/hookup/vehicle/flare/vehicle_bigt_britax_ledl_4_p2.sii)
00:02:45.952 : <ERROR> [unit] File '<C:/SteamLibrary/steamapps/workshop/content/270880/916489351/universal | >/unit/hookup/vehicle/flare/vehicle_bigt_britax_ledl_5_p4.sii', line 3:
00:02:45.952 : <ERROR> [unit] The unit name 'flare.vehicle.bigt_onlyp5' is already taken by an existing unit (of type 'flare_blink').
00:02:45.952 : <ERROR> Sii loader: Failed to load units from file (/unit/hookup/vehicle/flare/vehicle_bigt_britax_ledl_5_p4.sii)
00:02:45.953 : <ERROR> [unit] File '<C:/SteamLibrary/steamapps/workshop/content/270880/916489351/universal | >/unit/hookup/vehicle/flare/vehicle_bigt_britax_ledl_6_p4.sii', line 3:
00:02:45.953 : <ERROR> [unit] The unit name 'flare.vehicle.bigt_onlyp6' is already taken by an existing unit (of type 'flare_blink').
00:02:45.953 : <ERROR> Sii loader: Failed to load units from file (/unit/hookup/vehicle/flare/vehicle_bigt_britax_ledl_6_p4.sii)
00:02:45.953 : <ERROR> [unit] File '<C:/SteamLibrary/steamapps/workshop/content/270880/916489351/universal | >/unit/hookup/vehicle/flare/vehicle_bigt_britax_ledl_7_p4.sii', line 3:
00:02:45.953 : <ERROR> [unit] The unit name 'flare.vehicle.bigt_onlyp7' is already taken by an existing unit (of type 'flare_blink').
00:02:45.953 : <ERROR> Sii loader: Failed to load units from file (/unit/hookup/vehicle/flare/vehicle_bigt_britax_ledl_7_p4.sii)
00:02:45.954 : <ERROR> [unit] File '<C:/SteamLibrary/steamapps/workshop/content/270880/916489351/universal | >/unit/hookup/vehicle/flare/vehicle_bigt_britax_ledl_8_p4.sii', line 3:
00:02:45.954 : <ERROR> [unit] The unit name 'flare.vehicle.bigt_onlyp8' is already taken by an existing unit (of type 'flare_blink').
00:02:45.954 : <ERROR> Sii loader: Failed to load units from file (/unit/hookup/vehicle/flare/vehicle_bigt_britax_ledl_8_p4.sii)
00:02:45.955 : <ERROR> [unit] File '<C:/SteamLibrary/steamapps/workshop/content/270880/916489351/universal | >/unit/hookup/vehicle/flare/vehicle_bigt_britax_ledl_9_p4.sii', line 3:
00:02:45.955 : <ERROR> [unit] The unit name 'flare.vehicle.bigt_onlyp9' is already taken by an existing unit (of type 'flare_blink').
00:02:45.955 : <ERROR> Sii loader: Failed to load units from file (/unit/hookup/vehicle/flare/vehicle_bigt_britax_ledl_9_p4.sii)
00:02:45.955 : <ERROR> [unit] File '<C:/SteamLibrary/steamapps/workshop/content/270880/916489351/universal | >/unit/hookup/vehicle/flare/vehicle_bigt_britax_ledl_b0.sii', line 3:
00:02:45.955 : <ERROR> [unit] The unit name 'flare.vehicle.bigt_onlyb0' is already taken by an existing unit (of type 'flare_blink').
00:02:45.955 : <ERROR> Sii loader: Failed to load units from file (/unit/hookup/vehicle/flare/vehicle_bigt_britax_ledl_b0.sii)
00:02:45.956 : <ERROR> [unit] File '<C:/SteamLibrary/steamapps/workshop/content/270880/916489351/universal | >/unit/hookup/vehicle/flare/vehicle_bigt_britax_ledl_b1.sii', line 3:
00:02:45.956 : <ERROR> [unit] The unit name 'flare.vehicle.bigt_onlyb1' is already taken by an existing unit (of type 'flare_blink').
00:02:45.956 : <ERROR> Sii loader: Failed to load units from file (/unit/hookup/vehicle/flare/vehicle_bigt_britax_ledl_b1.sii)
00:02:45.957 : <ERROR> [unit] File '<C:/SteamLibrary/steamapps/workshop/content/270880/916489351/universal | >/unit/hookup/vehicle/flare/vehicle_bigt_britax_ledl_b10_rotat.sii', line 3:
00:02:45.957 : <ERROR> [unit] The unit name 'flare.vehicle.bigt_rob_10' is already taken by an existing unit (of type 'flare_blink').
00:02:45.957 : <ERROR> Sii loader: Failed to load units from file (/unit/hookup/vehicle/flare/vehicle_bigt_britax_ledl_b10_rotat.sii)
00:02:45.957 : <ERROR> [unit] File '<C:/SteamLibrary/steamapps/workshop/content/270880/916489351/universal | >/unit/hookup/vehicle/flare/vehicle_bigt_britax_ledl_b11_rotat.sii', line 3:
00:02:45.957 : <ERROR> [unit] The unit name 'flare.vehicle.bigt_rob_11' is already taken by an existing unit (of type 'flare_blink').
00:02:45.957 : <ERROR> Sii loader: Failed to load units from file (/unit/hookup/vehicle/flare/vehicle_bigt_britax_ledl_b11_rotat.sii)
00:02:45.958 : <ERROR> [unit] File '<C:/SteamLibrary/steamapps/workshop/content/270880/916489351/universal | >/unit/hookup/vehicle/flare/vehicle_bigt_britax_ledl_b12_rotat.sii', line 3:
00:02:45.958 : <ERROR> [unit] The unit name 'flare.vehicle.bigt_rob_12' is already taken by an existing unit (of type 'flare_blink').
00:02:45.958 : <ERROR> Sii loader: Failed to load units from file (/unit/hookup/vehicle/flare/vehicle_bigt_britax_ledl_b12_rotat.sii)
00:02:45.958 : <ERROR> [unit] File '<C:/SteamLibrary/steamapps/workshop/content/270880/916489351/universal | >/unit/hookup/vehicle/flare/vehicle_bigt_britax_ledl_b13_rotat.sii', line 3:
00:02:45.958 : <ERROR> [unit] The unit name 'flare.vehicle.bigt_rob_13' is already taken by an existing unit (of type 'flare_blink').
00:02:45.958 : <ERROR> Sii loader: Failed to load units from file (/unit/hookup/vehicle/flare/vehicle_bigt_britax_ledl_b13_rotat.sii)
00:02:45.959 : <ERROR> [unit] File '<C:/SteamLibrary/steamapps/workshop/content/270880/916489351/universal | >/unit/hookup/vehicle/flare/vehicle_bigt_britax_ledl_b14_rotat.sii', line 3:
00:02:45.959 : <ERROR> [unit] The unit name 'flare.vehicle.bigt_rob_14' is already taken by an existing unit (of type 'flare_blink').
00:02:45.959 : <ERROR> Sii loader: Failed to load units from file (/unit/hookup/vehicle/flare/vehicle_bigt_britax_ledl_b14_rotat.sii)
00:02:45.960 : <ERROR> [unit] File '<C:/SteamLibrary/steamapps/workshop/content/270880/916489351/universal | >/unit/hookup/vehicle/flare/vehicle_bigt_britax_ledl_b15_rotat.sii', line 3:
00:02:45.960 : <ERROR> [unit] The unit name 'flare.vehicle.bigt_rob_15' is already taken by an existing unit (of type 'flare_blink').
00:02:45.960 : <ERROR> Sii loader: Failed to load units from file (/unit/hookup/vehicle/flare/vehicle_bigt_britax_ledl_b15_rotat.sii)
00:02:45.960 : <ERROR> [unit] File '<C:/SteamLibrary/steamapps/workshop/content/270880/916489351/universal | >/unit/hookup/vehicle/flare/vehicle_bigt_britax_ledl_b16_rotat.sii', line 3:
00:02:45.960 : <ERROR> [unit] The unit name 'flare.vehicle.bigt_rob_16' is already taken by an existing unit (of type 'flare_blink').
00:02:45.961 : <ERROR> Sii loader: Failed to load units from file (/unit/hookup/vehicle/flare/vehicle_bigt_britax_ledl_b16_rotat.sii)
00:02:45.961 : <ERROR> [unit] File '<C:/SteamLibrary/steamapps/workshop/content/270880/916489351/universal | >/unit/hookup/vehicle/flare/vehicle_bigt_britax_ledl_b1_rotat.sii', line 3:
00:02:45.961 : <ERROR> [unit] The unit name 'flare.vehicle.bigt_rob_01' is already taken by an existing unit (of type 'flare_blink').
00:02:45.961 : <ERROR> Sii loader: Failed to load units from file (/unit/hookup/vehicle/flare/vehicle_bigt_britax_ledl_b1_rotat.sii)
00:02:45.962 : <ERROR> [unit] File '<C:/SteamLibrary/steamapps/workshop/content/270880/916489351/universal | >/unit/hookup/vehicle/flare/vehicle_bigt_britax_ledl_b2.sii', line 3:
00:02:45.962 : <ERROR> [unit] The unit name 'flare.vehicle.bigt_onlyb2' is already taken by an existing unit (of type 'flare_blink').
00:02:45.962 : <ERROR> Sii loader: Failed to load units from file (/unit/hookup/vehicle/flare/vehicle_bigt_britax_ledl_b2.sii)
00:02:45.962 : <ERROR> [unit] File '<C:/SteamLibrary/steamapps/workshop/content/270880/916489351/universal | >/unit/hookup/vehicle/flare/vehicle_bigt_britax_ledl_b2_rotat.sii', line 3:
00:02:45.963 : <ERROR> [unit] The unit name 'flare.vehicle.bigt_rob_02' is already taken by an existing unit (of type 'flare_blink').
00:02:45.963 : <ERROR> Sii loader: Failed to load units from file (/unit/hookup/vehicle/flare/vehicle_bigt_britax_ledl_b2_rotat.sii)
00:02:45.963 : <ERROR> [unit] File '<C:/SteamLibrary/steamapps/workshop/content/270880/916489351/universal | >/unit/hookup/vehicle/flare/vehicle_bigt_britax_ledl_b3.sii', line 3:
00:02:45.963 : <ERROR> [unit] The unit name 'flare.vehicle.bigt_onlyb3' is already taken by an existing unit (of type 'flare_blink').
00:02:45.963 : <ERROR> Sii loader: Failed to load units from file (/unit/hookup/vehicle/flare/vehicle_bigt_britax_ledl_b3.sii)
00:02:45.964 : <ERROR> [unit] File '<C:/SteamLibrary/steamapps/workshop/content/270880/916489351/universal | >/unit/hookup/vehicle/flare/vehicle_bigt_britax_ledl_b3_rotat.sii', line 3:
00:02:45.964 : <ERROR> [unit] The unit name 'flare.vehicle.bigt_rob_03' is already taken by an existing unit (of type 'flare_blink').
00:02:45.964 : <ERROR> Sii loader: Failed to load units from file (/unit/hookup/vehicle/flare/vehicle_bigt_britax_ledl_b3_rotat.sii)
00:02:45.965 : <ERROR> [unit] File '<C:/SteamLibrary/steamapps/workshop/content/270880/916489351/universal | >/unit/hookup/vehicle/flare/vehicle_bigt_britax_ledl_b4.sii', line 3:
00:02:45.965 : <ERROR> [unit] The unit name 'flare.vehicle.bigt_onlyb4' is already taken by an existing unit (of type 'flare_blink').
00:02:45.965 : <ERROR> Sii loader: Failed to load units from file (/unit/hookup/vehicle/flare/vehicle_bigt_britax_ledl_b4.sii)
00:02:45.965 : <ERROR> [unit] File '<C:/SteamLibrary/steamapps/workshop/content/270880/916489351/universal | >/unit/hookup/vehicle/flare/vehicle_bigt_britax_ledl_b4_rotat.sii', line 3:
00:02:45.965 : <ERROR> [unit] The unit name 'flare.vehicle.bigt_rob_04' is already taken by an existing unit (of type 'flare_blink').
00:02:45.965 : <ERROR> Sii loader: Failed to load units from file (/unit/hookup/vehicle/flare/vehicle_bigt_britax_ledl_b4_rotat.sii)
00:02:45.966 : <ERROR> [unit] File '<C:/SteamLibrary/steamapps/workshop/content/270880/916489351/universal | >/unit/hookup/vehicle/flare/vehicle_bigt_britax_ledl_b5.sii', line 3:
00:02:45.966 : <ERROR> [unit] The unit name 'flare.vehicle.bigt_onlyb5' is already taken by an existing unit (of type 'flare_blink').
00:02:45.966 : <ERROR> Sii loader: Failed to load units from file (/unit/hookup/vehicle/flare/vehicle_bigt_britax_ledl_b5.sii)
00:02:45.967 : <ERROR> [unit] File '<C:/SteamLibrary/steamapps/workshop/content/270880/916489351/universal | >/unit/hookup/vehicle/flare/vehicle_bigt_britax_ledl_b5_rotat.sii', line 3:
00:02:45.967 : <ERROR> [unit] The unit name 'flare.vehicle.bigt_rob_05' is already taken by an existing unit (of type 'flare_blink').
00:02:45.967 : <ERROR> Sii loader: Failed to load units from file (/unit/hookup/vehicle/flare/vehicle_bigt_britax_ledl_b5_rotat.sii)
00:02:45.967 : <ERROR> [unit] File '<C:/SteamLibrary/steamapps/workshop/content/270880/916489351/universal | >/unit/hookup/vehicle/flare/vehicle_bigt_britax_ledl_b6.sii', line 3:
00:02:45.967 : <ERROR> [unit] The unit name 'flare.vehicle.bigt_onlyb6' is already taken by an existing unit (of type 'flare_blink').
00:02:45.967 : <ERROR> Sii loader: Failed to load units from file (/unit/hookup/vehicle/flare/vehicle_bigt_britax_ledl_b6.sii)
00:02:45.968 : <ERROR> [unit] File '<C:/SteamLibrary/steamapps/workshop/content/270880/916489351/universal | >/unit/hookup/vehicle/flare/vehicle_bigt_britax_ledl_b6_rotat.sii', line 3:
00:02:45.968 : <ERROR> [unit] The unit name 'flare.vehicle.bigt_rob_06' is already taken by an existing unit (of type 'flare_blink').
00:02:45.968 : <ERROR> Sii loader: Failed to load units from file (/unit/hookup/vehicle/flare/vehicle_bigt_britax_ledl_b6_rotat.sii)
00:02:45.969 : <ERROR> [unit] File '<C:/SteamLibrary/steamapps/workshop/content/270880/916489351/universal | >/unit/hookup/vehicle/flare/vehicle_bigt_britax_ledl_b7.sii', line 3:
00:02:45.969 : <ERROR> [unit] The unit name 'flare.vehicle.bigt_onlyb7' is already taken by an existing unit (of type 'flare_blink').
00:02:45.969 : <ERROR> Sii loader: Failed to load units from file (/unit/hookup/vehicle/flare/vehicle_bigt_britax_ledl_b7.sii)
00:02:45.969 : <ERROR> [unit] File '<C:/SteamLibrary/steamapps/workshop/content/270880/916489351/universal | >/unit/hookup/vehicle/flare/vehicle_bigt_britax_ledl_b7_rotat.sii', line 3:
00:02:45.969 : <ERROR> [unit] The unit name 'flare.vehicle.bigt_rob_07' is already taken by an existing unit (of type 'flare_blink').
00:02:45.969 : <ERROR> Sii loader: Failed to load units from file (/unit/hookup/vehicle/flare/vehicle_bigt_britax_ledl_b7_rotat.sii)
00:02:45.970 : <ERROR> [unit] File '<C:/SteamLibrary/steamapps/workshop/content/270880/916489351/universal | >/unit/hookup/vehicle/flare/vehicle_bigt_britax_ledl_b8.sii', line 3:
00:02:45.970 : <ERROR> [unit] The unit name 'flare.vehicle.bigt_onlyb8' is already taken by an existing unit (of type 'flare_blink').
00:02:45.970 : <ERROR> Sii loader: Failed to load units from file (/unit/hookup/vehicle/flare/vehicle_bigt_britax_ledl_b8.sii)
00:02:45.971 : <ERROR> [unit] File '<C:/SteamLibrary/steamapps/workshop/content/270880/916489351/universal | >/unit/hookup/vehicle/flare/vehicle_bigt_britax_ledl_b8_rotat.sii', line 3:
00:02:45.971 : <ERROR> [unit] The unit name 'flare.vehicle.bigt_rob_08' is already taken by an existing unit (of type 'flare_blink').
00:02:45.971 : <ERROR> Sii loader: Failed to load units from file (/unit/hookup/vehicle/flare/vehicle_bigt_britax_ledl_b8_rotat.sii)
00:02:45.971 : <ERROR> [unit] File '<C:/SteamLibrary/steamapps/workshop/content/270880/916489351/universal | >/unit/hookup/vehicle/flare/vehicle_bigt_britax_ledl_b9.sii', line 3:
00:02:45.971 : <ERROR> [unit] The unit name 'flare.vehicle.bigt_onlyb9' is already taken by an existing unit (of type 'flare_blink').
00:02:45.971 : <ERROR> Sii loader: Failed to load units from file (/unit/hookup/vehicle/flare/vehicle_bigt_britax_ledl_b9.sii)
00:02:45.972 : <ERROR> [unit] File '<C:/SteamLibrary/steamapps/workshop/content/270880/916489351/universal | >/unit/hookup/vehicle/flare/vehicle_bigt_britax_ledl_b9_rotat.sii', line 3:
00:02:45.972 : <ERROR> [unit] The unit name 'flare.vehicle.bigt_rob_09' is already taken by an existing unit (of type 'flare_blink').
00:02:45.972 : <ERROR> Sii loader: Failed to load units from file (/unit/hookup/vehicle/flare/vehicle_bigt_britax_ledl_b9_rotat.sii)
00:02:45.988 : <ERROR> [unit] File '<C:/Users/len_f/OneDrive/Documents/American Truck Simulator/mod/Trucks&Trailers Flares.scs | >/unit/hookup/vehicle/flare/vehicle_orange_led_l.sii', line 3:
00:02:45.988 : <ERROR> [unit] The unit name 'flare.vehicle.orangeledl' is already taken by an existing unit (of type 'flare_vehicle').
00:02:45.988 : <ERROR> Sii loader: Failed to load units from file (/unit/hookup/vehicle/flare/vehicle_orange_led_l.sii)
00:02:45.989 : <ERROR> [unit] File '<C:/Users/len_f/OneDrive/Documents/American Truck Simulator/mod/Trucks&Trailers Flares.scs | >/unit/hookup/vehicle/flare/vehicle_r_lblinkerl.sii', line 3:
00:02:45.989 : <ERROR> [unit] The unit name 'flare.vehicle.red.lblinkerl' is already taken by an existing unit (of type 'flare_vehicle').
00:02:45.989 : <ERROR> Sii loader: Failed to load units from file (/unit/hookup/vehicle/flare/vehicle_r_lblinkerl.sii)
00:02:45.990 : <ERROR> [unit] File '<C:/Users/len_f/OneDrive/Documents/American Truck Simulator/mod/Trucks&Trailers Flares.scs | >/unit/hookup/vehicle/flare/vehicle_r_rblinkerl.sii', line 3:
00:02:45.990 : <ERROR> [unit] The unit name 'flare.vehicle.red.rblinkerl' is already taken by an existing unit (of type 'flare_vehicle').
00:02:45.990 : <ERROR> Sii loader: Failed to load units from file (/unit/hookup/vehicle/flare/vehicle_r_rblinkerl.sii)
00:02:46.036 : <ERROR> [unit] File '<C:/Users/len_f/OneDrive/Documents/American Truck Simulator/mod/Jaspers.Kenworth_w900_series_v1.scs | >/unit/hookup/vehicle/flare/vehicle_high_beam.sii', line 3:
00:02:46.036 : <ERROR> [unit] The unit name 'flare.vehicle.high_beam' is already taken by an existing unit (of type 'flare_vehicle').
00:02:46.036 : <ERROR> Sii loader: Failed to load units from file (/unit/hookup/vehicle/flare/vehicle_high_beam.sii)
00:02:46.053 : <ERROR> [unit] File '<C:/SteamLibrary/steamapps/workshop/content/270880/3707214062/universal | >/unit/hookup/vehicle/flare/vehicle_shadow_blue.sii', line 3:
00:02:46.053 : <ERROR> [unit] The unit name 'flare.vehicle.shadow.blue' is already taken by an existing unit (of type 'flare_vehicle').
00:02:46.053 : <ERROR> Sii loader: Failed to load units from file (/unit/hookup/vehicle/flare/vehicle_shadow_blue.sii)
00:02:46.055 : <ERROR> [unit] File '<C:/SteamLibrary/steamapps/workshop/content/270880/3707214062/universal | >/unit/hookup/vehicle/flare/vehicle_shadow_blueneon.sii', line 3:
00:02:46.055 : <ERROR> [unit] The unit name 'flare.vehicle.shadow.blue' is already taken by an existing unit (of type 'flare_vehicle').
00:02:46.055 : <ERROR> Sii loader: Failed to load units from file (/unit/hookup/vehicle/flare/vehicle_shadow_blueneon.sii)
00:02:46.056 : <ERROR> [unit] File '<C:/SteamLibrary/steamapps/workshop/content/270880/3707214062/universal | >/unit/hookup/vehicle/flare/vehicle_shadow_green.sii', line 3:
00:02:46.056 : <ERROR> [unit] The unit name 'flare.vehicle.shadow.green' is already taken by an existing unit (of type 'flare_vehicle').
00:02:46.056 : <ERROR> Sii loader: Failed to load units from file (/unit/hookup/vehicle/flare/vehicle_shadow_green.sii)
00:02:46.057 : <ERROR> [unit] File '<C:/SteamLibrary/steamapps/workshop/content/270880/3707214062/universal | >/unit/hookup/vehicle/flare/vehicle_shadow_lightblue.sii', line 3:
00:02:46.057 : <ERROR> [unit] The unit name 'flare.vehicle.shadow.lightblue' is already taken by an existing unit (of type 'flare_vehicle').
00:02:46.057 : <ERROR> Sii loader: Failed to load units from file (/unit/hookup/vehicle/flare/vehicle_shadow_lightblue.sii)
00:02:46.059 : <ERROR> [unit] File '<C:/SteamLibrary/steamapps/workshop/content/270880/3707214062/universal | >/unit/hookup/vehicle/flare/vehicle_shadow_orange.sii', line 3:
00:02:46.059 : <ERROR> [unit] The unit name 'flare.vehicle.shadow.orange' is already taken by an existing unit (of type 'flare_vehicle').
00:02:46.059 : <ERROR> Sii loader: Failed to load units from file (/unit/hookup/vehicle/flare/vehicle_shadow_orange.sii)
00:02:46.060 : <ERROR> [unit] File '<C:/SteamLibrary/steamapps/workshop/content/270880/3707214062/universal | >/unit/hookup/vehicle/flare/vehicle_shadow_red.sii', line 3:
00:02:46.060 : <ERROR> [unit] The unit name 'flare.vehicle.shadow.red' is already taken by an existing unit (of type 'flare_vehicle').
00:02:46.060 : <ERROR> Sii loader: Failed to load units from file (/unit/hookup/vehicle/flare/vehicle_shadow_red.sii)
00:02:46.061 : <ERROR> [unit] File '<C:/SteamLibrary/steamapps/workshop/content/270880/3707214062/universal | >/unit/hookup/vehicle/flare/vehicle_shadow_white.sii', line 3:
00:02:46.061 : <ERROR> [unit] The unit name 'flare.vehicle.shadow.white' is already taken by an existing unit (of type 'flare_vehicle').
00:02:46.061 : <ERROR> Sii loader: Failed to load units from file (/unit/hookup/vehicle/flare/vehicle_shadow_white.sii)
00:02:46.063 : <ERROR> [unit] File '<C:/SteamLibrary/steamapps/workshop/content/270880/3707214062/universal | >/unit/hookup/vehicle/flare/vehicle_shadow_yellow.sii', line 3:
00:02:46.063 : <ERROR> [unit] The unit name 'flare.vehicle.shadow.yellow' is already taken by an existing unit (of type 'flare_vehicle').
00:02:46.063 : <ERROR> Sii loader: Failed to load units from file (/unit/hookup/vehicle/flare/vehicle_shadow_yellow.sii)
00:02:46.064 : <ERROR> [unit] File '<C:/SteamLibrary/steamapps/workshop/content/270880/2032768269/379x_140 | >/unit/hookup/vehicle/flare/jptruxhdrl.sii', line 3:
00:02:46.064 : <ERROR> [unit] The unit name 'flare.vehicle.jptruxhdrl01' is already taken by an existing unit (of type 'flare_vehicle').
00:02:46.064 : <ERROR> Sii loader: Failed to load units from file (/unit/hookup/vehicle/flare/jptruxhdrl.sii)
00:02:46.066 : <ERROR> [unit] File '<C:/SteamLibrary/steamapps/workshop/content/270880/2032768269/379x_140 | >/unit/hookup/vehicle/flare/jptruxled.sii', line 3:
00:02:46.066 : <ERROR> [unit] The unit name 'flare.vehicle.jptruxlow' is already taken by an existing unit (of type 'flare_vehicle').
00:02:46.066 : <ERROR> Sii loader: Failed to load units from file (/unit/hookup/vehicle/flare/jptruxled.sii)
00:02:46.067 : <ERROR> [unit] File '<C:/SteamLibrary/steamapps/workshop/content/270880/2032768269/379x_140 | >/unit/hookup/vehicle/flare/jptruxleft.sii', line 3:
00:02:46.067 : <ERROR> [unit] The unit name 'flare.vehicle.jptruxl01' is already taken by an existing unit (of type 'flare_blink').
00:02:46.067 : <ERROR> Sii loader: Failed to load units from file (/unit/hookup/vehicle/flare/jptruxleft.sii)
00:02:46.068 : <ERROR> [unit] File '<C:/SteamLibrary/steamapps/workshop/content/270880/2032768269/379x_140 | >/unit/hookup/vehicle/flare/jptruxright.sii', line 3:
00:02:46.068 : <ERROR> [unit] The unit name 'flare.vehicle.jptruxr01' is already taken by an existing unit (of type 'flare_blink').
00:02:46.069 : <ERROR> Sii loader: Failed to load units from file (/unit/hookup/vehicle/flare/jptruxright.sii)
00:02:46.073 : <ERROR> [unit] File '<C:/SteamLibrary/steamapps/common/American Truck Simulator/base_vehicle.scs | >/unit/hookup/vehicle/flare/vehicle_aux_lights.sii', line 3:
00:02:46.073 : <ERROR> [unit] The unit name 'flare.vehicle.aux_light' is already taken by an existing unit (of type 'flare_vehicle').
00:02:46.073 : <ERROR> Sii loader: Failed to load units from file (/unit/hookup/vehicle/flare/vehicle_aux_lights.sii)
00:02:46.074 : <ERROR> [unit] File '<C:/SteamLibrary/steamapps/common/American Truck Simulator/base_vehicle.scs | >/unit/hookup/vehicle/flare/vehicle_beacon.sii', line 3:
00:02:46.074 : <ERROR> [unit] The unit name 'flare.vehicle.beacon' is already taken by an existing unit (of type 'beacon_vehicle').
00:02:46.074 : <ERROR> Sii loader: Failed to load units from file (/unit/hookup/vehicle/flare/vehicle_beacon.sii)
00:02:46.076 : <ERROR> [unit] File '<C:/SteamLibrary/steamapps/common/American Truck Simulator/base_vehicle.scs | >/unit/hookup/vehicle/flare/vehicle_brake_ledl.sii', line 3:
00:02:46.076 : <ERROR> [unit] The unit name 'flare.vehicle.brake_ledl' is already taken by an existing unit (of type 'flare_vehicle').
00:02:46.076 : <ERROR> Sii loader: Failed to load units from file (/unit/hookup/vehicle/flare/vehicle_brake_ledl.sii)
00:02:46.077 : <ERROR> [unit] File '<C:/SteamLibrary/steamapps/common/American Truck Simulator/base_vehicle.scs | >/unit/hookup/vehicle/flare/vehicle_brakel.sii', line 3:
00:02:46.077 : <ERROR> [unit] The unit name 'flare.vehicle.brakel' is already taken by an existing unit (of type 'flare_vehicle').
00:02:46.077 : <ERROR> Sii loader: Failed to load units from file (/unit/hookup/vehicle/flare/vehicle_brakel.sii)
00:02:46.078 : <ERROR> [unit] File '<C:/SteamLibrary/steamapps/common/American Truck Simulator/base_vehicle.scs | >/unit/hookup/vehicle/flare/vehicle_brakel_low.sii', line 3:
00:02:46.078 : <ERROR> [unit] The unit name 'flare.vehicle.brakellow' is already taken by an existing unit (of type 'flare_vehicle').
00:02:46.078 : <ERROR> Sii loader: Failed to load units from file (/unit/hookup/vehicle/flare/vehicle_brakel_low.sii)
00:02:46.080 : <ERROR> [unit] File '<C:/SteamLibrary/steamapps/common/American Truck Simulator/base_vehicle.scs | >/unit/hookup/vehicle/flare/vehicle_brakel_nolgh.sii', line 3:
00:02:46.080 : <ERROR> [unit] The unit name 'flare.vehicle.brakel_nolgh' is already taken by an existing unit (of type 'flare_vehicle').
00:02:46.080 : <ERROR> Sii loader: Failed to load units from file (/unit/hookup/vehicle/flare/vehicle_brakel_nolgh.sii)
00:02:46.081 : <ERROR> [unit] File '<C:/SteamLibrary/steamapps/common/American Truck Simulator/base_vehicle.scs | >/unit/hookup/vehicle/flare/vehicle_electrics_noflr.sii', line 3:
00:02:46.082 : <ERROR> [unit] The unit name 'flare.vehicle.electrics.whitelnoflr' is already taken by an existing unit (of type 'flare_vehicle').
00:02:46.082 : <ERROR> Sii loader: Failed to load units from file (/unit/hookup/vehicle/flare/vehicle_electrics_noflr.sii)
00:02:46.083 : <ERROR> [unit] File '<C:/SteamLibrary/steamapps/common/American Truck Simulator/base_vehicle.scs | >/unit/hookup/vehicle/flare/vehicle_headl.sii', line 3:
00:02:46.083 : <ERROR> [unit] The unit name 'flare.vehicle.headl' is already taken by an existing unit (of type 'flare_vehicle').
00:02:46.083 : <ERROR> Sii loader: Failed to load units from file (/unit/hookup/vehicle/flare/vehicle_headl.sii)
00:02:46.085 : <ERROR> [unit] File '<C:/SteamLibrary/steamapps/common/American Truck Simulator/base_vehicle.scs | >/unit/hookup/vehicle/flare/vehicle_lblinker_ledl.sii', line 3:
00:02:46.085 : <ERROR> [unit] The unit name 'flare.vehicle.lblinkr_ledl' is already taken by an existing unit (of type 'flare_vehicle').
00:02:46.085 : <ERROR> Sii loader: Failed to load units from file (/unit/hookup/vehicle/flare/vehicle_lblinker_ledl.sii)
00:02:46.086 : <ERROR> [unit] File '<C:/SteamLibrary/steamapps/common/American Truck Simulator/base_vehicle.scs | >/unit/hookup/vehicle/flare/vehicle_lblinker_lednolgh.sii', line 3:
00:02:46.086 : <ERROR> [unit] The unit name 'flare.vehicle.lblink_lednl' is already taken by an existing unit (of type 'flare_vehicle').
00:02:46.086 : <ERROR> Sii loader: Failed to load units from file (/unit/hookup/vehicle/flare/vehicle_lblinker_lednolgh.sii)
00:02:46.088 : <ERROR> [unit] File '<C:/SteamLibrary/steamapps/common/American Truck Simulator/base_vehicle.scs | >/unit/hookup/vehicle/flare/vehicle_lblinker_low.sii', line 3:
00:02:46.088 : <ERROR> [unit] The unit name 'flare.vehicle.lblinkerlow' is already taken by an existing unit (of type 'flare_vehicle').
00:02:46.088 : <ERROR> Sii loader: Failed to load units from file (/unit/hookup/vehicle/flare/vehicle_lblinker_low.sii)
00:02:46.089 : <ERROR> [unit] File '<C:/SteamLibrary/steamapps/common/American Truck Simulator/base_vehicle.scs | >/unit/hookup/vehicle/flare/vehicle_lblinker_nofl.sii', line 3:
00:02:46.089 : <ERROR> [unit] The unit name 'flare.vehicle.lblinkernofl' is already taken by an existing unit (of type 'flare_vehicle').
00:02:46.089 : <ERROR> Sii loader: Failed to load units from file (/unit/hookup/vehicle/flare/vehicle_lblinker_nofl.sii)
00:02:46.090 : <ERROR> [unit] File '<C:/SteamLibrary/steamapps/common/American Truck Simulator/base_vehicle.scs | >/unit/hookup/vehicle/flare/vehicle_lblinker_nolgh.sii', line 3:
00:02:46.090 : <ERROR> [unit] The unit name 'flare.vehicle.lblink_nolgh' is already taken by an existing unit (of type 'flare_vehicle').
00:02:46.090 : <ERROR> Sii loader: Failed to load units from file (/unit/hookup/vehicle/flare/vehicle_lblinker_nolgh.sii)
00:02:46.092 : <ERROR> [unit] File '<C:/SteamLibrary/steamapps/common/American Truck Simulator/base_vehicle.scs | >/unit/hookup/vehicle/flare/vehicle_lblinkerl.sii', line 3:
00:02:46.092 : <ERROR> [unit] The unit name 'flare.vehicle.lblinkerl' is already taken by an existing unit (of type 'flare_vehicle').
00:02:46.092 : <ERROR> Sii loader: Failed to load units from file (/unit/hookup/vehicle/flare/vehicle_lblinkerl.sii)
00:02:46.093 : <ERROR> [unit] File '<C:/SteamLibrary/steamapps/common/American Truck Simulator/base_vehicle.scs | >/unit/hookup/vehicle/flare/vehicle_orange_led_low.sii', line 3:
00:02:46.093 : <ERROR> [unit] The unit name 'flare.vehicle.orangeledlow' is already taken by an existing unit (of type 'flare_vehicle').
00:02:46.093 : <ERROR> Sii loader: Failed to load units from file (/unit/hookup/vehicle/flare/vehicle_orange_led_low.sii)
00:02:46.095 : <ERROR> [unit] File '<C:/SteamLibrary/steamapps/common/American Truck Simulator/base_vehicle.scs | >/unit/hookup/vehicle/flare/vehicle_orangel.sii', line 3:
00:02:46.095 : <ERROR> [unit] The unit name 'flare.vehicle.orangel' is already taken by an existing unit (of type 'flare_vehicle').
00:02:46.095 : <ERROR> Sii loader: Failed to load units from file (/unit/hookup/vehicle/flare/vehicle_orangel.sii)
00:02:46.096 : <ERROR> [unit] File '<C:/SteamLibrary/steamapps/common/American Truck Simulator/base_vehicle.scs | >/unit/hookup/vehicle/flare/vehicle_orangel_noflr.sii', line 3:
00:02:46.096 : <ERROR> [unit] The unit name 'flare.vehicle.orangelnoflr' is already taken by an existing unit (of type 'flare_vehicle').
00:02:46.096 : <ERROR> Sii loader: Failed to load units from file (/unit/hookup/vehicle/flare/vehicle_orangel_noflr.sii)
00:02:46.098 : <ERROR> [unit] File '<C:/SteamLibrary/steamapps/common/American Truck Simulator/base_vehicle.scs | >/unit/hookup/vehicle/flare/vehicle_orangel_nolgh.sii', line 3:
00:02:46.098 : <ERROR> [unit] The unit name 'flare.vehicle.orangl_nolgh' is already taken by an existing unit (of type 'flare_vehicle').
00:02:46.098 : <ERROR> Sii loader: Failed to load units from file (/unit/hookup/vehicle/flare/vehicle_orangel_nolgh.sii)
00:02:46.100 : <ERROR> [unit] File '<C:/SteamLibrary/steamapps/common/American Truck Simulator/base_vehicle.scs | >/unit/hookup/vehicle/flare/vehicle_parkl.sii', line 3:
00:02:46.100 : <ERROR> [unit] The unit name 'flare.vehicle.parkl' is already taken by an existing unit (of type 'flare_vehicle').
00:02:46.100 : <ERROR> Sii loader: Failed to load units from file (/unit/hookup/vehicle/flare/vehicle_parkl.sii)
00:02:46.101 : <ERROR> [unit] File '<C:/SteamLibrary/steamapps/common/American Truck Simulator/base_vehicle.scs | >/unit/hookup/vehicle/flare/vehicle_r_lblinker_ledl.sii', line 3:
00:02:46.101 : <ERROR> [unit] The unit name 'flare.vehicle.red.lblinkr_ledl' is already taken by an existing unit (of type 'flare_vehicle').
00:02:46.101 : <ERROR> Sii loader: Failed to load units from file (/unit/hookup/vehicle/flare/vehicle_r_lblinker_ledl.sii)
00:02:46.103 : <ERROR> [unit] File '<C:/SteamLibrary/steamapps/common/American Truck Simulator/base_vehicle.scs | >/unit/hookup/vehicle/flare/vehicle_r_lblinker_nolgh.sii', line 3:
00:02:46.103 : <ERROR> [unit] The unit name 'flare.vehicle.red.lblink_nolgh' is already taken by an existing unit (of type 'flare_vehicle').
00:02:46.103 : <ERROR> Sii loader: Failed to load units from file (/unit/hookup/vehicle/flare/vehicle_r_lblinker_nolgh.sii)
00:02:46.104 : <ERROR> [unit] File '<C:/SteamLibrary/steamapps/common/American Truck Simulator/base_vehicle.scs | >/unit/hookup/vehicle/flare/vehicle_r_rblinkerl_ledl.sii', line 3:
00:02:46.104 : <ERROR> [unit] The unit name 'flare.vehicle.red.rblinkr_ledl' is already taken by an existing unit (of type 'flare_vehicle').
00:02:46.104 : <ERROR> Sii loader: Failed to load units from file (/unit/hookup/vehicle/flare/vehicle_r_rblinkerl_ledl.sii)
00:02:46.106 : <ERROR> [unit] File '<C:/SteamLibrary/steamapps/common/American Truck Simulator/base_vehicle.scs | >/unit/hookup/vehicle/flare/vehicle_r_rblinkerl_nolgh.sii', line 3:
00:02:46.106 : <ERROR> [unit] The unit name 'flare.vehicle.red.rblink_nolgh' is already taken by an existing unit (of type 'flare_vehicle').
00:02:46.106 : <ERROR> Sii loader: Failed to load units from file (/unit/hookup/vehicle/flare/vehicle_r_rblinkerl_nolgh.sii)
00:02:46.107 : <ERROR> [unit] File '<C:/SteamLibrary/steamapps/common/American Truck Simulator/base_vehicle.scs | >/unit/hookup/vehicle/flare/vehicle_rblinker_ledl.sii', line 3:
00:02:46.107 : <ERROR> [unit] The unit name 'flare.vehicle.rblinkr_ledl' is already taken by an existing unit (of type 'flare_vehicle').
00:02:46.108 : <ERROR> Sii loader: Failed to load units from file (/unit/hookup/vehicle/flare/vehicle_rblinker_ledl.sii)
00:02:46.109 : <ERROR> [unit] File '<C:/SteamLibrary/steamapps/common/American Truck Simulator/base_vehicle.scs | >/unit/hookup/vehicle/flare/vehicle_rblinker_lednolgh.sii', line 3:
00:02:46.109 : <ERROR> [unit] The unit name 'flare.vehicle.rblink_lednl' is already taken by an existing unit (of type 'flare_vehicle').
00:02:46.109 : <ERROR> Sii loader: Failed to load units from file (/unit/hookup/vehicle/flare/vehicle_rblinker_lednolgh.sii)
00:02:46.110 : <ERROR> [unit] File '<C:/SteamLibrary/steamapps/common/American Truck Simulator/base_vehicle.scs | >/unit/hookup/vehicle/flare/vehicle_rblinker_low.sii', line 3:
00:02:46.110 : <ERROR> [unit] The unit name 'flare.vehicle.rblinkerlow' is already taken by an existing unit (of type 'flare_vehicle').
00:02:46.110 : <ERROR> Sii loader: Failed to load units from file (/unit/hookup/vehicle/flare/vehicle_rblinker_low.sii)
00:02:46.112 : <ERROR> [unit] File '<C:/SteamLibrary/steamapps/common/American Truck Simulator/base_vehicle.scs | >/unit/hookup/vehicle/flare/vehicle_rblinker_nofl.sii', line 3:
00:02:46.112 : <ERROR> [unit] The unit name 'flare.vehicle.rblinkernofl' is already taken by an existing unit (of type 'flare_vehicle').
00:02:46.112 : <ERROR> Sii loader: Failed to load units from file (/unit/hookup/vehicle/flare/vehicle_rblinker_nofl.sii)
00:02:46.113 : <ERROR> [unit] File '<C:/SteamLibrary/steamapps/common/American Truck Simulator/base_vehicle.scs | >/unit/hookup/vehicle/flare/vehicle_rblinker_nolgh.sii', line 3:
00:02:46.113 : <ERROR> [unit] The unit name 'flare.vehicle.rblink_nolgh' is already taken by an existing unit (of type 'flare_vehicle').
00:02:46.113 : <ERROR> Sii loader: Failed to load units from file (/unit/hookup/vehicle/flare/vehicle_rblinker_nolgh.sii)
00:02:46.115 : <ERROR> [unit] File '<C:/SteamLibrary/steamapps/common/American Truck Simulator/base_vehicle.scs | >/unit/hookup/vehicle/flare/vehicle_rblinkerl.sii', line 3:
00:02:46.115 : <ERROR> [unit] The unit name 'flare.vehicle.rblinkerl' is already taken by an existing unit (of type 'flare_vehicle').
00:02:46.115 : <ERROR> Sii loader: Failed to load units from file (/unit/hookup/vehicle/flare/vehicle_rblinkerl.sii)
00:02:46.116 : <ERROR> [unit] File '<C:/SteamLibrary/steamapps/common/American Truck Simulator/base_vehicle.scs | >/unit/hookup/vehicle/flare/vehicle_rearl.sii', line 3:
00:02:46.116 : <ERROR> [unit] The unit name 'flare.vehicle.rearl' is already taken by an existing unit (of type 'flare_vehicle').
00:02:46.116 : <ERROR> Sii loader: Failed to load units from file (/unit/hookup/vehicle/flare/vehicle_rearl.sii)
00:02:46.118 : <ERROR> [unit] File '<C:/SteamLibrary/steamapps/common/American Truck Simulator/base_vehicle.scs | >/unit/hookup/vehicle/flare/vehicle_rearl_low.sii', line 3:
00:02:46.118 : <ERROR> [unit] The unit name 'flare.vehicle.rearllow' is already taken by an existing unit (of type 'flare_vehicle').
00:02:46.118 : <ERROR> Sii loader: Failed to load units from file (/unit/hookup/vehicle/flare/vehicle_rearl_low.sii)
00:02:46.119 : <ERROR> [unit] File '<C:/SteamLibrary/steamapps/common/American Truck Simulator/base_vehicle.scs | >/unit/hookup/vehicle/flare/vehicle_rearl_nofl.sii', line 3:
00:02:46.119 : <ERROR> [unit] The unit name 'flare.vehicle.rearl_nofl' is already taken by an existing unit (of type 'flare_vehicle').
00:02:46.119 : <ERROR> Sii loader: Failed to load units from file (/unit/hookup/vehicle/flare/vehicle_rearl_nofl.sii)
00:02:46.121 : <ERROR> [unit] File '<C:/SteamLibrary/steamapps/common/American Truck Simulator/base_vehicle.scs | >/unit/hookup/vehicle/flare/vehicle_rearl_nolgh.sii', line 3:
00:02:46.121 : <ERROR> [unit] The unit name 'flare.vehicle.rearl_nolgh' is already taken by an existing unit (of type 'flare_vehicle').
00:02:46.121 : <ERROR> Sii loader: Failed to load units from file (/unit/hookup/vehicle/flare/vehicle_rearl_nolgh.sii)
00:02:46.122 : <ERROR> [unit] File '<C:/SteamLibrary/steamapps/common/American Truck Simulator/base_vehicle.scs | >/unit/hookup/vehicle/flare/vehicle_redl.sii', line 3:
00:02:46.122 : <ERROR> [unit] The unit name 'flare.vehicle.redl' is already taken by an existing unit (of type 'flare_vehicle').
00:02:46.123 : <ERROR> Sii loader: Failed to load units from file (/unit/hookup/vehicle/flare/vehicle_redl.sii)
00:02:46.124 : <ERROR> [unit] File '<C:/SteamLibrary/steamapps/common/American Truck Simulator/base_vehicle.scs | >/unit/hookup/vehicle/flare/vehicle_redl_nolgh.sii', line 3:
00:02:46.124 : <ERROR> [unit] The unit name 'flare.vehicle.redl_nolgh' is already taken by an existing unit (of type 'flare_vehicle').
00:02:46.124 : <ERROR> Sii loader: Failed to load units from file (/unit/hookup/vehicle/flare/vehicle_redl_nolgh.sii)
00:02:46.125 : <ERROR> [unit] File '<C:/SteamLibrary/steamapps/common/American Truck Simulator/base_vehicle.scs | >/unit/hookup/vehicle/flare/vehicle_reefer_indicator.sii', line 3:
00:02:46.125 : <ERROR> [unit] The unit name 'flare.vehicle.reefer_green' is already taken by an existing unit (of type 'light_source').
00:02:46.125 : <ERROR> Sii loader: Failed to load units from file (/unit/hookup/vehicle/flare/vehicle_reefer_indicator.sii)
00:02:46.127 : <ERROR> [unit] File '<C:/SteamLibrary/steamapps/common/American Truck Simulator/base_vehicle.scs | >/unit/hookup/vehicle/flare/vehicle_reverse_ledl.sii', line 3:
00:02:46.127 : <ERROR> [unit] The unit name 'flare.vehicle.reverse_ledl' is already taken by an existing unit (of type 'flare_vehicle').
00:02:46.127 : <ERROR> Sii loader: Failed to load units from file (/unit/hookup/vehicle/flare/vehicle_reverse_ledl.sii)
00:02:46.128 : <ERROR> [unit] File '<C:/SteamLibrary/steamapps/common/American Truck Simulator/base_vehicle.scs | >/unit/hookup/vehicle/flare/vehicle_reversel.sii', line 3:
00:02:46.128 : <ERROR> [unit] The unit name 'flare.vehicle.reversel' is already taken by an existing unit (of type 'flare_vehicle').
00:02:46.128 : <ERROR> Sii loader: Failed to load units from file (/unit/hookup/vehicle/flare/vehicle_reversel.sii)
00:02:46.130 : <ERROR> [unit] File '<C:/SteamLibrary/steamapps/common/American Truck Simulator/base_vehicle.scs | >/unit/hookup/vehicle/flare/vehicle_reversel_low.sii', line 3:
00:02:46.130 : <ERROR> [unit] The unit name 'flare.vehicle.reversellow' is already taken by an existing unit (of type 'flare_vehicle').
00:02:46.130 : <ERROR> Sii loader: Failed to load units from file (/unit/hookup/vehicle/flare/vehicle_reversel_low.sii)
00:02:46.131 : <ERROR> [unit] File '<C:/SteamLibrary/steamapps/common/American Truck Simulator/base_vehicle.scs | >/unit/hookup/vehicle/flare/vehicle_reversel_nolgh.sii', line 3:
00:02:46.131 : <ERROR> [unit] The unit name 'flare.vehicle.revrse_nolgh' is already taken by an existing unit (of type 'flare_vehicle').
00:02:46.131 : <ERROR> Sii loader: Failed to load units from file (/unit/hookup/vehicle/flare/vehicle_reversel_nolgh.sii)
00:02:46.133 : <ERROR> [unit] File '<C:/SteamLibrary/steamapps/common/American Truck Simulator/base_vehicle.scs | >/unit/hookup/vehicle/flare/vehicle_white_led_l.sii', line 3:
00:02:46.133 : <ERROR> [unit] The unit name 'flare.vehicle.whiteledl' is already taken by an existing unit (of type 'flare_vehicle').
00:02:46.133 : <ERROR> Sii loader: Failed to load units from file (/unit/hookup/vehicle/flare/vehicle_white_led_l.sii)
00:02:46.134 : <ERROR> [unit] File '<C:/SteamLibrary/steamapps/common/American Truck Simulator/base_vehicle.scs | >/unit/hookup/vehicle/flare/vehicle_whitel.sii', line 3:
00:02:46.134 : <ERROR> [unit] The unit name 'flare.vehicle.whitel' is already taken by an existing unit (of type 'flare_vehicle').
00:02:46.134 : <ERROR> Sii loader: Failed to load units from file (/unit/hookup/vehicle/flare/vehicle_whitel.sii)
00:02:46.135 : <ERROR> [unit] File '<C:/SteamLibrary/steamapps/common/American Truck Simulator/base_vehicle.scs | >/unit/hookup/vehicle/flare/vehicle_whitel_nolgh.sii', line 3:
00:02:46.135 : <ERROR> [unit] The unit name 'flare.vehicle.whitel_nolgh' is already taken by an existing unit (of type 'flare_vehicle').
00:02:46.135 : <ERROR> Sii loader: Failed to load units from file (/unit/hookup/vehicle/flare/vehicle_whitel_nolgh.sii)
00:02:46.177 : <ERROR> [unit] File '<C:/Users/len_f/OneDrive/Documents/American Truck Simulator/mod/Trucks&Trailers Flares.scs | >/unit/hookup/vehicle/flare/interior_light/vehicle_sl.sii', line 3:
00:02:46.177 : <ERROR> [unit] The unit name 'flare.vehicle.sll' is already taken by an existing unit (of type 'flare_vehicle').
00:02:46.177 : <ERROR> Sii loader: Failed to load units from file (/unit/hookup/vehicle/flare/interior_light/vehicle_sl.sii)
00:02:46.196 : <ERROR> [unit] File '<C:/Users/len_f/OneDrive/Documents/American Truck Simulator/mod/Trucks&Trailers Flares.scs | >/unit/hookup/vehicle/flare/red_lights/vehicle_lblinker_led_r.sii', line 3:
00:02:46.196 : <ERROR> [unit] The unit name 'flare.vehicle.lblinkerledr' is already taken by an existing unit (of type 'flare_vehicle').
00:02:46.197 : <ERROR> Sii loader: Failed to load units from file (/unit/hookup/vehicle/flare/red_lights/vehicle_lblinker_led_r.sii)
00:02:46.198 : <ERROR> [unit] File '<C:/Users/len_f/OneDrive/Documents/American Truck Simulator/mod/Trucks&Trailers Flares.scs | >/unit/hookup/vehicle/flare/red_lights/vehicle_rblinker_led_r.sii', line 3:
00:02:46.198 : <ERROR> [unit] The unit name 'flare.vehicle.rblinkerledr' is already taken by an existing unit (of type 'flare_vehicle').
00:02:46.198 : <ERROR> Sii loader: Failed to load units from file (/unit/hookup/vehicle/flare/red_lights/vehicle_rblinker_led_r.sii)
00:02:46.200 : <ERROR> [unit] File '<C:/Users/len_f/OneDrive/Documents/American Truck Simulator/mod/Trucks&Trailers Flares.scs | >/unit/hookup/vehicle/flare/red_lights/vehicle_red2brjl.sii', line 3:
00:02:46.200 : <ERROR> [unit] The unit name 'flare.vehicle.red2brjl' is already taken by an existing unit (of type 'flare_vehicle').
00:02:46.200 : <ERROR> Sii loader: Failed to load units from file (/unit/hookup/vehicle/flare/red_lights/vehicle_red2brjl.sii)
00:02:46.201 : <ERROR> [unit] File '<C:/Users/len_f/OneDrive/Documents/American Truck Simulator/mod/Trucks&Trailers Flares.scs | >/unit/hookup/vehicle/flare/red_lights/vehicle_red2l.sii', line 3:
00:02:46.201 : <ERROR> [unit] The unit name 'flare.vehicle.red2l' is already taken by an existing unit (of type 'flare_vehicle').
00:02:46.201 : <ERROR> Sii loader: Failed to load units from file (/unit/hookup/vehicle/flare/red_lights/vehicle_red2l.sii)
00:02:46.214 : <ERROR> [unit] File '<C:/SteamLibrary/steamapps/workshop/content/270880/3707214062/universal | >/unit/hookup/vehicle/flare/rmflare/rm_int_lights.sii', line 22:
00:02:46.214 : <ERROR> [unit] The unit name 'flare.vehicle.rm.glare.green' is already taken by an existing unit (of type 'flare_vehicle').
00:02:46.214 : <ERROR> Sii loader: Failed to load units from file (/unit/hookup/vehicle/flare/rmflare/rm_int_lights.sii)
00:02:46.215 : <ERROR> [unit] File '<C:/SteamLibrary/steamapps/workshop/content/270880/3707214062/universal | >/unit/hookup/vehicle/flare/rmflare/rm_warteme_lights.sii', line 3:
00:02:46.215 : <ERROR> [unit] The unit name 'flare.vehicle.rm.park.ambew' is already taken by an existing unit (of type 'flare_vehicle').
00:02:46.216 : <ERROR> Sii loader: Failed to load units from file (/unit/hookup/vehicle/flare/rmflare/rm_warteme_lights.sii)
00:02:46.232 : <ERROR> [unit] File '<C:/SteamLibrary/steamapps/workshop/content/270880/3103055868/universal | >/unit/hookup/vehicle/particle/wheel_particles.sii', line 3:
00:02:46.232 : <ERROR> [unit] The unit name 'wheel.particles' is already taken by an existing unit (of type 'wheel_particles').
00:02:46.232 : <ERROR> Sii loader: Failed to load units from file (/unit/hookup/vehicle/particle/wheel_particles.sii)
00:02:46.233 : <ERROR> [unit] File '<C:/SteamLibrary/steamapps/workshop/content/270880/3103055868/universal | >/unit/hookup/vehicle/particle/wheel_particle_dirt.sii', line 3:
00:02:46.233 : <ERROR> [unit] The unit name 'wheel.particle.dirt' is already taken by an existing unit (of type 'vehicle_particle').
00:02:46.233 : <ERROR> Sii loader: Failed to load units from file (/unit/hookup/vehicle/particle/wheel_particle_dirt.sii)
00:02:46.233 : <ERROR> [unit] File '<C:/SteamLibrary/steamapps/workshop/content/270880/3103055868/universal | >/unit/hookup/vehicle/particle/wheel_particle_rain.sii', line 3:
00:02:46.233 : <ERROR> [unit] The unit name 'wheel.particle.rain' is already taken by an existing unit (of type 'vehicle_particle').
00:02:46.233 : <ERROR> Sii loader: Failed to load units from file (/unit/hookup/vehicle/particle/wheel_particle_rain.sii)
00:02:46.233 : <ERROR> [unit] File '<C:/SteamLibrary/steamapps/workshop/content/270880/3103055868/universal | >/unit/hookup/vehicle/particle/wheel_particle_rain1.sii', line 3:
00:02:46.233 : <ERROR> [unit] The unit name 'wheel.particle.rain1' is already taken by an existing unit (of type 'vehicle_particle').
00:02:46.233 : <ERROR> Sii loader: Failed to load units from file (/unit/hookup/vehicle/particle/wheel_particle_rain1.sii)
00:02:46.233 : <ERROR> [unit] File '<C:/SteamLibrary/steamapps/workshop/content/270880/3103055868/universal | >/unit/hookup/vehicle/particle/wheel_particle_rain2.sii', line 3:
00:02:46.233 : <ERROR> [unit] The unit name 'wheel.particle.rain2' is already taken by an existing unit (of type 'vehicle_particle').
00:02:46.233 : <ERROR> Sii loader: Failed to load units from file (/unit/hookup/vehicle/particle/wheel_particle_rain2.sii)
00:02:46.234 : <ERROR> [unit] File '<C:/SteamLibrary/steamapps/workshop/content/270880/3103055868/universal | >/unit/hookup/vehicle/particle/wheel_particle_rain3.sii', line 3:
00:02:46.234 : <ERROR> [unit] The unit name 'wheel.particle.rain3' is already taken by an existing unit (of type 'vehicle_particle').
00:02:46.234 : <ERROR> Sii loader: Failed to load units from file (/unit/hookup/vehicle/particle/wheel_particle_rain3.sii)
00:02:46.234 : <ERROR> [unit] File '<C:/SteamLibrary/steamapps/workshop/content/270880/3103055868/universal | >/unit/hookup/vehicle/particle/wheel_particle_skid.sii', line 3:
00:02:46.234 : <ERROR> [unit] The unit name 'wheel.particle.skid' is already taken by an existing unit (of type 'vehicle_particle').
00:02:46.234 : <ERROR> Sii loader: Failed to load units from file (/unit/hookup/vehicle/particle/wheel_particle_skid.sii)
00:02:46.234 : <ERROR> [unit] File '<C:/SteamLibrary/steamapps/workshop/content/270880/3103055868/universal | >/unit/hookup/vehicle/particle/wheel_particle_snow.sii', line 3:
00:02:46.234 : <ERROR> [unit] The unit name 'wheel.particle.snow' is already taken by an existing unit (of type 'vehicle_particle').
00:02:46.234 : <ERROR> Sii loader: Failed to load units from file (/unit/hookup/vehicle/particle/wheel_particle_snow.sii)
00:02:46.237 : <ERROR> [unit] File '<C:/SteamLibrary/steamapps/common/American Truck Simulator/base_vehicle.scs | >/unit/hookup/vehicle/particle/wheel_particle_grass.sii', line 3:
00:02:46.237 : <ERROR> [unit] The unit name 'wheel.particle.grass' is already taken by an existing unit (of type 'vehicle_particle').
00:02:46.237 : <ERROR> Sii loader: Failed to load units from file (/unit/hookup/vehicle/particle/wheel_particle_grass.sii)
00:02:46.239 : <ERROR> [unit] File '<C:/SteamLibrary/steamapps/workshop/content/270880/3103055868/universal | >/unit/hookup/lights/lamp/template.light.lamp.sii', line 4:
00:02:46.239 : <ERROR> [unit] The unit name 'template.light.lamp.b.normal.fadelong.deg90' is already taken by an existing unit (of type 'light_source').
00:02:46.239 : <ERROR> Sii loader: Failed to load units from file (/unit/hookup/lights/lamp/template.light.lamp.sii)
00:02:46.504 : Collecting Vehicle definitions...
00:02:47.339 : <WARNING> [traffic_trailer] Trailer data 'traffic.trailer.sisl.livestock.cattle' has defined vehicle accessory with cargo data which is not supported anymore, removing it...
00:02:47.478 : Loaded traffic trailers of type 'truck_semi': 243
00:02:47.842 : Loaded traffic trailers of type 'truck_long': 13
00:02:47.916 : Loaded traffic trailers of type 'train_cargo': 21
00:02:48.112 : Loaded traffic trailers of type 'car': 43
00:02:48.121 : Loaded traffic trailers of type 'bus': 0
00:02:48.471 : Loaded traffic trailers of type 'truck': 107
00:02:48.578 : Loaded traffic trailers of type 'tram': 34
00:02:48.635 : Loaded traffic trailers of type 'train': 18
00:02:48.733 : Loaded traffic trailers of type 'special': 16
00:02:49.062 : <WARNING> [traffic_vehicle] Nameless variant detected and renamed to: 'traffic.gmc_sav_v12.variant0'
00:02:49.062 : <WARNING> [traffic_vehicle] Nameless variant detected and renamed to: 'traffic.gmc_sav_v12.variant1'
00:02:49.062 : <WARNING> [traffic_vehicle] Nameless variant detected and renamed to: 'traffic.gmc_sav_v12.variant2'
00:02:49.062 : <WARNING> [traffic_vehicle] Nameless variant detected and renamed to: 'traffic.gmc_sav_v13.variant0'
00:02:49.062 : <WARNING> [traffic_vehicle] Nameless variant detected and renamed to: 'traffic.gmc_sav_v13.variant1'
00:02:49.062 : <WARNING> [traffic_vehicle] Nameless variant detected and renamed to: 'traffic.bmw_x1_14.variant0'
00:02:49.062 : <WARNING> [traffic_vehicle] Nameless variant detected and renamed to: 'traffic.bmw_x1_14.variant1'
00:02:49.062 : <WARNING> [traffic_vehicle] Nameless variant detected and renamed to: 'traffic.bmw_x1_14.variant2'
00:02:49.062 : <WARNING> [traffic_vehicle] Nameless variant detected and renamed to: 'traffic.saab97tr.variant0'
00:02:49.062 : <WARNING> [traffic_vehicle] Nameless variant detected and renamed to: 'traffic.saab97tr.variant1'
00:02:49.062 : <WARNING> [traffic_vehicle] Nameless variant detected and renamed to: 'traffic.saab97tr.variant2'
00:02:49.062 : <WARNING> [traffic_vehicle] Nameless variant detected and renamed to: 'traffic.saab97tr.variant3'
00:02:49.062 : <WARNING> [traffic_vehicle] Nameless variant detected and renamed to: 'traffic.saab97tr.variant4'
00:02:49.062 : <WARNING> [traffic_vehicle] Nameless variant detected and renamed to: 'traffic.gmc_sav_v10.variant0'
00:02:49.062 : <WARNING> [traffic_vehicle] Nameless variant detected and renamed to: 'traffic.gmc_sav_v10.variant1'
00:02:49.062 : <WARNING> [traffic_vehicle] Nameless variant detected and renamed to: 'traffic.gmc_sav_v10.variant2'
00:02:49.062 : <WARNING> [traffic_vehicle] Nameless variant detected and renamed to: 'traffic.gmc_sav_v11.variant0'
00:02:49.062 : <WARNING> [traffic_vehicle] Nameless variant detected and renamed to: 'traffic.gmc_sav_v11.variant1'
00:02:49.062 : <WARNING> [traffic_vehicle] Nameless variant detected and renamed to: 'traffic.gmc_sav_v11.variant2'
00:02:49.063 : <WARNING> [traffic_vehicle] Nameless variant detected and renamed to: 'traffic.transit_1604.variant0'
00:02:49.063 : <WARNING> [traffic_vehicle] Nameless variant detected and renamed to: 'traffic.transit_1604.variant1'
00:02:49.063 : <WARNING> [traffic_vehicle] Nameless variant detected and renamed to: 'traffic.transit_1604.variant2'
00:02:49.063 : <WARNING> [traffic_vehicle] Nameless variant detected and renamed to: 'traffic.gmc_sav_v08.variant0'
00:02:49.063 : <WARNING> [traffic_vehicle] Nameless variant detected and renamed to: 'traffic.gmc_sav_v08.variant1'
00:02:49.063 : <WARNING> [traffic_vehicle] Nameless variant detected and renamed to: 'traffic.gmc_sav_v08.variant2'
00:02:49.063 : <WARNING> [traffic_vehicle] Nameless variant detected and renamed to: 'traffic.gmc_sav_v09.variant0'
00:02:49.063 : <WARNING> [traffic_vehicle] Nameless variant detected and renamed to: 'traffic.gmc_sav_v09.variant1'
00:02:49.063 : <WARNING> [traffic_vehicle] Nameless variant detected and renamed to: 'traffic.gmc_sav_v09.variant2'
00:02:49.063 : <WARNING> [traffic_vehicle] Nameless variant detected and renamed to: 'traffic.transit_1605.variant0'
00:02:49.063 : <WARNING> [traffic_vehicle] Nameless variant detected and renamed to: 'traffic.transit_1605.variant1'
00:02:49.063 : <WARNING> [traffic_vehicle] Nameless variant detected and renamed to: 'traffic.transit_1605.variant2'
00:02:49.063 : <WARNING> [traffic_vehicle] Nameless variant detected and renamed to: 'traffic.transit_1601.variant0'
00:02:49.063 : <WARNING> [traffic_vehicle] Nameless variant detected and renamed to: 'traffic.transit_1601.variant1'
00:02:49.063 : <WARNING> [traffic_vehicle] Nameless variant detected and renamed to: 'traffic.transit_1601.variant2'
00:02:49.063 : <WARNING> [traffic_vehicle] Nameless variant detected and renamed to: 'traffic.transit_1602.variant0'
00:02:49.063 : <WARNING> [traffic_vehicle] Nameless variant detected and renamed to: 'traffic.transit_1602.variant1'
00:02:49.063 : <WARNING> [traffic_vehicle] Nameless variant detected and renamed to: 'traffic.transit_1602.variant2'
00:02:49.063 : <WARNING> [traffic_vehicle] Nameless variant detected and renamed to: 'traffic.saab97.variant0'
00:02:49.063 : <WARNING> [traffic_vehicle] Nameless variant detected and renamed to: 'traffic.saab97.variant1'
00:02:49.063 : <WARNING> [traffic_vehicle] Nameless variant detected and renamed to: 'traffic.saab97.variant2'
00:02:49.063 : <WARNING> [traffic_vehicle] Nameless variant detected and renamed to: 'traffic.saab97.variant3'
00:02:49.063 : <WARNING> [traffic_vehicle] Nameless variant detected and renamed to: 'traffic.saab97.variant4'
00:02:49.063 : <WARNING> [traffic_vehicle] Nameless variant detected and renamed to: 'traffic.bmw_x5_14.variant0'
00:02:49.063 : <WARNING> [traffic_vehicle] Nameless variant detected and renamed to: 'traffic.bmw_x5_14.variant1'
00:02:49.063 : <WARNING> [traffic_vehicle] Nameless variant detected and renamed to: 'traffic.bmw_x5_14.variant2'
00:02:49.063 : <WARNING> [traffic_vehicle] Nameless variant detected and renamed to: 'traffic.transit_1603.variant0'
00:02:49.063 : <WARNING> [traffic_vehicle] Nameless variant detected and renamed to: 'traffic.transit_1603.variant1'
00:02:49.063 : <WARNING> [traffic_vehicle] Nameless variant detected and renamed to: 'traffic.transit_1603.variant2'
00:02:49.063 : <WARNING> [traffic_vehicle] Nameless variant detected and renamed to: 'traffic.gmc_sav_v06.variant0'
00:02:49.063 : <WARNING> [traffic_vehicle] Nameless variant detected and renamed to: 'traffic.gmc_sav_v06.variant1'
00:02:49.063 : <WARNING> [traffic_vehicle] Nameless variant detected and renamed to: 'traffic.gmc_sav_v06.variant2'
00:02:49.063 : <WARNING> [traffic_vehicle] Nameless variant detected and renamed to: 'traffic.gmc_sav_v07.variant0'
00:02:49.063 : <WARNING> [traffic_vehicle] Nameless variant detected and renamed to: 'traffic.gmc_sav_v07.variant1'
00:02:49.063 : <WARNING> [traffic_vehicle] Nameless variant detected and renamed to: 'traffic.gmc_sav_v07.variant2'
00:02:49.063 : <WARNING> [traffic_vehicle] Nameless variant detected and renamed to: 'traffic.ford_f450.variant0'
00:02:49.063 : <WARNING> [traffic_vehicle] Nameless variant detected and renamed to: 'traffic.gmc_sav_v04.variant0'
00:02:49.063 : <WARNING> [traffic_vehicle] Nameless variant detected and renamed to: 'traffic.gmc_sav_v04.variant1'
00:02:49.063 : <WARNING> [traffic_vehicle] Nameless variant detected and renamed to: 'traffic.gmc_sav_v04.variant2'
00:02:49.063 : <WARNING> [traffic_vehicle] Nameless variant detected and renamed to: 'traffic.gmc_sav_v05.variant0'
00:02:49.063 : <WARNING> [traffic_vehicle] Nameless variant detected and renamed to: 'traffic.gmc_sav_v05.variant1'
00:02:49.063 : <WARNING> [traffic_vehicle] Nameless variant detected and renamed to: 'traffic.gmc_sav_v05.variant2'
00:02:49.063 : <WARNING> [traffic_vehicle] Nameless variant detected and renamed to: 'traffic.gmc_envoy.variant0'
00:02:49.063 : <WARNING> [traffic_vehicle] Nameless variant detected and renamed to: 'traffic.gmc_envoy.variant1'
00:02:49.063 : <WARNING> [traffic_vehicle] Nameless variant detected and renamed to: 'traffic.gmc_envoy.variant2'
00:02:49.063 : <WARNING> [traffic_vehicle] Nameless variant detected and renamed to: 'traffic.gmc_envoy.variant3'
00:02:49.063 : <WARNING> [traffic_vehicle] Nameless variant detected and renamed to: 'traffic.gmc_envoy.variant4'
00:02:49.063 : <WARNING> [traffic_vehicle] Nameless variant detected and renamed to: 'traffic.gmc_sav_v02.variant0'
00:02:49.063 : <WARNING> [traffic_vehicle] Nameless variant detected and renamed to: 'traffic.gmc_sav_v02.variant1'
00:02:49.063 : <WARNING> [traffic_vehicle] Nameless variant detected and renamed to: 'traffic.gmc_sav_v02.variant2'
00:02:49.063 : <WARNING> [traffic_vehicle] Nameless variant detected and renamed to: 'traffic.gmc_sav_v03.variant0'
00:02:49.063 : <WARNING> [traffic_vehicle] Nameless variant detected and renamed to: 'traffic.gmc_sav_v03.variant1'
00:02:49.063 : <WARNING> [traffic_vehicle] Nameless variant detected and renamed to: 'traffic.gmc_sav_v03.variant2'
00:02:49.063 : <WARNING> [traffic_vehicle] Nameless variant detected and renamed to: 'traffic.vw_tiguan_14.variant0'
00:02:49.063 : <WARNING> [traffic_vehicle] Nameless variant detected and renamed to: 'traffic.gmc_sav_n01.variant0'
00:02:49.063 : <WARNING> [traffic_vehicle] Nameless variant detected and renamed to: 'traffic.gmc_sav_n01.variant1'
00:02:49.063 : <WARNING> [traffic_vehicle] Nameless variant detected and renamed to: 'traffic.gmc_sav_n01.variant2'
00:02:49.063 : <WARNING> [traffic_vehicle] Nameless variant detected and renamed to: 'traffic.gmc_vand2_02.variant0'
00:02:49.063 : <WARNING> [traffic_vehicle] Nameless variant detected and renamed to: 'traffic.gmc_vand2_02.variant1'
00:02:49.063 : <WARNING> [traffic_vehicle] Nameless variant detected and renamed to: 'traffic.gmc_vand2_02.variant2'
00:02:49.063 : <WARNING> [traffic_vehicle] Nameless variant detected and renamed to: 'traffic.gmc_vand2_01.variant0'
00:02:49.063 : <WARNING> [traffic_vehicle] Nameless variant detected and renamed to: 'traffic.gmc_vand2_01.variant1'
00:02:49.063 : <WARNING> [traffic_vehicle] Nameless variant detected and renamed to: 'traffic.gmc_vand2_01.variant2'
00:02:49.063 : <WARNING> [traffic_vehicle] Nameless variant detected and renamed to: 'traffic.gmc_sierra99.variant0'
00:02:49.063 : <WARNING> [traffic_vehicle] Nameless variant detected and renamed to: 'traffic.gmc_vand2_04.variant0'
00:02:49.063 : <WARNING> [traffic_vehicle] Nameless variant detected and renamed to: 'traffic.gmc_vand2_04.variant1'
00:02:49.063 : <WARNING> [traffic_vehicle] Nameless variant detected and renamed to: 'traffic.gmc_vand2_04.variant2'
00:02:49.064 : <WARNING> [traffic_vehicle] Nameless variant detected and renamed to: 'traffic.gmc_sav_n02.variant0'
00:02:49.064 : <WARNING> [traffic_vehicle] Nameless variant detected and renamed to: 'traffic.gmc_sav_n02.variant1'
00:02:49.064 : <WARNING> [traffic_vehicle] Nameless variant detected and renamed to: 'traffic.gmc_sav_v01.variant0'
00:02:49.064 : <WARNING> [traffic_vehicle] Nameless variant detected and renamed to: 'traffic.gmc_sav_v01.variant1'
00:02:49.064 : <WARNING> [traffic_vehicle] Nameless variant detected and renamed to: 'traffic.gmc_sav_v01.variant2'
00:02:49.064 : <WARNING> [traffic_vehicle] Nameless variant detected and renamed to: 'traffic.gmc_vand2_03.variant0'
00:02:49.064 : <WARNING> [traffic_vehicle] Nameless variant detected and renamed to: 'traffic.gmc_vand2_03.variant1'
00:02:49.064 : <WARNING> [traffic_vehicle] Nameless variant detected and renamed to: 'traffic.gmc_vand2_03.variant2'
00:02:49.064 : <WARNING> [traffic_vehicle] Nameless variant detected and renamed to: 'traffic.gmc_vand2_05.variant0'
00:02:49.064 : <WARNING> [traffic_vehicle] Nameless variant detected and renamed to: 'traffic.gmc_vand2_05.variant1'
00:02:49.064 : <WARNING> [traffic_vehicle] Nameless variant detected and renamed to: 'traffic.gmc_vand2_05.variant2'
00:02:49.064 : <WARNING> [traffic_vehicle] Nameless variant detected and renamed to: 'traffic.gmc_sav_v14.variant0'
00:02:49.064 : <WARNING> [traffic_vehicle] Nameless variant detected and renamed to: 'traffic.gmc_sav_v14.variant1'
00:02:49.064 : <WARNING> [traffic_vehicle] Nameless variant detected and renamed to: 'traffic.gmc_sav_v14.variant2'
00:02:49.064 : Loaded traffic vehicles of type 'car': 431
00:02:49.107 : Loaded traffic vehicles of type 'car_custom': 38
00:02:49.188 : Loaded traffic vehicles of type 'truck': 49
00:02:49.223 : Loaded traffic vehicles of type 'truck_light': 40
00:02:49.243 : <WARNING> [traffic_vehicle] Nameless variant detected and renamed to: 'traffic.isuzu_lc_01b.variant0'
00:02:49.243 : <WARNING> [traffic_vehicle] Nameless variant detected and renamed to: 'traffic.isuzu_lc_01b.variant1'
00:02:49.243 : <WARNING> [traffic_vehicle] Nameless variant detected and renamed to: 'traffic.isuzu_lc_01b.variant2'
00:02:49.243 : <WARNING> [traffic_vehicle] Nameless variant detected and renamed to: 'traffic.isuzu_lc_02b.variant0'
00:02:49.243 : <WARNING> [traffic_vehicle] Nameless variant detected and renamed to: 'traffic.isuzu_lc_02b.variant1'
00:02:49.243 : <WARNING> [traffic_vehicle] Nameless variant detected and renamed to: 'traffic.isuzu_lc_02b.variant2'
00:02:49.243 : <WARNING> [traffic_vehicle] Nameless variant detected and renamed to: 'traffic.isuzu_lc_01r.variant0'
00:02:49.243 : <WARNING> [traffic_vehicle] Nameless variant detected and renamed to: 'traffic.isuzu_lc_01r.variant1'
00:02:49.243 : <WARNING> [traffic_vehicle] Nameless variant detected and renamed to: 'traffic.isuzu_lc_01r.variant2'
00:02:49.243 : <WARNING> [traffic_vehicle] Nameless variant detected and renamed to: 'traffic.isuzu_lc_02r.variant0'
00:02:49.243 : <WARNING> [traffic_vehicle] Nameless variant detected and renamed to: 'traffic.isuzu_lc_02r.variant1'
00:02:49.243 : <WARNING> [traffic_vehicle] Nameless variant detected and renamed to: 'traffic.isuzu_lc_02r.variant2'
00:02:49.243 : Loaded traffic vehicles of type 'truck_medium': 11
00:02:49.256 : Loaded traffic vehicles of type 'truck_heavy': 12
00:02:49.311 : Loaded traffic vehicles of type 'truck_long': 30
00:02:49.362 : Loaded traffic vehicles of type 'truck_custom': 48
00:02:49.377 : Loaded traffic vehicles of type 'bus': 17
00:02:49.394 : Loaded traffic vehicles of type 'bus_custom': 6
00:02:49.407 : Loaded traffic vehicles of type 'tram': 14
00:02:49.419 : Loaded traffic vehicles of type 'train': 5
00:02:49.429 : Loaded traffic vehicles of type 'train_wire': 1
00:02:49.439 : Loaded traffic vehicles of type 'train_custom': 1
00:02:49.464 : Loaded traffic vehicles of type 'police': 52
00:02:49.476 : Loaded traffic vehicles of type 'fire': 20
00:02:49.489 : Loaded traffic vehicles of type 'medical': 22
00:02:49.512 : Loaded traffic vehicles of type 'escort_front': 24
00:02:49.522 : Loaded traffic vehicles of type 'escort_back': 2
00:02:49.539 : Loaded traffic vehicles of type 'special': 5
00:02:49.539 : Loaded addon hookups: 4621
00:02:49.539 : Linking cities with countries...
00:02:50.582 : Collecting prefab descriptors...
00:02:57.189 : Loading prefab descriptors...
00:03:04.023 : [prefab desc] Converting prefab descriptor '/prefab/garage/recon_ga6.ppd' version 23 to current version (25)
00:03:04.023 : [prefab desc] Converting prefab descriptor '/prefab/garage/recon_ga6.ppd' version 24 to current version (25)
00:03:04.023 : [prefab desc] Converting prefab descriptor '/prefab/garage/recon_gara.ppd' version 23 to current version (25)
00:03:04.023 : [prefab desc] Converting prefab descriptor '/prefab/garage/recon_gara.ppd' version 24 to current version (25)
00:03:04.023 : [prefab desc] Converting prefab descriptor '/prefab/garage/recon_ga5.ppd' version 23 to current version (25)
00:03:04.023 : [prefab desc] Converting prefab descriptor '/prefab/garage/recon_ga5.ppd' version 24 to current version (25)
00:03:04.023 : [prefab desc] Converting prefab descriptor '/prefab/garage/recon_ga2.ppd' version 23 to current version (25)
00:03:04.023 : [prefab desc] Converting prefab descriptor '/prefab/garage/recon_ga2.ppd' version 24 to current version (25)
00:03:04.023 : [prefab desc] Converting prefab descriptor '/prefab/garage/recon_ga1.ppd' version 23 to current version (25)
00:03:04.023 : [prefab desc] Converting prefab descriptor '/prefab/garage/recon_ga1.ppd' version 24 to current version (25)
00:03:04.023 : [prefab desc] Converting prefab descriptor '/prefab/garage/recon_ga4.ppd' version 23 to current version (25)
00:03:04.023 : [prefab desc] Converting prefab descriptor '/prefab/garage/recon_ga4.ppd' version 24 to current version (25)
00:03:04.023 : [prefab desc] Converting prefab descriptor '/prefab/garage/recon_ga3.ppd' version 23 to current version (25)
00:03:04.023 : [prefab desc] Converting prefab descriptor '/prefab/garage/recon_ga3.ppd' version 24 to current version (25)
00:03:04.023 : [prefab desc] Converting prefab descriptor '/prefab/garage/darkness_ga.ppd' version 23 to current version (25)
00:03:04.023 : [prefab desc] Converting prefab descriptor '/prefab/garage/darkness_ga.ppd' version 24 to current version (25)
00:03:04.023 : [prefab desc] Converting prefab descriptor '/prefab/garage/recon_ama.ppd' version 23 to current version (25)
00:03:04.023 : [prefab desc] Converting prefab descriptor '/prefab/garage/recon_ama.ppd' version 24 to current version (25)
00:03:04.023 : [prefab desc] Converting prefab descriptor '/prefab/depots/garage/doed.ppd' version 23 to current version (25)
00:03:04.023 : [prefab desc] Converting prefab descriptor '/prefab/depots/garage/doed.ppd' version 24 to current version (25)
00:03:04.023 : [prefab desc] Converting prefab descriptor '/prefab/garage/pizg.ppd' version 23 to current version (25)
00:03:04.023 : [prefab desc] Converting prefab descriptor '/prefab/garage/pizg.ppd' version 24 to current version (25)
00:03:04.023 : [prefab desc] Converting prefab descriptor '/prefab/garage/koch.ppd' version 24 to current version (25)
00:03:04.023 : [prefab desc] Converting prefab descriptor '/prefab/garage/recon_ga7.ppd' version 23 to current version (25)
00:03:04.023 : [prefab desc] Converting prefab descriptor '/prefab/garage/recon_ga7.ppd' version 24 to current version (25)
00:03:04.023 : [prefab desc] Converting prefab descriptor '/prefab/garage/tfalls_ga.ppd' version 24 to current version (25)
00:03:04.023 : [prefab desc] Converting prefab descriptor '/prefab/garage/ansley.ppd' version 24 to current version (25)
00:03:04.023 : [prefab desc] Converting prefab descriptor '/prefab/garage/kranch.ppd' version 24 to current version (25)
00:03:04.023 : [prefab desc] Converting prefab descriptor '/prefab/garage/merri.ppd' version 24 to current version (25)
00:03:04.023 : [prefab desc] Converting prefab descriptor '/prefab/garage/malt_ga.ppd' version 24 to current version (25)
00:03:04.023 : [prefab desc] Converting prefab descriptor '/prefab/garage/recon_lawt.ppd' version 24 to current version (25)
00:03:04.023 : [prefab desc] Converting prefab descriptor '/prefab/gas/gas_icon.ppd' version 23 to current version (25)
00:03:04.023 : [prefab desc] Converting prefab descriptor '/prefab/gas/gas_icon.ppd' version 24 to current version (25)
00:03:04.023 : [prefab desc] Converting prefab descriptor '/prefab/garage/recon_chey.ppd' version 24 to current version (25)
00:03:04.023 : [prefab desc] Converting prefab descriptor '/prefab/garage/recon_lubb.ppd' version 23 to current version (25)
00:03:04.023 : [prefab desc] Converting prefab descriptor '/prefab/garage/recon_lubb.ppd' version 24 to current version (25)
00:03:04.023 : [prefab desc] Converting prefab descriptor '/prefab/garage/recon_pueblo.ppd' version 24 to current version (25)
00:03:04.023 : [prefab desc] Converting prefab descriptor '/prefab/garage/greyb.ppd' version 24 to current version (25)
00:03:04.023 : [prefab desc] Converting prefab descriptor '/prefab/garage/gmc_l.ppd' version 23 to current version (25)
00:03:04.023 : [prefab desc] Converting prefab descriptor '/prefab/garage/gmc_l.ppd' version 24 to current version (25)
00:03:04.024 : [prefab desc] Converting prefab descriptor '/prefab/garage/recon_pols.ppd' version 24 to current version (25)
00:03:04.024 : [prefab desc] Converting prefab descriptor '/prefab/garage/recon_broad.ppd' version 23 to current version (25)
00:03:04.024 : [prefab desc] Converting prefab descriptor '/prefab/garage/recon_broad.ppd' version 24 to current version (25)
00:03:04.024 : [prefab desc] Converting prefab descriptor '/prefab/garage/fireblade.ppd' version 24 to current version (25)
00:03:04.024 : [prefab desc] Converting prefab descriptor '/prefab/garage/recon_lewis.ppd' version 24 to current version (25)
00:03:04.024 : [prefab desc] Converting prefab descriptor '/prefab/garage/tttgarage.ppd' version 24 to current version (25)
00:03:04.026 : Loading ferry connections...
00:03:04.026 : Loading cargo trailer assignment...
00:03:09.420 : Loading company cargo assignment...
00:05:34.032 : <ERROR> [fs] Unable to retrieve device pointer of specified type (0) for 'mem_cargo_data'.
00:05:34.033 : <ERROR> [unit] File '<MISSING><UNKNOWNFS>mem_cargo_data', line 4:
00:05:34.033 : <ERROR> Expecting string value, found '""'
00:05:34.033 : <ERROR> load_unit_tree() - Failed to load unit tree from file ()
00:05:34.049 : <ERROR> [unit] The file '<MEMFILE><UNKNOWNFS>mem_cargo_data' does not contain serialised units - missing magic mark.
00:05:34.049 : <ERROR> load_unit_tree() - Failed to load unit tree from file ()
00:05:34.051 : <ERROR> [unit] The file '<MEMFILE><UNKNOWNFS>mem_cargo_data' does not contain serialised units - missing magic mark.
00:05:34.051 : <ERROR> load_unit_tree() - Failed to load unit tree from file ()
00:05:34.061 : <ERROR> [unit] The file '<MEMFILE><UNKNOWNFS>mem_cargo_data' does not contain serialised units - missing magic mark.
00:05:34.061 : <ERROR> load_unit_tree() - Failed to load unit tree from file ()
00:05:34.063 : <ERROR> [unit] The file '<MEMFILE><UNKNOWNFS>mem_cargo_data' does not contain serialised units - missing magic mark.
00:05:34.063 : <ERROR> load_unit_tree() - Failed to load unit tree from file ()
00:05:34.070 : <ERROR> [fs] Unable to retrieve device pointer of specified type (0) for 'mem_cargo_data'.
00:05:34.070 : <ERROR> [unit] File '<MISSING><UNKNOWNFS>mem_cargo_data', line 4:
00:05:34.070 : <ERROR> Expecting string value, found '""'
00:05:34.070 : <ERROR> load_unit_tree() - Failed to load unit tree from file ()
00:05:34.070 : <ERROR> [fs] Unable to retrieve device pointer of specified type (0) for 'mem_cargo_data'.
00:05:34.070 : <ERROR> [unit] File '<MISSING><UNKNOWNFS>mem_cargo_data', line 3:
00:05:34.070 : <ERROR> [unit] The unit name '_nameless.' is in wrong format.
00:05:34.070 : <ERROR> load_unit_tree() - Failed to load unit tree from file ()
00:05:34.082 : <ERROR> [fs] Unable to retrieve device pointer of specified type (0) for 'mem_cargo_data'.
00:05:34.082 : <ERROR> [unit] File '<MISSING><UNKNOWNFS>mem_cargo_data', line 4:
00:05:34.082 : <ERROR> Expecting string value, found '""'
00:05:34.082 : <ERROR> load_unit_tree() - Failed to load unit tree from file ()
00:05:34.082 : <ERROR> [fs] Unable to retrieve device pointer of specified type (0) for 'mem_cargo_data'.
00:05:34.082 : <ERROR> [unit] File '<MISSING><UNKNOWNFS>mem_cargo_data', line 3:
00:05:34.082 : <ERROR> [unit] The unit name '_nameless.' is in wrong format.
00:05:34.082 : <ERROR> load_unit_tree() - Failed to load unit tree from file ()
00:05:34.086 : <ERROR> [unit] The file '<MEMFILE><UNKNOWNFS>mem_cargo_data' does not contain serialised units - missing magic mark.
00:05:34.086 : <ERROR> load_unit_tree() - Failed to load unit tree from file ()
00:05:34.095 : <ERROR> [unit] The file '<MEMFILE><UNKNOWNFS>mem_cargo_data' does not contain serialised units - missing magic mark.
00:05:34.095 : <ERROR> load_unit_tree() - Failed to load unit tree from file ()
00:05:34.098 : <ERROR> [unit] The file '<MEMFILE><UNKNOWNFS>mem_cargo_data' does not contain serialised units - missing magic mark.
00:05:34.098 : <ERROR> load_unit_tree() - Failed to load unit tree from file ()
00:05:34.113 : <ERROR> [unit] The file '<MEMFILE><UNKNOWNFS>mem_cargo_data' does not contain serialised units - missing magic mark.
00:05:34.113 : <ERROR> load_unit_tree() - Failed to load unit tree from file ()
00:05:34.115 : <ERROR> [unit] The file '<MEMFILE><UNKNOWNFS>mem_cargo_data' does not contain serialised units - missing magic mark.
00:05:34.115 : <ERROR> load_unit_tree() - Failed to load unit tree from file ()
00:05:34.131 : <ERROR> [fs] Unable to retrieve device pointer of specified type (0) for 'mem_cargo_data'.
00:05:34.131 : <ERROR> [unit] File '<MISSING><UNKNOWNFS>mem_cargo_data', line 3:
00:05:34.131 : <ERROR> [unit] The unit name '_nameless.' is in wrong format.
00:05:34.131 : <ERROR> load_unit_tree() - Failed to load unit tree from file ()
00:05:34.134 : <ERROR> [fs] Unable to retrieve device pointer of specified type (0) for 'mem_cargo_data'.
00:05:34.134 : <ERROR> [unit] File '<MISSING><UNKNOWNFS>mem_cargo_data', line 3:
00:05:34.134 : <ERROR> [unit] The unit name '_nameless.' is in wrong format.
00:05:34.134 : <ERROR> load_unit_tree() - Failed to load unit tree from file ()
00:05:34.141 : <ERROR> [fs] Unable to retrieve device pointer of specified type (0) for 'mem_cargo_data'.
00:05:34.141 : <ERROR> [unit] File '<MISSING><UNKNOWNFS>mem_cargo_data', line 4:
00:05:34.141 : <ERROR> Expecting string value, found '""'
00:05:34.141 : <ERROR> load_unit_tree() - Failed to load unit tree from file ()
00:05:34.145 : <ERROR> [unit] The file '<MEMFILE><UNKNOWNFS>mem_cargo_data' does not contain serialised units - missing magic mark.
00:05:34.145 : <ERROR> load_unit_tree() - Failed to load unit tree from file ()
00:05:34.147 : <ERROR> [unit] The file '<MEMFILE><UNKNOWNFS>mem_cargo_data' does not contain serialised units - missing magic mark.
00:05:34.147 : <ERROR> load_unit_tree() - Failed to load unit tree from file ()
00:05:34.151 : <ERROR> [fs] Unable to retrieve device pointer of specified type (0) for 'mem_cargo_data'.
00:05:34.151 : <ERROR> [unit] File '<MISSING><UNKNOWNFS>mem_cargo_data', line 4:
00:05:34.151 : <ERROR> Expecting string value, found '""'
00:05:34.151 : <ERROR> load_unit_tree() - Failed to load unit tree from file ()
00:05:34.160 : <ERROR> [fs] Unable to retrieve device pointer of specified type (0) for 'mem_cargo_data'.
00:05:34.160 : <ERROR> [unit] File '<MISSING><UNKNOWNFS>mem_cargo_data', line 3:
00:05:34.160 : <ERROR> [unit] The unit name '_nameless.' is in wrong format.
00:05:34.160 : <ERROR> load_unit_tree() - Failed to load unit tree from file ()
00:05:34.164 : <ERROR> [fs] Unable to retrieve device pointer of specified type (0) for 'mem_cargo_data'.
00:05:34.164 : <ERROR> [unit] File '<MISSING><UNKNOWNFS>mem_cargo_data', line 3:
00:05:34.164 : <ERROR> [unit] The unit name '_nameless.' is in wrong format.
00:05:34.164 : <ERROR> load_unit_tree() - Failed to load unit tree from file ()
00:05:34.168 : <ERROR> [fs] Unable to retrieve device pointer of specified type (0) for 'mem_cargo_data'.
00:05:34.168 : <ERROR> [unit] File '<MISSING><UNKNOWNFS>mem_cargo_data', line 4:
00:05:34.168 : <ERROR> Expecting string value, found '""'
00:05:34.168 : <ERROR> load_unit_tree() - Failed to load unit tree from file ()
00:05:34.169 : <ERROR> [fs] Unable to retrieve device pointer of specified type (0) for 'mem_cargo_data'.
00:05:34.169 : <ERROR> [unit] File '<MISSING><UNKNOWNFS>mem_cargo_data', line 3:
00:05:34.169 : <ERROR> [unit] The unit name '_nameless.' is in wrong format.
00:05:34.169 : <ERROR> load_unit_tree() - Failed to load unit tree from file ()
00:05:34.181 : <ERROR> [fs] Unable to retrieve device pointer of specified type (0) for 'mem_cargo_data'.
00:05:34.181 : <ERROR> [unit] File '<MISSING><UNKNOWNFS>mem_cargo_data', line 4:
00:05:34.181 : <ERROR> Expecting string value, found '""'
00:05:34.181 : <ERROR> load_unit_tree() - Failed to load unit tree from file ()
00:05:34.181 : <ERROR> [fs] Unable to retrieve device pointer of specified type (0) for 'mem_cargo_data'.
00:05:34.181 : <ERROR> [unit] File '<MISSING><UNKNOWNFS>mem_cargo_data', line 3:
00:05:34.182 : <ERROR> [unit] The unit name '_nameless.' is in wrong format.
00:05:34.182 : <ERROR> load_unit_tree() - Failed to load unit tree from file ()
00:05:34.185 : <ERROR> [unit] The file '<MEMFILE><UNKNOWNFS>mem_cargo_data' does not contain serialised units - missing magic mark.
00:05:34.185 : <ERROR> load_unit_tree() - Failed to load unit tree from file ()
00:05:34.201 : <ERROR> [fs] Unable to retrieve device pointer of specified type (0) for 'mem_cargo_data'.
00:05:34.201 : <ERROR> [unit] File '<MISSING><UNKNOWNFS>mem_cargo_data', line 4:
00:05:34.201 : <ERROR> Expecting string value, found '""'
00:05:34.201 : <ERROR> load_unit_tree() - Failed to load unit tree from file ()
00:05:34.217 : <ERROR> [fs] Unable to retrieve device pointer of specified type (0) for 'mem_cargo_data'.
00:05:34.218 : <ERROR> [unit] File '<MISSING><UNKNOWNFS>mem_cargo_data', line 4:
00:05:34.218 : <ERROR> Expecting string value, found '""'
00:05:34.218 : <ERROR> load_unit_tree() - Failed to load unit tree from file ()
00:05:34.234 : <ERROR> [fs] Unable to retrieve device pointer of specified type (0) for 'mem_cargo_data'.
00:05:34.234 : <ERROR> [unit] File '<MISSING><UNKNOWNFS>mem_cargo_data', line 4:
00:05:34.234 : <ERROR> Expecting string value, found '""'
00:05:34.234 : <ERROR> load_unit_tree() - Failed to load unit tree from file ()
00:05:34.234 : <ERROR> [fs] Unable to retrieve device pointer of specified type (0) for 'mem_cargo_data'.
00:05:34.234 : <ERROR> [unit] File '<MISSING><UNKNOWNFS>mem_cargo_data', line 3:
00:05:34.234 : <ERROR> [unit] The unit name '_nameless.' is in wrong format.
00:05:34.234 : <ERROR> load_unit_tree() - Failed to load unit tree from file ()
00:05:34.246 : <ERROR> [fs] Unable to retrieve device pointer of specified type (0) for 'mem_cargo_data'.
00:05:34.246 : <ERROR> [unit] File '<MISSING><UNKNOWNFS>mem_cargo_data', line 4:
00:05:34.246 : <ERROR> Expecting string value, found '""'
00:05:34.246 : <ERROR> load_unit_tree() - Failed to load unit tree from file ()
00:05:34.247 : <ERROR> [fs] Unable to retrieve device pointer of specified type (0) for 'mem_cargo_data'.
00:05:34.247 : <ERROR> [unit] File '<MISSING><UNKNOWNFS>mem_cargo_data', line 3:
00:05:34.247 : <ERROR> [unit] The unit name '_nameless.' is in wrong format.
00:05:34.247 : <ERROR> load_unit_tree() - Failed to load unit tree from file ()
00:05:34.250 : <ERROR> [unit] The file '<MEMFILE><UNKNOWNFS>mem_cargo_data' does not contain serialised units - missing magic mark.
00:05:34.250 : <ERROR> load_unit_tree() - Failed to load unit tree from file ()
00:05:34.618 : <WARNING> Ignoring obsolete attribute 'wear' of unit '.peterb.data' (of type 'vehicle_accessory').
00:05:34.618 : <WARNING> Ignoring obsolete attribute 'wear' of unit '.peterb.chassis' (of type 'vehicle_accessory').
00:05:34.618 : <WARNING> Ignoring obsolete attribute 'wear' of unit '.peterb.cabin' (of type 'vehicle_accessory').
00:05:34.618 : <WARNING> Ignoring obsolete attribute 'wear' of unit '.peterb.inter' (of type 'vehicle_accessory').
00:05:34.618 : <WARNING> Ignoring obsolete attribute 'wear' of unit '.peterb.engine' (of type 'vehicle_accessory').
00:05:34.618 : <WARNING> Ignoring obsolete attribute 'wear' of unit '.peterb.trans' (of type 'vehicle_accessory').
00:05:34.618 : <WARNING> Ignoring obsolete attribute 'wear' of unit '.peterb.light' (of type 'vehicle_accessory').
00:05:34.619 : <WARNING> Ignoring obsolete attribute 'wear' of unit '.peterb.ftire' (of type 'vehicle_wheel_accessory').
00:05:34.619 : <WARNING> Ignoring obsolete attribute 'wear' of unit '.peterb.fdisc' (of type 'vehicle_wheel_accessory').
00:05:34.619 : <WARNING> Ignoring obsolete attribute 'wear' of unit '.peterb.fhub' (of type 'vehicle_wheel_accessory').
00:05:34.619 : <WARNING> Ignoring obsolete attribute 'wear' of unit '.peterb.fnuts' (of type 'vehicle_wheel_accessory').
00:05:34.619 : <WARNING> Ignoring obsolete attribute 'wear' of unit '.peterb.rtire1' (of type 'vehicle_wheel_accessory').
00:05:34.619 : <WARNING> Ignoring obsolete attribute 'wear' of unit '.peterb.rdisc1' (of type 'vehicle_wheel_accessory').
00:05:34.619 : <WARNING> Ignoring obsolete attribute 'wear' of unit '.peterb.rhub1' (of type 'vehicle_wheel_accessory').
00:05:34.619 : <WARNING> Ignoring obsolete attribute 'wear' of unit '.peterb.rnuts1' (of type 'vehicle_wheel_accessory').
00:05:34.619 : <WARNING> Ignoring obsolete attribute 'wear' of unit '.peterb.rtire2' (of type 'vehicle_wheel_accessory').
00:05:34.619 : <WARNING> Ignoring obsolete attribute 'wear' of unit '.peterb.rdisc2' (of type 'vehicle_wheel_accessory').
00:05:34.619 : <WARNING> Ignoring obsolete attribute 'wear' of unit '.peterb.rhub2' (of type 'vehicle_wheel_accessory').
00:05:34.619 : <WARNING> Ignoring obsolete attribute 'wear' of unit '.peterb.rnuts2' (of type 'vehicle_wheel_accessory').
00:05:34.619 : <WARNING> Ignoring obsolete attribute 'wear' of unit '.peterb.paint' (of type 'vehicle_paint_job_accessory').
00:05:34.619 : <WARNING> Ignoring obsolete attribute 'wear' of unit '.peterb.mirror' (of type 'vehicle_addon_accessory').
00:05:34.619 : <WARNING> Ignoring obsolete attribute 'wear' of unit '.peterb.swheel' (of type 'vehicle_addon_accessory').
00:05:34.619 : <WARNING> Ignoring obsolete attribute 'wear' of unit '.peterb.bumper' (of type 'vehicle_addon_accessory').
00:05:34.619 : <WARNING> Ignoring obsolete attribute 'wear' of unit '.peterb.exhaust' (of type 'vehicle_addon_accessory').
00:05:34.619 : <WARNING> Ignoring obsolete attribute 'wear' of unit '.peterb.f_grill' (of type 'vehicle_addon_accessory').
00:05:34.619 : <WARNING> Ignoring obsolete attribute 'wear' of unit '.peterb.filters' (of type 'vehicle_addon_accessory').
00:05:34.619 : <WARNING> Ignoring obsolete attribute 'wear' of unit '.peterb.sideflares' (of type 'vehicle_addon_accessory').
00:05:34.619 : <WARNING> Ignoring obsolete attribute 'wear' of unit '.peterb.tanks' (of type 'vehicle_addon_accessory').
00:05:34.619 : <WARNING> Ignoring obsolete attribute 'wear' of unit '.peterb.mudguard' (of type 'vehicle_addon_accessory').
00:05:34.619 : <WARNING> Ignoring obsolete attribute 'wear' of unit '.peterb.f_lights' (of type 'vehicle_addon_accessory').
00:05:34.619 : <WARNING> Ignoring obsolete attribute 'wear' of unit '.peterb.sunshield' (of type 'vehicle_addon_accessory').
00:05:34.619 : <WARNING> Ignoring obsolete attribute 'wear' of unit '.peterb.cabflares' (of type 'vehicle_addon_accessory').
00:05:34.619 : <WARNING> Ignoring obsolete attribute 'wear' of unit '.peterb.glass' (of type 'vehicle_addon_accessory').
00:05:34.619 : <WARNING> Ignoring obsolete attribute 'wear' of unit '.peterb.f_fender' (of type 'vehicle_addon_accessory').
00:05:34.619 : <WARNING> Ignoring obsolete attribute 'wear' of unit '.peterb.f_step' (of type 'vehicle_addon_accessory').
00:05:34.619 : <WARNING> Ignoring obsolete attribute 'wear' of unit '.peterb.aero_wings' (of type 'vehicle_addon_accessory').
00:05:34.619 : <WARNING> Ignoring obsolete attribute 'wear' of unit '.peterb.dash' (of type 'vehicle_addon_accessory').
00:05:34.624 : <WARNING> Ignoring obsolete attribute 'wear' of unit '.peterbilt_0.data' (of type 'vehicle_accessory').
00:05:34.625 : <WARNING> Ignoring obsolete attribute 'wear' of unit '.peterbilt_0.chassis' (of type 'vehicle_accessory').
00:05:34.625 : <WARNING> Ignoring obsolete attribute 'wear' of unit '.peterbilt_0.cabin' (of type 'vehicle_accessory').
00:05:34.625 : <WARNING> Ignoring obsolete attribute 'wear' of unit '.peterbilt_0.interior' (of type 'vehicle_accessory').
00:05:34.625 : <WARNING> Ignoring obsolete attribute 'wear' of unit '.peterbilt_0.engine' (of type 'vehicle_accessory').
00:05:34.625 : <WARNING> Ignoring obsolete attribute 'wear' of unit '.peterbilt_0.transm' (of type 'vehicle_accessory').
00:05:34.625 : <WARNING> Ignoring obsolete attribute 'wear' of unit '.peterbilt_0.headl' (of type 'vehicle_accessory').
00:05:34.625 : <WARNING> Ignoring obsolete attribute 'wear' of unit '.peterbilt_0.ftire' (of type 'vehicle_wheel_accessory').
00:05:34.625 : <WARNING> Ignoring obsolete attribute 'wear' of unit '.peterbilt_0.fdisc' (of type 'vehicle_wheel_accessory').
00:05:34.625 : <WARNING> Ignoring obsolete attribute 'wear' of unit '.peterbilt_0.fhub' (of type 'vehicle_wheel_accessory').
00:05:34.625 : <WARNING> Ignoring obsolete attribute 'wear' of unit '.peterbilt_0.fnuts' (of type 'vehicle_wheel_accessory').
00:05:34.625 : <WARNING> Ignoring obsolete attribute 'wear' of unit '.peterbilt_0.rtire1' (of type 'vehicle_wheel_accessory').
00:05:34.625 : <WARNING> Ignoring obsolete attribute 'wear' of unit '.peterbilt_0.rdisc1' (of type 'vehicle_wheel_accessory').
00:05:34.625 : <WARNING> Ignoring obsolete attribute 'wear' of unit '.peterbilt_0.rhub1' (of type 'vehicle_wheel_accessory').
00:05:34.625 : <WARNING> Ignoring obsolete attribute 'wear' of unit '.peterbilt_0.rnuts1' (of type 'vehicle_wheel_accessory').
00:05:34.625 : <WARNING> Ignoring obsolete attribute 'wear' of unit '.peterbilt_0.rtire2' (of type 'vehicle_wheel_accessory').
00:05:34.625 : <WARNING> Ignoring obsolete attribute 'wear' of unit '.peterbilt_0.rdisc2' (of type 'vehicle_wheel_accessory').
00:05:34.625 : <WARNING> Ignoring obsolete attribute 'wear' of unit '.peterbilt_0.rhub2' (of type 'vehicle_wheel_accessory').
00:05:34.625 : <WARNING> Ignoring obsolete attribute 'wear' of unit '.peterbilt_0.rnuts2' (of type 'vehicle_wheel_accessory').
00:05:34.625 : <WARNING> Ignoring obsolete attribute 'wear' of unit '.peterbilt_0.paint' (of type 'vehicle_paint_job_accessory').
00:05:34.625 : <WARNING> Ignoring obsolete attribute 'wear' of unit '.peterbilt_0.bumper' (of type 'vehicle_addon_accessory').
00:05:34.625 : <WARNING> Ignoring obsolete attribute 'wear' of unit '.peterbilt_0.exhaust' (of type 'vehicle_addon_accessory').
00:05:34.625 : <WARNING> Ignoring obsolete attribute 'wear' of unit '.peterbilt_0.sunshld' (of type 'vehicle_addon_accessory').
00:05:34.625 : <WARNING> Ignoring obsolete attribute 'wear' of unit '.peterbilt_0.mirror' (of type 'vehicle_addon_accessory').
00:05:34.625 : <WARNING> Ignoring obsolete attribute 'wear' of unit '.peterbilt_0.tanks' (of type 'vehicle_addon_accessory').
00:05:34.625 : <WARNING> Ignoring obsolete attribute 'wear' of unit '.peterbilt_0.flights' (of type 'vehicle_addon_accessory').
00:05:34.625 : <WARNING> Ignoring obsolete attribute 'wear' of unit '.peterbilt_0.horns' (of type 'vehicle_addon_accessory').
00:05:34.625 : <WARNING> Ignoring obsolete attribute 'wear' of unit '.peterbilt_0.lights' (of type 'vehicle_addon_accessory').
00:05:34.625 : <WARNING> Ignoring obsolete attribute 'wear' of unit '.peterbilt_0.swheel' (of type 'vehicle_addon_accessory').
00:05:34.625 : <WARNING> Ignoring obsolete attribute 'wear' of unit '.peterbilt_0.rbump' (of type 'vehicle_addon_accessory').
00:05:34.625 : <WARNING> Ignoring obsolete attribute 'wear' of unit '.peterbilt_0.cables' (of type 'vehicle_addon_accessory').
00:05:34.625 : <WARNING> Ignoring obsolete attribute 'wear' of unit '.peterbilt_0.logo' (of type 'vehicle_addon_accessory').
00:05:34.625 : <WARNING> Ignoring obsolete attribute 'wear' of unit '.peterbilt_0.fend' (of type 'vehicle_addon_accessory').
00:05:34.625 : <WARNING> Ignoring obsolete attribute 'wear' of unit '.peterbilt_0.intdoor' (of type 'vehicle_addon_accessory').
00:05:34.625 : <WARNING> Ignoring obsolete attribute 'wear' of unit '.peterbilt_0.intdash' (of type 'vehicle_addon_accessory').
00:05:34.625 : <WARNING> Ignoring obsolete attribute 'wear' of unit '.peterbilt_0.intbed' (of type 'vehicle_addon_accessory').
00:05:34.625 : <WARNING> Ignoring obsolete attribute 'wear' of unit '.peterbilt_0.wind' (of type 'vehicle_addon_accessory').
00:05:34.625 : <WARNING> Ignoring obsolete attribute 'wear' of unit '.peterbilt_0.frtrim' (of type 'vehicle_addon_accessory').
00:05:34.628 : <WARNING> Ignoring obsolete attribute 'wear' of unit '.peterbilt_1.data' (of type 'vehicle_accessory').
00:05:34.628 : <WARNING> Ignoring obsolete attribute 'wear' of unit '.peterbilt_1.chassis' (of type 'vehicle_accessory').
00:05:34.628 : <WARNING> Ignoring obsolete attribute 'wear' of unit '.peterbilt_1.cabin' (of type 'vehicle_accessory').
00:05:34.628 : <WARNING> Ignoring obsolete attribute 'wear' of unit '.peterbilt_1.interior' (of type 'vehicle_accessory').
00:05:34.628 : <WARNING> Ignoring obsolete attribute 'wear' of unit '.peterbilt_1.engine' (of type 'vehicle_accessory').
00:05:34.628 : <WARNING> Ignoring obsolete attribute 'wear' of unit '.peterbilt_1.transm' (of type 'vehicle_accessory').
00:05:34.628 : <WARNING> Ignoring obsolete attribute 'wear' of unit '.peterbilt_1.headl' (of type 'vehicle_accessory').
00:05:34.628 : <WARNING> Ignoring obsolete attribute 'wear' of unit '.peterbilt_1.ftire' (of type 'vehicle_wheel_accessory').
00:05:34.628 : <WARNING> Ignoring obsolete attribute 'wear' of unit '.peterbilt_1.fdisc' (of type 'vehicle_wheel_accessory').
00:05:34.628 : <WARNING> Ignoring obsolete attribute 'wear' of unit '.peterbilt_1.fhub' (of type 'vehicle_wheel_accessory').
00:05:34.628 : <WARNING> Ignoring obsolete attribute 'wear' of unit '.peterbilt_1.fnuts' (of type 'vehicle_wheel_accessory').
00:05:34.628 : <WARNING> Ignoring obsolete attribute 'wear' of unit '.peterbilt_1.rtire1' (of type 'vehicle_wheel_accessory').
00:05:34.628 : <WARNING> Ignoring obsolete attribute 'wear' of unit '.peterbilt_1.rdisc1' (of type 'vehicle_wheel_accessory').
00:05:34.628 : <WARNING> Ignoring obsolete attribute 'wear' of unit '.peterbilt_1.rhub1' (of type 'vehicle_wheel_accessory').
00:05:34.628 : <WARNING> Ignoring obsolete attribute 'wear' of unit '.peterbilt_1.rnuts1' (of type 'vehicle_wheel_accessory').
00:05:34.628 : <WARNING> Ignoring obsolete attribute 'wear' of unit '.peterbilt_1.rtire2' (of type 'vehicle_wheel_accessory').
00:05:34.628 : <WARNING> Ignoring obsolete attribute 'wear' of unit '.peterbilt_1.rdisc2' (of type 'vehicle_wheel_accessory').
00:05:34.628 : <WARNING> Ignoring obsolete attribute 'wear' of unit '.peterbilt_1.rhub2' (of type 'vehicle_wheel_accessory').
00:05:34.628 : <WARNING> Ignoring obsolete attribute 'wear' of unit '.peterbilt_1.rnuts2' (of type 'vehicle_wheel_accessory').
00:05:34.628 : <WARNING> Ignoring obsolete attribute 'wear' of unit '.peterbilt_1.paint' (of type 'vehicle_paint_job_accessory').
00:05:34.628 : <WARNING> Ignoring obsolete attribute 'wear' of unit '.peterbilt_1.bumper' (of type 'vehicle_addon_accessory').
00:05:34.628 : <WARNING> Ignoring obsolete attribute 'wear' of unit '.peterbilt_1.exhaust' (of type 'vehicle_addon_accessory').
00:05:34.628 : <WARNING> Ignoring obsolete attribute 'wear' of unit '.peterbilt_1.sunshld' (of type 'vehicle_addon_accessory').
00:05:34.629 : <WARNING> Ignoring obsolete attribute 'wear' of unit '.peterbilt_1.mirror' (of type 'vehicle_addon_accessory').
00:05:34.629 : <WARNING> Ignoring obsolete attribute 'wear' of unit '.peterbilt_1.tanks' (of type 'vehicle_addon_accessory').
00:05:34.629 : <WARNING> Ignoring obsolete attribute 'wear' of unit '.peterbilt_1.flights' (of type 'vehicle_addon_accessory').
00:05:34.629 : <WARNING> Ignoring obsolete attribute 'wear' of unit '.peterbilt_1.horns' (of type 'vehicle_addon_accessory').
00:05:34.629 : <WARNING> Ignoring obsolete attribute 'wear' of unit '.peterbilt_1.lights' (of type 'vehicle_addon_accessory').
00:05:34.629 : <WARNING> Ignoring obsolete attribute 'wear' of unit '.peterbilt_1.swheel' (of type 'vehicle_addon_accessory').
00:05:34.629 : <WARNING> Ignoring obsolete attribute 'wear' of unit '.peterbilt_1.rbump' (of type 'vehicle_addon_accessory').
00:05:34.629 : <WARNING> Ignoring obsolete attribute 'wear' of unit '.peterbilt_1.cables' (of type 'vehicle_addon_accessory').
00:05:34.629 : <WARNING> Ignoring obsolete attribute 'wear' of unit '.peterbilt_1.logo' (of type 'vehicle_addon_accessory').
00:05:34.629 : <WARNING> Ignoring obsolete attribute 'wear' of unit '.peterbilt_1.fend' (of type 'vehicle_addon_accessory').
00:05:34.629 : <WARNING> Ignoring obsolete attribute 'wear' of unit '.peterbilt_1.intdoor' (of type 'vehicle_addon_accessory').
00:05:34.629 : <WARNING> Ignoring obsolete attribute 'wear' of unit '.peterbilt_1.intdash' (of type 'vehicle_addon_accessory').
00:05:34.629 : <WARNING> Ignoring obsolete attribute 'wear' of unit '.peterbilt_1.intbed' (of type 'vehicle_addon_accessory').
00:05:34.629 : <WARNING> Ignoring obsolete attribute 'wear' of unit '.peterbilt_1.wind' (of type 'vehicle_addon_accessory').
00:05:34.629 : <WARNING> Ignoring obsolete attribute 'wear' of unit '.peterbilt_1.frtrim' (of type 'vehicle_addon_accessory').
00:05:34.703 : <WARNING> Ignoring obsolete attribute 'drop_size_minimum' of unit '.peterbilt389.r.pane.frontl' (of type 'glass_pane_data').
00:05:34.703 : <WARNING> Ignoring obsolete attribute 'drop_size_maximum' of unit '.peterbilt389.r.pane.frontl' (of type 'glass_pane_data').
00:05:34.703 : <WARNING> Ignoring obsolete attribute 'drop_size_minimum' of unit '.peterbilt389.r.pane.frontr' (of type 'glass_pane_data').
00:05:34.703 : <WARNING> Ignoring obsolete attribute 'drop_size_maximum' of unit '.peterbilt389.r.pane.frontr' (of type 'glass_pane_data').
00:05:34.703 : <WARNING> Ignoring obsolete attribute 'drop_size_minimum' of unit '.peterbilt389.r.pane.close' (of type 'glass_pane_data').
00:05:34.703 : <WARNING> Ignoring obsolete attribute 'drop_size_maximum' of unit '.peterbilt389.r.pane.close' (of type 'glass_pane_data').
00:05:34.703 : <WARNING> Ignoring obsolete attribute 'drop_size_minimum' of unit '.peterbilt389.r.pane.far' (of type 'glass_pane_data').
00:05:34.703 : <WARNING> Ignoring obsolete attribute 'drop_size_maximum' of unit '.peterbilt389.r.pane.far' (of type 'glass_pane_data').
00:05:34.703 : <WARNING> Ignoring obsolete attribute 'drop_size_minimum' of unit '.peterbilt389.r.pane.door' (of type 'glass_pane_data').
00:05:34.703 : <WARNING> Ignoring obsolete attribute 'drop_size_maximum' of unit '.peterbilt389.r.pane.door' (of type 'glass_pane_data').
00:05:34.705 : <WARNING> Ignoring obsolete attribute 'drop_size_minimum' of unit '.peterbilt389.r.pane.back_duty' (of type 'glass_pane_data').
00:05:34.705 : <WARNING> Ignoring obsolete attribute 'drop_size_maximum' of unit '.peterbilt389.r.pane.back_duty' (of type 'glass_pane_data').
00:05:34.707 : <WARNING> [interior_data] More items defined in dashboard_color array then allowed, first 8 will be used, rest will be ignored!
00:05:34.958 : <WARNING> Ignoring obsolete attribute 'drop_size_minimum' of unit '.peterbilt389.r.pane.frontl' (of type 'glass_pane_data').
00:05:34.958 : <WARNING> Ignoring obsolete attribute 'drop_size_maximum' of unit '.peterbilt389.r.pane.frontl' (of type 'glass_pane_data').
00:05:34.958 : <WARNING> Ignoring obsolete attribute 'drop_size_minimum' of unit '.peterbilt389.r.pane.frontr' (of type 'glass_pane_data').
00:05:34.958 : <WARNING> Ignoring obsolete attribute 'drop_size_maximum' of unit '.peterbilt389.r.pane.frontr' (of type 'glass_pane_data').
00:05:34.958 : <WARNING> Ignoring obsolete attribute 'drop_size_minimum' of unit '.peterbilt389.r.pane.close' (of type 'glass_pane_data').
00:05:34.958 : <WARNING> Ignoring obsolete attribute 'drop_size_maximum' of unit '.peterbilt389.r.pane.close' (of type 'glass_pane_data').
00:05:34.958 : <WARNING> Ignoring obsolete attribute 'drop_size_minimum' of unit '.peterbilt389.r.pane.far' (of type 'glass_pane_data').
00:05:34.958 : <WARNING> Ignoring obsolete attribute 'drop_size_maximum' of unit '.peterbilt389.r.pane.far' (of type 'glass_pane_data').
00:05:34.959 : <WARNING> Ignoring obsolete attribute 'drop_size_minimum' of unit '.peterbilt389.r.pane.door' (of type 'glass_pane_data').
00:05:34.959 : <WARNING> Ignoring obsolete attribute 'drop_size_maximum' of unit '.peterbilt389.r.pane.door' (of type 'glass_pane_data').
00:05:34.960 : <WARNING> Ignoring obsolete attribute 'drop_size_minimum' of unit '.peterbilt389.r.pane.back_mid' (of type 'glass_pane_data').
00:05:34.960 : <WARNING> Ignoring obsolete attribute 'drop_size_maximum' of unit '.peterbilt389.r.pane.back_mid' (of type 'glass_pane_data').
00:05:34.960 : <WARNING> [interior_data] More items defined in dashboard_color array then allowed, first 8 will be used, rest will be ignored!
00:05:35.150 : <WARNING> Ignoring obsolete attribute 'drop_size_minimum' of unit '.peterbilt389.r.pane.frontl' (of type 'glass_pane_data').
00:05:35.150 : <WARNING> Ignoring obsolete attribute 'drop_size_maximum' of unit '.peterbilt389.r.pane.frontl' (of type 'glass_pane_data').
00:05:35.150 : <WARNING> Ignoring obsolete attribute 'drop_size_minimum' of unit '.peterbilt389.r.pane.frontr' (of type 'glass_pane_data').
00:05:35.150 : <WARNING> Ignoring obsolete attribute 'drop_size_maximum' of unit '.peterbilt389.r.pane.frontr' (of type 'glass_pane_data').
00:05:35.150 : <WARNING> Ignoring obsolete attribute 'drop_size_minimum' of unit '.peterbilt389.r.pane.close' (of type 'glass_pane_data').
00:05:35.150 : <WARNING> Ignoring obsolete attribute 'drop_size_maximum' of unit '.peterbilt389.r.pane.close' (of type 'glass_pane_data').
00:05:35.150 : <WARNING> Ignoring obsolete attribute 'drop_size_minimum' of unit '.peterbilt389.r.pane.far' (of type 'glass_pane_data').
00:05:35.150 : <WARNING> Ignoring obsolete attribute 'drop_size_maximum' of unit '.peterbilt389.r.pane.far' (of type 'glass_pane_data').
00:05:35.150 : <WARNING> Ignoring obsolete attribute 'drop_size_minimum' of unit '.peterbilt389.r.pane.door' (of type 'glass_pane_data').
00:05:35.150 : <WARNING> Ignoring obsolete attribute 'drop_size_maximum' of unit '.peterbilt389.r.pane.door' (of type 'glass_pane_data').
00:05:35.150 : <WARNING> Ignoring obsolete attribute 'drop_size_minimum' of unit '.peterbilt389.r.pane.back_mid' (of type 'glass_pane_data').
00:05:35.150 : <WARNING> Ignoring obsolete attribute 'drop_size_maximum' of unit '.peterbilt389.r.pane.back_mid' (of type 'glass_pane_data').
00:05:35.151 : <WARNING> [interior_data] More items defined in dashboard_color array then allowed, first 8 will be used, rest will be ignored!
00:05:35.175 : <WARNING> Ignoring obsolete attribute 'wheel_anim' of unit 'single.peterbilt.352.interior' (of type 'accessory_interior_data').
00:05:35.179 : <WARNING> Ignoring obsolete attribute 'drop_size_minimum' of unit '.peterbilt352.r.pane.front' (of type 'glass_pane_data').
00:05:35.179 : <WARNING> Ignoring obsolete attribute 'drop_size_maximum' of unit '.peterbilt352.r.pane.front' (of type 'glass_pane_data').
00:05:35.179 : <WARNING> Ignoring obsolete attribute 'drop_size_minimum' of unit '.peterbilt352.r.pane.close' (of type 'glass_pane_data').
00:05:35.179 : <WARNING> Ignoring obsolete attribute 'drop_size_maximum' of unit '.peterbilt352.r.pane.close' (of type 'glass_pane_data').
00:05:35.180 : <WARNING> Ignoring obsolete attribute 'drop_size_minimum' of unit '.peterbilt352.r.pane.far' (of type 'glass_pane_data').
00:05:35.180 : <WARNING> Ignoring obsolete attribute 'drop_size_maximum' of unit '.peterbilt352.r.pane.far' (of type 'glass_pane_data').
00:05:35.247 : <WARNING> Ignoring obsolete attribute 'drop_size_minimum' of unit '.peterbilt389.r.pane.frontl' (of type 'glass_pane_data').
00:05:35.247 : <WARNING> Ignoring obsolete attribute 'drop_size_maximum' of unit '.peterbilt389.r.pane.frontl' (of type 'glass_pane_data').
00:05:35.247 : <WARNING> Ignoring obsolete attribute 'drop_size_minimum' of unit '.peterbilt389.r.pane.frontr' (of type 'glass_pane_data').
00:05:35.247 : <WARNING> Ignoring obsolete attribute 'drop_size_maximum' of unit '.peterbilt389.r.pane.frontr' (of type 'glass_pane_data').
00:05:35.247 : <WARNING> Ignoring obsolete attribute 'drop_size_minimum' of unit '.peterbilt389.r.pane.close' (of type 'glass_pane_data').
00:05:35.247 : <WARNING> Ignoring obsolete attribute 'drop_size_maximum' of unit '.peterbilt389.r.pane.close' (of type 'glass_pane_data').
00:05:35.247 : <WARNING> Ignoring obsolete attribute 'drop_size_minimum' of unit '.peterbilt389.r.pane.far' (of type 'glass_pane_data').
00:05:35.247 : <WARNING> Ignoring obsolete attribute 'drop_size_maximum' of unit '.peterbilt389.r.pane.far' (of type 'glass_pane_data').
00:05:35.247 : <WARNING> Ignoring obsolete attribute 'drop_size_minimum' of unit '.peterbilt389.r.pane.door' (of type 'glass_pane_data').
00:05:35.247 : <WARNING> Ignoring obsolete attribute 'drop_size_maximum' of unit '.peterbilt389.r.pane.door' (of type 'glass_pane_data').
00:05:35.248 : <WARNING> [interior_data] More items defined in dashboard_color array then allowed, first 8 will be used, rest will be ignored!
00:05:35.278 : <WARNING> Ignoring obsolete attribute 'wheel_anim' of unit 'singleh.peterbilt.352.interior' (of type 'accessory_interior_data').
00:05:35.278 : <WARNING> Ignoring obsolete attribute 'drop_size_minimum' of unit '.peterbilt352.r.pane.front' (of type 'glass_pane_data').
00:05:35.278 : <WARNING> Ignoring obsolete attribute 'drop_size_maximum' of unit '.peterbilt352.r.pane.front' (of type 'glass_pane_data').
00:05:35.278 : <WARNING> Ignoring obsolete attribute 'drop_size_minimum' of unit '.peterbilt352.r.pane.close' (of type 'glass_pane_data').
00:05:35.278 : <WARNING> Ignoring obsolete attribute 'drop_size_maximum' of unit '.peterbilt352.r.pane.close' (of type 'glass_pane_data').
00:05:35.278 : <WARNING> Ignoring obsolete attribute 'drop_size_minimum' of unit '.peterbilt352.r.pane.far' (of type 'glass_pane_data').
00:05:35.278 : <WARNING> Ignoring obsolete attribute 'drop_size_maximum' of unit '.peterbilt352.r.pane.far' (of type 'glass_pane_data').
00:05:35.304 : <WARNING> Ignoring obsolete attribute 'drop_size_minimum' of unit '.peterbilt389.r.pane.frontl' (of type 'glass_pane_data').
00:05:35.304 : <WARNING> Ignoring obsolete attribute 'drop_size_maximum' of unit '.peterbilt389.r.pane.frontl' (of type 'glass_pane_data').
00:05:35.304 : <WARNING> Ignoring obsolete attribute 'drop_size_minimum' of unit '.peterbilt389.r.pane.frontr' (of type 'glass_pane_data').
00:05:35.304 : <WARNING> Ignoring obsolete attribute 'drop_size_maximum' of unit '.peterbilt389.r.pane.frontr' (of type 'glass_pane_data').
00:05:35.304 : <WARNING> Ignoring obsolete attribute 'drop_size_minimum' of unit '.peterbilt389.r.pane.close' (of type 'glass_pane_data').
00:05:35.304 : <WARNING> Ignoring obsolete attribute 'drop_size_maximum' of unit '.peterbilt389.r.pane.close' (of type 'glass_pane_data').
00:05:35.304 : <WARNING> Ignoring obsolete attribute 'drop_size_minimum' of unit '.peterbilt389.r.pane.far' (of type 'glass_pane_data').
00:05:35.304 : <WARNING> Ignoring obsolete attribute 'drop_size_maximum' of unit '.peterbilt389.r.pane.far' (of type 'glass_pane_data').
00:05:35.304 : <WARNING> Ignoring obsolete attribute 'drop_size_minimum' of unit '.peterbilt389.r.pane.door' (of type 'glass_pane_data').
00:05:35.304 : <WARNING> Ignoring obsolete attribute 'drop_size_maximum' of unit '.peterbilt389.r.pane.door' (of type 'glass_pane_data').
00:05:35.304 : <WARNING> [interior_data] More items defined in dashboard_color array then allowed, first 8 will be used, rest will be ignored!
00:05:35.329 : <WARNING> Ignoring obsolete attribute 'drop_size_minimum' of unit '.peterbilt.3xx.pane.front1' (of type 'glass_pane_data').
00:05:35.329 : <WARNING> Ignoring obsolete attribute 'drop_size_maximum' of unit '.peterbilt.3xx.pane.front1' (of type 'glass_pane_data').
00:05:35.329 : <WARNING> Ignoring obsolete attribute 'drop_size_minimum' of unit '.peterbilt.3xx.pane.frontr' (of type 'glass_pane_data').
00:05:35.329 : <WARNING> Ignoring obsolete attribute 'drop_size_maximum' of unit '.peterbilt.3xx.pane.frontr' (of type 'glass_pane_data').
00:05:35.329 : <WARNING> Ignoring obsolete attribute 'drop_size_minimum' of unit '.peterbilt.3xx.pane.close' (of type 'glass_pane_data').
00:05:35.329 : <WARNING> Ignoring obsolete attribute 'drop_size_maximum' of unit '.peterbilt.3xx.pane.close' (of type 'glass_pane_data').
00:05:35.329 : <WARNING> Ignoring obsolete attribute 'drop_size_minimum' of unit '.peterbilt.3xx.pane.far' (of type 'glass_pane_data').
00:05:35.329 : <WARNING> Ignoring obsolete attribute 'drop_size_maximum' of unit '.peterbilt.3xx.pane.far' (of type 'glass_pane_data').
00:05:35.412 : <WARNING> Ignoring obsolete attribute 'drop_size_minimum' of unit '.pete579jr.r.pane.front' (of type 'glass_pane_data').
00:05:35.412 : <WARNING> Ignoring obsolete attribute 'drop_size_maximum' of unit '.pete579jr.r.pane.front' (of type 'glass_pane_data').
00:05:35.412 : <WARNING> Ignoring obsolete attribute 'drop_size_minimum' of unit '.pete579jr.r.pane.close' (of type 'glass_pane_data').
00:05:35.412 : <WARNING> Ignoring obsolete attribute 'drop_size_maximum' of unit '.pete579jr.r.pane.close' (of type 'glass_pane_data').
00:05:35.412 : <WARNING> Ignoring obsolete attribute 'drop_size_minimum' of unit '.pete579jr.r.pane.far' (of type 'glass_pane_data').
00:05:35.412 : <WARNING> Ignoring obsolete attribute 'drop_size_maximum' of unit '.pete579jr.r.pane.far' (of type 'glass_pane_data').
00:05:35.413 : <WARNING> Ignoring obsolete attribute 'drop_size_minimum' of unit '.pete579jr.r.pane.l_glass' (of type 'glass_pane_data').
00:05:35.414 : <WARNING> Ignoring obsolete attribute 'drop_size_maximum' of unit '.pete579jr.r.pane.l_glass' (of type 'glass_pane_data').
00:05:35.414 : <WARNING> Ignoring obsolete attribute 'drop_size_minimum' of unit '.pete579jr.r.pane.r_glass' (of type 'glass_pane_data').
00:05:35.414 : <WARNING> Ignoring obsolete attribute 'drop_size_maximum' of unit '.pete579jr.r.pane.r_glass' (of type 'glass_pane_data').
00:05:35.414 : <WARNING> Ignoring obsolete attribute 'drop_size_minimum' of unit '.pete579jr.r.pane.lu_glass' (of type 'glass_pane_data').
00:05:35.414 : <WARNING> Ignoring obsolete attribute 'drop_size_maximum' of unit '.pete579jr.r.pane.lu_glass' (of type 'glass_pane_data').
00:05:35.414 : <WARNING> Ignoring obsolete attribute 'drop_size_minimum' of unit '.pete579jr.r.pane.ru_glass' (of type 'glass_pane_data').
00:05:35.414 : <WARNING> Ignoring obsolete attribute 'drop_size_maximum' of unit '.pete579jr.r.pane.ru_glass' (of type 'glass_pane_data').
00:05:35.575 : <WARNING> Ignoring obsolete attribute 'wheel_anim' of unit 'sal3.pet379.interior' (of type 'accessory_interior_data').
00:05:35.575 : <WARNING> Ignoring obsolete attribute 'wheel_anim_max' of unit 'sal3.pet379.interior' (of type 'accessory_interior_data').
00:05:35.582 : <WARNING> Ignoring obsolete attribute 'drop_size_minimum' of unit '.pet379.r.pane.frontl' (of type 'glass_pane_data').
00:05:35.582 : <WARNING> Ignoring obsolete attribute 'drop_size_maximum' of unit '.pet379.r.pane.frontl' (of type 'glass_pane_data').
00:05:35.582 : <WARNING> Ignoring obsolete attribute 'drop_size_minimum' of unit '.pet379.r.pane.frontr' (of type 'glass_pane_data').
00:05:35.582 : <WARNING> Ignoring obsolete attribute 'drop_size_maximum' of unit '.pet379.r.pane.frontr' (of type 'glass_pane_data').
00:05:35.582 : <WARNING> Ignoring obsolete attribute 'drop_size_minimum' of unit '.pet379.r.pane.close' (of type 'glass_pane_data').
00:05:35.582 : <WARNING> Ignoring obsolete attribute 'drop_size_maximum' of unit '.pet379.r.pane.close' (of type 'glass_pane_data').
00:05:35.582 : <WARNING> Ignoring obsolete attribute 'drop_size_minimum' of unit '.pet379.r.pane.far' (of type 'glass_pane_data').
00:05:35.582 : <WARNING> Ignoring obsolete attribute 'drop_size_maximum' of unit '.pet379.r.pane.far' (of type 'glass_pane_data').
00:05:35.582 : <WARNING> Ignoring obsolete attribute 'drop_size_minimum' of unit '.pet379.r.pane.door' (of type 'glass_pane_data').
00:05:35.582 : <WARNING> Ignoring obsolete attribute 'drop_size_maximum' of unit '.pet379.r.pane.door' (of type 'glass_pane_data').
00:05:35.582 : <WARNING> [interior_data] More items defined in dashboard_color array then allowed, first 8 will be used, rest will be ignored!
00:05:35.651 : <WARNING> Ignoring obsolete attribute 'drop_size_minimum' of unit '.pete579jr.r.pane.front' (of type 'glass_pane_data').
00:05:35.651 : <WARNING> Ignoring obsolete attribute 'drop_size_maximum' of unit '.pete579jr.r.pane.front' (of type 'glass_pane_data').
00:05:35.651 : <WARNING> Ignoring obsolete attribute 'drop_size_minimum' of unit '.pete579jr.r.pane.close' (of type 'glass_pane_data').
00:05:35.651 : <WARNING> Ignoring obsolete attribute 'drop_size_maximum' of unit '.pete579jr.r.pane.close' (of type 'glass_pane_data').
00:05:35.651 : <WARNING> Ignoring obsolete attribute 'drop_size_minimum' of unit '.pete579jr.r.pane.far' (of type 'glass_pane_data').
00:05:35.651 : <WARNING> Ignoring obsolete attribute 'drop_size_maximum' of unit '.pete579jr.r.pane.far' (of type 'glass_pane_data').
00:05:35.652 : <WARNING> Ignoring obsolete attribute 'drop_size_minimum' of unit '.pete579jr.r.pane.l_glass' (of type 'glass_pane_data').
00:05:35.652 : <WARNING> Ignoring obsolete attribute 'drop_size_maximum' of unit '.pete579jr.r.pane.l_glass' (of type 'glass_pane_data').
00:05:35.652 : <WARNING> Ignoring obsolete attribute 'drop_size_minimum' of unit '.pete579jr.r.pane.r_glass' (of type 'glass_pane_data').
00:05:35.652 : <WARNING> Ignoring obsolete attribute 'drop_size_maximum' of unit '.pete579jr.r.pane.r_glass' (of type 'glass_pane_data').
00:05:36.200 : <WARNING> Ignoring obsolete attribute 'drop_size_minimum' of unit '.pete579jr.r.pane.front' (of type 'glass_pane_data').
00:05:36.200 : <WARNING> Ignoring obsolete attribute 'drop_size_maximum' of unit '.pete579jr.r.pane.front' (of type 'glass_pane_data').
00:05:36.200 : <WARNING> Ignoring obsolete attribute 'drop_size_minimum' of unit '.pete579jr.r.pane.close' (of type 'glass_pane_data').
00:05:36.200 : <WARNING> Ignoring obsolete attribute 'drop_size_maximum' of unit '.pete579jr.r.pane.close' (of type 'glass_pane_data').
00:05:36.200 : <WARNING> Ignoring obsolete attribute 'drop_size_minimum' of unit '.pete579jr.r.pane.far' (of type 'glass_pane_data').
00:05:36.200 : <WARNING> Ignoring obsolete attribute 'drop_size_maximum' of unit '.pete579jr.r.pane.far' (of type 'glass_pane_data').
00:05:37.120 : <WARNING> Ignoring obsolete attribute 'wear' of unit '.kenw_0.data' (of type 'vehicle_accessory').
00:05:37.120 : <WARNING> Ignoring obsolete attribute 'wear' of unit '.kenw_0.cabin' (of type 'vehicle_accessory').
00:05:37.120 : <WARNING> Ignoring obsolete attribute 'wear' of unit '.kenw_0.paint' (of type 'vehicle_paint_job_accessory').
00:05:37.120 : <WARNING> Ignoring obsolete attribute 'wear' of unit '.kenw_0.mirror' (of type 'vehicle_addon_accessory').
00:05:37.120 : <WARNING> Ignoring obsolete attribute 'wear' of unit '.kenw_0.grille' (of type 'vehicle_addon_accessory').
00:05:37.120 : <WARNING> Ignoring obsolete attribute 'wear' of unit '.kenw_0.headl' (of type 'vehicle_accessory').
00:05:37.120 : <WARNING> Ignoring obsolete attribute 'wear' of unit '.kenw_0.interior' (of type 'vehicle_accessory').
00:05:37.120 : <WARNING> Ignoring obsolete attribute 'wear' of unit '.kenw_0.wood' (of type 'vehicle_addon_accessory').
00:05:37.120 : <WARNING> Ignoring obsolete attribute 'wear' of unit '.kenw_0.swheel' (of type 'vehicle_addon_accessory').
00:05:37.120 : <WARNING> Ignoring obsolete attribute 'wear' of unit '.kenw_0.gps' (of type 'vehicle_addon_accessory').
00:05:37.120 : <WARNING> Ignoring obsolete attribute 'wear' of unit '.kenw_0.ladder' (of type 'vehicle_addon_accessory').
00:05:37.120 : <WARNING> Ignoring obsolete attribute 'wear' of unit '.kenw_0.visor' (of type 'vehicle_addon_accessory').
00:05:37.120 : <WARNING> Ignoring obsolete attribute 'wear' of unit '.kenw_0.rooflamp' (of type 'vehicle_addon_accessory').
00:05:37.120 : <WARNING> Ignoring obsolete attribute 'wear' of unit '.kenw_0.horn' (of type 'vehicle_addon_accessory').
00:05:37.120 : <WARNING> Ignoring obsolete attribute 'wear' of unit '.kenw_0.chassis' (of type 'vehicle_accessory').
00:05:37.120 : <WARNING> Ignoring obsolete attribute 'wear' of unit '.kenw_0.cables' (of type 'vehicle_addon_accessory').
00:05:37.120 : <WARNING> Ignoring obsolete attribute 'wear' of unit '.kenw_0.mmudflap' (of type 'vehicle_addon_accessory').
00:05:37.120 : <WARNING> Ignoring obsolete attribute 'wear' of unit '.kenw_0.extrack' (of type 'vehicle_addon_accessory').
00:05:37.120 : <WARNING> Ignoring obsolete attribute 'wear' of unit '.kenw_0.shield' (of type 'vehicle_addon_accessory').
00:05:37.120 : <WARNING> Ignoring obsolete attribute 'wear' of unit '.kenw_0.extip' (of type 'vehicle_addon_accessory').
00:05:37.120 : <WARNING> Ignoring obsolete attribute 'wear' of unit '.kenw_0.intake' (of type 'vehicle_addon_accessory').
00:05:37.120 : <WARNING> Ignoring obsolete attribute 'wear' of unit '.kenw_0.inlet' (of type 'vehicle_addon_accessory').
00:05:37.120 : <WARNING> Ignoring obsolete attribute 'wear' of unit '.kenw_0.bumper' (of type 'vehicle_addon_accessory').
00:05:37.120 : <WARNING> Ignoring obsolete attribute 'wear' of unit '.kenw_0.rbumper' (of type 'vehicle_addon_accessory').
00:05:37.120 : <WARNING> Ignoring obsolete attribute 'wear' of unit '.kenw_0.mudflap' (of type 'vehicle_addon_accessory').
00:05:37.120 : <WARNING> Ignoring obsolete attribute 'wear' of unit '.kenw_0.fender' (of type 'vehicle_addon_accessory').
00:05:37.120 : <WARNING> Ignoring obsolete attribute 'wear' of unit '.kenw_0.fmudflap' (of type 'vehicle_addon_accessory').
00:05:37.120 : <WARNING> Ignoring obsolete attribute 'wear' of unit '.kenw_0.skirts' (of type 'vehicle_addon_accessory').
00:05:37.120 : <WARNING> Ignoring obsolete attribute 'wear' of unit '.kenw_0.engine' (of type 'vehicle_accessory').
00:05:37.120 : <WARNING> Ignoring obsolete attribute 'wear' of unit '.kenw_0.transm' (of type 'vehicle_accessory').
00:05:37.120 : <WARNING> Ignoring obsolete attribute 'wear' of unit '.kenw_0.ftire' (of type 'vehicle_wheel_accessory').
00:05:37.120 : <WARNING> Ignoring obsolete attribute 'wear' of unit '.kenw_0.fdisc' (of type 'vehicle_wheel_accessory').
00:05:37.120 : <WARNING> Ignoring obsolete attribute 'wear' of unit '.kenw_0.fhub' (of type 'vehicle_wheel_accessory').
00:05:37.120 : <WARNING> Ignoring obsolete attribute 'wear' of unit '.kenw_0.fnuts' (of type 'vehicle_wheel_accessory').
00:05:37.120 : <WARNING> Ignoring obsolete attribute 'wear' of unit '.kenw_0.rtire1' (of type 'vehicle_wheel_accessory').
00:05:37.120 : <WARNING> Ignoring obsolete attribute 'wear' of unit '.kenw_0.rdisc1' (of type 'vehicle_wheel_accessory').
00:05:37.120 : <WARNING> Ignoring obsolete attribute 'wear' of unit '.kenw_0.rhub1' (of type 'vehicle_wheel_accessory').
00:05:37.120 : <WARNING> Ignoring obsolete attribute 'wear' of unit '.kenw_0.rnuts1' (of type 'vehicle_wheel_accessory').
00:05:37.120 : <WARNING> Ignoring obsolete attribute 'wear' of unit '.kenw_0.rtire2' (of type 'vehicle_wheel_accessory').
00:05:37.120 : <WARNING> Ignoring obsolete attribute 'wear' of unit '.kenw_0.rdisc2' (of type 'vehicle_wheel_accessory').
00:05:37.120 : <WARNING> Ignoring obsolete attribute 'wear' of unit '.kenw_0.rhub2' (of type 'vehicle_wheel_accessory').
00:05:37.120 : <WARNING> Ignoring obsolete attribute 'wear' of unit '.kenw_0.rnuts2' (of type 'vehicle_wheel_accessory').
00:05:37.123 : <WARNING> Ignoring obsolete attribute 'wear' of unit '.kenw_1.data' (of type 'vehicle_accessory').
00:05:37.123 : <WARNING> Ignoring obsolete attribute 'wear' of unit '.kenw_1.cabin' (of type 'vehicle_accessory').
00:05:37.123 : <WARNING> Ignoring obsolete attribute 'wear' of unit '.kenw_1.paint' (of type 'vehicle_paint_job_accessory').
00:05:37.123 : <WARNING> Ignoring obsolete attribute 'wear' of unit '.kenw_1.mirror' (of type 'vehicle_addon_accessory').
00:05:37.123 : <WARNING> Ignoring obsolete attribute 'wear' of unit '.kenw_1.w_trim' (of type 'vehicle_addon_accessory').
00:05:37.123 : <WARNING> Ignoring obsolete attribute 'wear' of unit '.kenw_1.grille' (of type 'vehicle_addon_accessory').
00:05:37.123 : <WARNING> Ignoring obsolete attribute 'wear' of unit '.kenw_1.headl' (of type 'vehicle_accessory').
00:05:37.123 : <WARNING> Ignoring obsolete attribute 'wear' of unit '.kenw_1.interior' (of type 'vehicle_accessory').
00:05:37.123 : <WARNING> Ignoring obsolete attribute 'wear' of unit '.kenw_1.wood' (of type 'vehicle_addon_accessory').
00:05:37.123 : <WARNING> Ignoring obsolete attribute 'wear' of unit '.kenw_1.wcover' (of type 'vehicle_addon_accessory').
00:05:37.123 : <WARNING> Ignoring obsolete attribute 'wear' of unit '.kenw_1.swheel' (of type 'vehicle_addon_accessory').
00:05:37.123 : <WARNING> Ignoring obsolete attribute 'wear' of unit '.kenw_1.gps' (of type 'vehicle_addon_accessory').
00:05:37.123 : <WARNING> Ignoring obsolete attribute 'wear' of unit '.kenw_1.ladder' (of type 'vehicle_addon_accessory').
00:05:37.123 : <WARNING> Ignoring obsolete attribute 'wear' of unit '.kenw_1.aero' (of type 'vehicle_addon_accessory').
00:05:37.123 : <WARNING> Ignoring obsolete attribute 'wear' of unit '.kenw_1.rubber' (of type 'vehicle_addon_accessory').
00:05:37.123 : <WARNING> Ignoring obsolete attribute 'wear' of unit '.kenw_1.visor' (of type 'vehicle_addon_accessory').
00:05:37.123 : <WARNING> Ignoring obsolete attribute 'wear' of unit '.kenw_1.rooflamp' (of type 'vehicle_addon_accessory').
00:05:37.123 : <WARNING> Ignoring obsolete attribute 'wear' of unit '.kenw_1.horn' (of type 'vehicle_addon_accessory').
00:05:37.123 : <WARNING> Ignoring obsolete attribute 'wear' of unit '.kenw_1.chassis' (of type 'vehicle_accessory').
00:05:37.123 : <WARNING> Ignoring obsolete attribute 'wear' of unit '.kenw_1.cables' (of type 'vehicle_addon_accessory').
00:05:37.123 : <WARNING> Ignoring obsolete attribute 'wear' of unit '.kenw_1.mmudflap' (of type 'vehicle_addon_accessory').
00:05:37.123 : <WARNING> Ignoring obsolete attribute 'wear' of unit '.kenw_1.extrack' (of type 'vehicle_addon_accessory').
00:05:37.124 : <WARNING> Ignoring obsolete attribute 'wear' of unit '.kenw_1.shield' (of type 'vehicle_addon_accessory').
00:05:37.124 : <WARNING> Ignoring obsolete attribute 'wear' of unit '.kenw_1.extip' (of type 'vehicle_addon_accessory').
00:05:37.124 : <WARNING> Ignoring obsolete attribute 'wear' of unit '.kenw_1.intake' (of type 'vehicle_addon_accessory').
00:05:37.124 : <WARNING> Ignoring obsolete attribute 'wear' of unit '.kenw_1.inlet' (of type 'vehicle_addon_accessory').
00:05:37.124 : <WARNING> Ignoring obsolete attribute 'wear' of unit '.kenw_1.bumper' (of type 'vehicle_addon_accessory').
00:05:37.124 : <WARNING> Ignoring obsolete attribute 'wear' of unit '.kenw_1.rbumper' (of type 'vehicle_addon_accessory').
00:05:37.124 : <WARNING> Ignoring obsolete attribute 'wear' of unit '.kenw_1.mudflap' (of type 'vehicle_addon_accessory').
00:05:37.124 : <WARNING> Ignoring obsolete attribute 'wear' of unit '.kenw_1.fender' (of type 'vehicle_addon_accessory').
00:05:37.124 : <WARNING> Ignoring obsolete attribute 'wear' of unit '.kenw_1.skirts' (of type 'vehicle_addon_accessory').
00:05:37.124 : <WARNING> Ignoring obsolete attribute 'wear' of unit '.kenw_1.engine' (of type 'vehicle_accessory').
00:05:37.124 : <WARNING> Ignoring obsolete attribute 'wear' of unit '.kenw_1.transm' (of type 'vehicle_accessory').
00:05:37.124 : <WARNING> Ignoring obsolete attribute 'wear' of unit '.kenw_1.ftire' (of type 'vehicle_wheel_accessory').
00:05:37.124 : <WARNING> Ignoring obsolete attribute 'wear' of unit '.kenw_1.fdisc' (of type 'vehicle_wheel_accessory').
00:05:37.124 : <WARNING> Ignoring obsolete attribute 'wear' of unit '.kenw_1.fhub' (of type 'vehicle_wheel_accessory').
00:05:37.124 : <WARNING> Ignoring obsolete attribute 'wear' of unit '.kenw_1.fnuts' (of type 'vehicle_wheel_accessory').
00:05:37.124 : <WARNING> Ignoring obsolete attribute 'wear' of unit '.kenw_1.rtire1' (of type 'vehicle_wheel_accessory').
00:05:37.124 : <WARNING> Ignoring obsolete attribute 'wear' of unit '.kenw_1.rdisc1' (of type 'vehicle_wheel_accessory').
00:05:37.124 : <WARNING> Ignoring obsolete attribute 'wear' of unit '.kenw_1.rhub1' (of type 'vehicle_wheel_accessory').
00:05:37.124 : <WARNING> Ignoring obsolete attribute 'wear' of unit '.kenw_1.rnuts1' (of type 'vehicle_wheel_accessory').
00:05:37.126 : <WARNING> Ignoring obsolete attribute 'wear' of unit '.kenw_2.data' (of type 'vehicle_accessory').
00:05:37.126 : <WARNING> Ignoring obsolete attribute 'wear' of unit '.kenw_2.cabin' (of type 'vehicle_accessory').
00:05:37.126 : <WARNING> Ignoring obsolete attribute 'wear' of unit '.kenw_2.paint' (of type 'vehicle_paint_job_accessory').
00:05:37.126 : <WARNING> Ignoring obsolete attribute 'wear' of unit '.kenw_2.wtrim' (of type 'vehicle_addon_accessory').
00:05:37.127 : <WARNING> Ignoring obsolete attribute 'wear' of unit '.kenw_2.aero' (of type 'vehicle_addon_accessory').
00:05:37.127 : <WARNING> Ignoring obsolete attribute 'wear' of unit '.kenw_2.pos' (of type 'vehicle_addon_accessory').
00:05:37.127 : <WARNING> Ignoring obsolete attribute 'wear' of unit '.kenw_2.flares' (of type 'vehicle_addon_accessory').
00:05:37.127 : <WARNING> Ignoring obsolete attribute 'wear' of unit '.kenw_2.mirror' (of type 'vehicle_addon_accessory').
00:05:37.127 : <WARNING> Ignoring obsolete attribute 'wear' of unit '.kenw_2.grille' (of type 'vehicle_addon_accessory').
00:05:37.127 : <WARNING> Ignoring obsolete attribute 'wear' of unit '.kenw_2.headl' (of type 'vehicle_accessory').
00:05:37.127 : <WARNING> Ignoring obsolete attribute 'wear' of unit '.kenw_2.interior' (of type 'vehicle_accessory').
00:05:37.127 : <WARNING> Ignoring obsolete attribute 'wear' of unit '.kenw_2.wood' (of type 'vehicle_addon_accessory').
00:05:37.127 : <WARNING> Ignoring obsolete attribute 'wear' of unit '.kenw_2.swheel' (of type 'vehicle_addon_accessory').
00:05:37.127 : <WARNING> Ignoring obsolete attribute 'wear' of unit '.kenw_2.gps' (of type 'vehicle_addon_accessory').
00:05:37.127 : <WARNING> Ignoring obsolete attribute 'wear' of unit '.kenw_2.ladder' (of type 'vehicle_addon_accessory').
00:05:37.127 : <WARNING> Ignoring obsolete attribute 'wear' of unit '.kenw_2.visor' (of type 'vehicle_addon_accessory').
00:05:37.127 : <WARNING> Ignoring obsolete attribute 'wear' of unit '.kenw_2.rooflamp' (of type 'vehicle_addon_accessory').
00:05:37.127 : <WARNING> Ignoring obsolete attribute 'wear' of unit '.kenw_2.horn' (of type 'vehicle_addon_accessory').
00:05:37.127 : <WARNING> Ignoring obsolete attribute 'wear' of unit '.kenw_2.chassis' (of type 'vehicle_accessory').
00:05:37.127 : <WARNING> Ignoring obsolete attribute 'wear' of unit '.kenw_2.cables' (of type 'vehicle_addon_accessory').
00:05:37.127 : <WARNING> Ignoring obsolete attribute 'wear' of unit '.kenw_2.mmudflap' (of type 'vehicle_addon_accessory').
00:05:37.127 : <WARNING> Ignoring obsolete attribute 'wear' of unit '.kenw_2.extrack' (of type 'vehicle_addon_accessory').
00:05:37.127 : <WARNING> Ignoring obsolete attribute 'wear' of unit '.kenw_2.shield' (of type 'vehicle_addon_accessory').
00:05:37.127 : <WARNING> Ignoring obsolete attribute 'wear' of unit '.kenw_2.extip' (of type 'vehicle_addon_accessory').
00:05:37.127 : <WARNING> Ignoring obsolete attribute 'wear' of unit '.kenw_2.intake' (of type 'vehicle_addon_accessory').
00:05:37.127 : <WARNING> Ignoring obsolete attribute 'wear' of unit '.kenw_2.inlet' (of type 'vehicle_addon_accessory').
00:05:37.127 : <WARNING> Ignoring obsolete attribute 'wear' of unit '.kenw_2.bumper' (of type 'vehicle_addon_accessory').
00:05:37.127 : <WARNING> Ignoring obsolete attribute 'wear' of unit '.kenw_2.rbumper' (of type 'vehicle_addon_accessory').
00:05:37.127 : <WARNING> Ignoring obsolete attribute 'wear' of unit '.kenw_2.mudflap' (of type 'vehicle_addon_accessory').
00:05:37.127 : <WARNING> Ignoring obsolete attribute 'wear' of unit '.kenw_2.fender' (of type 'vehicle_addon_accessory').
00:05:37.127 : <WARNING> Ignoring obsolete attribute 'wear' of unit '.kenw_2.skirts' (of type 'vehicle_addon_accessory').
00:05:37.127 : <WARNING> Ignoring obsolete attribute 'wear' of unit '.kenw_2.engine' (of type 'vehicle_accessory').
00:05:37.127 : <WARNING> Ignoring obsolete attribute 'wear' of unit '.kenw_2.transm' (of type 'vehicle_accessory').
00:05:37.127 : <WARNING> Ignoring obsolete attribute 'wear' of unit '.kenw_2.ftire' (of type 'vehicle_wheel_accessory').
00:05:37.127 : <WARNING> Ignoring obsolete attribute 'wear' of unit '.kenw_2.fdisc' (of type 'vehicle_wheel_accessory').
00:05:37.127 : <WARNING> Ignoring obsolete attribute 'wear' of unit '.kenw_2.fhub' (of type 'vehicle_wheel_accessory').
00:05:37.127 : <WARNING> Ignoring obsolete attribute 'wear' of unit '.kenw_2.fcover' (of type 'vehicle_wheel_accessory').
00:05:37.127 : <WARNING> Ignoring obsolete attribute 'wear' of unit '.kenw_2.fnuts' (of type 'vehicle_wheel_accessory').
00:05:37.127 : <WARNING> Ignoring obsolete attribute 'wear' of unit '.kenw_2.rtire1' (of type 'vehicle_wheel_accessory').
00:05:37.127 : <WARNING> Ignoring obsolete attribute 'wear' of unit '.kenw_2.rdisc1' (of type 'vehicle_wheel_accessory').
00:05:37.127 : <WARNING> Ignoring obsolete attribute 'wear' of unit '.kenw_2.rhub1' (of type 'vehicle_wheel_accessory').
00:05:37.127 : <WARNING> Ignoring obsolete attribute 'wear' of unit '.kenw_2.rcover1' (of type 'vehicle_wheel_accessory').
00:05:37.127 : <WARNING> Ignoring obsolete attribute 'wear' of unit '.kenw_2.rnuts1' (of type 'vehicle_wheel_accessory').
00:05:37.127 : <WARNING> Ignoring obsolete attribute 'wear' of unit '.kenw_2.rtire2' (of type 'vehicle_wheel_accessory').
00:05:37.127 : <WARNING> Ignoring obsolete attribute 'wear' of unit '.kenw_2.rdisc2' (of type 'vehicle_wheel_accessory').
00:05:37.127 : <WARNING> Ignoring obsolete attribute 'wear' of unit '.kenw_2.rhub2' (of type 'vehicle_wheel_accessory').
00:05:37.127 : <WARNING> Ignoring obsolete attribute 'wear' of unit '.kenw_2.rcover2' (of type 'vehicle_wheel_accessory').
00:05:37.128 : <WARNING> Ignoring obsolete attribute 'wear' of unit '.kenw_2.rnuts2' (of type 'vehicle_wheel_accessory').
00:05:37.130 : <WARNING> Ignoring obsolete attribute 'wear' of unit '.kenw_3.data' (of type 'vehicle_accessory').
00:05:37.130 : <WARNING> Ignoring obsolete attribute 'wear' of unit '.kenw_3.cabin' (of type 'vehicle_accessory').
00:05:37.130 : <WARNING> Ignoring obsolete attribute 'wear' of unit '.kenw_3.paint' (of type 'vehicle_paint_job_accessory').
00:05:37.130 : <WARNING> Ignoring obsolete attribute 'wear' of unit '.kenw_3.wtrim' (of type 'vehicle_addon_accessory').
00:05:37.130 : <WARNING> Ignoring obsolete attribute 'wear' of unit '.kenw_3.mirror' (of type 'vehicle_addon_accessory').
00:05:37.130 : <WARNING> Ignoring obsolete attribute 'wear' of unit '.kenw_3.mirror1' (of type 'vehicle_addon_accessory').
00:05:37.130 : <WARNING> Ignoring obsolete attribute 'wear' of unit '.kenw_3.mirror2' (of type 'vehicle_addon_accessory').
00:05:37.130 : <WARNING> Ignoring obsolete attribute 'wear' of unit '.kenw_3.grille' (of type 'vehicle_addon_accessory').
00:05:37.130 : <WARNING> Ignoring obsolete attribute 'wear' of unit '.kenw_3.headl' (of type 'vehicle_accessory').
00:05:37.130 : <WARNING> Ignoring obsolete attribute 'wear' of unit '.kenw_3.interior' (of type 'vehicle_accessory').
00:05:37.130 : <WARNING> Ignoring obsolete attribute 'wear' of unit '.kenw_3.wood' (of type 'vehicle_addon_accessory').
00:05:37.130 : <WARNING> Ignoring obsolete attribute 'wear' of unit '.kenw_3.cover' (of type 'vehicle_addon_accessory').
00:05:37.130 : <WARNING> Ignoring obsolete attribute 'wear' of unit '.kenw_3.swheel' (of type 'vehicle_addon_accessory').
00:05:37.130 : <WARNING> Ignoring obsolete attribute 'wear' of unit '.kenw_3.gps' (of type 'vehicle_addon_accessory').
00:05:37.130 : <WARNING> Ignoring obsolete attribute 'wear' of unit '.kenw_3.ladder' (of type 'vehicle_addon_accessory').
00:05:37.130 : <WARNING> Ignoring obsolete attribute 'wear' of unit '.kenw_3.visor' (of type 'vehicle_addon_accessory').
00:05:37.130 : <WARNING> Ignoring obsolete attribute 'wear' of unit '.kenw_3.rooflamp' (of type 'vehicle_addon_accessory').
00:05:37.130 : <WARNING> Ignoring obsolete attribute 'wear' of unit '.kenw_3.toplamp' (of type 'vehicle_addon_accessory').
00:05:37.130 : <WARNING> Ignoring obsolete attribute 'wear' of unit '.kenw_3.flares' (of type 'vehicle_addon_accessory').
00:05:37.130 : <WARNING> Ignoring obsolete attribute 'wear' of unit '.kenw_3.horn' (of type 'vehicle_addon_accessory').
00:05:37.130 : <WARNING> Ignoring obsolete attribute 'wear' of unit '.kenw_3.chassis' (of type 'vehicle_accessory').
00:05:37.130 : <WARNING> Ignoring obsolete attribute 'wear' of unit '.kenw_3.cables' (of type 'vehicle_addon_accessory').
00:05:37.130 : <WARNING> Ignoring obsolete attribute 'wear' of unit '.kenw_3.mmudflap' (of type 'vehicle_addon_accessory').
00:05:37.131 : <WARNING> Ignoring obsolete attribute 'wear' of unit '.kenw_3.extrack' (of type 'vehicle_addon_accessory').
00:05:37.131 : <WARNING> Ignoring obsolete attribute 'wear' of unit '.kenw_3.shield' (of type 'vehicle_addon_accessory').
00:05:37.131 : <WARNING> Ignoring obsolete attribute 'wear' of unit '.kenw_3.extip' (of type 'vehicle_addon_accessory').
00:05:37.131 : <WARNING> Ignoring obsolete attribute 'wear' of unit '.kenw_3.intake' (of type 'vehicle_addon_accessory').
00:05:37.131 : <WARNING> Ignoring obsolete attribute 'wear' of unit '.kenw_3.inlet' (of type 'vehicle_addon_accessory').
00:05:37.131 : <WARNING> Ignoring obsolete attribute 'wear' of unit '.kenw_3.bumper' (of type 'vehicle_addon_accessory').
00:05:37.131 : <WARNING> Ignoring obsolete attribute 'wear' of unit '.kenw_3.bmudflap' (of type 'vehicle_addon_accessory').
00:05:37.131 : <WARNING> Ignoring obsolete attribute 'wear' of unit '.kenw_3.rbumper' (of type 'vehicle_addon_accessory').
00:05:37.131 : <WARNING> Ignoring obsolete attribute 'wear' of unit '.kenw_3.mudflap' (of type 'vehicle_addon_accessory').
00:05:37.131 : <WARNING> Ignoring obsolete attribute 'wear' of unit '.kenw_3.fender' (of type 'vehicle_addon_accessory').
00:05:37.131 : <WARNING> Ignoring obsolete attribute 'wear' of unit '.kenw_3.skirts' (of type 'vehicle_addon_accessory').
00:05:37.131 : <WARNING> Ignoring obsolete attribute 'wear' of unit '.kenw_3.engine' (of type 'vehicle_accessory').
00:05:37.131 : <WARNING> Ignoring obsolete attribute 'wear' of unit '.kenw_3.transm' (of type 'vehicle_accessory').
00:05:37.131 : <WARNING> Ignoring obsolete attribute 'wear' of unit '.kenw_3.ftire' (of type 'vehicle_wheel_accessory').
00:05:37.131 : <WARNING> Ignoring obsolete attribute 'wear' of unit '.kenw_3.fdisc' (of type 'vehicle_wheel_accessory').
00:05:37.131 : <WARNING> Ignoring obsolete attribute 'wear' of unit '.kenw_3.fhub' (of type 'vehicle_wheel_accessory').
00:05:37.131 : <WARNING> Ignoring obsolete attribute 'wear' of unit '.kenw_3.fcover' (of type 'vehicle_wheel_accessory').
00:05:37.131 : <WARNING> Ignoring obsolete attribute 'wear' of unit '.kenw_3.fnuts' (of type 'vehicle_wheel_accessory').
00:05:37.131 : <WARNING> Ignoring obsolete attribute 'wear' of unit '.kenw_3.rtire1' (of type 'vehicle_wheel_accessory').
00:05:37.131 : <WARNING> Ignoring obsolete attribute 'wear' of unit '.kenw_3.rdisc1' (of type 'vehicle_wheel_accessory').
00:05:37.131 : <WARNING> Ignoring obsolete attribute 'wear' of unit '.kenw_3.rhub1' (of type 'vehicle_wheel_accessory').
00:05:37.131 : <WARNING> Ignoring obsolete attribute 'wear' of unit '.kenw_3.rcover1' (of type 'vehicle_wheel_accessory').
00:05:37.131 : <WARNING> Ignoring obsolete attribute 'wear' of unit '.kenw_3.rnuts1' (of type 'vehicle_wheel_accessory').
00:05:37.131 : <WARNING> Ignoring obsolete attribute 'wear' of unit '.kenw_3.rtire2' (of type 'vehicle_wheel_accessory').
00:05:37.131 : <WARNING> Ignoring obsolete attribute 'wear' of unit '.kenw_3.rdisc2' (of type 'vehicle_wheel_accessory').
00:05:37.131 : <WARNING> Ignoring obsolete attribute 'wear' of unit '.kenw_3.rhub2' (of type 'vehicle_wheel_accessory').
00:05:37.131 : <WARNING> Ignoring obsolete attribute 'wear' of unit '.kenw_3.rcover2' (of type 'vehicle_wheel_accessory').
00:05:37.131 : <WARNING> Ignoring obsolete attribute 'wear' of unit '.kenw_3.rnuts2' (of type 'vehicle_wheel_accessory').
00:05:37.134 : <WARNING> Ignoring obsolete attribute 'wear' of unit '.kenworth_wp1.data' (of type 'vehicle_accessory').
00:05:37.134 : <WARNING> Ignoring obsolete attribute 'wear' of unit '.kenworth_wp1.chassis' (of type 'vehicle_accessory').
00:05:37.134 : <WARNING> Ignoring obsolete attribute 'wear' of unit '.kenworth_wp1.cabin' (of type 'vehicle_accessory').
00:05:37.134 : <WARNING> Ignoring obsolete attribute 'wear' of unit '.kenworth_wp1.interior' (of type 'vehicle_accessory').
00:05:37.134 : <WARNING> Ignoring obsolete attribute 'wear' of unit '.kenworth_wp1.engine' (of type 'vehicle_accessory').
00:05:37.134 : <WARNING> Ignoring obsolete attribute 'wear' of unit '.kenworth_wp1.transm' (of type 'vehicle_accessory').
00:05:37.134 : <WARNING> Ignoring obsolete attribute 'wear' of unit '.kenworth_wp1.headl' (of type 'vehicle_accessory').
00:05:37.134 : <WARNING> Ignoring obsolete attribute 'wear' of unit '.kenworth_wp1.ftire' (of type 'vehicle_wheel_accessory').
00:05:37.134 : <WARNING> Ignoring obsolete attribute 'wear' of unit '.kenworth_wp1.fdisc' (of type 'vehicle_wheel_accessory').
00:05:37.134 : <WARNING> Ignoring obsolete attribute 'wear' of unit '.kenworth_wp1.fhub' (of type 'vehicle_wheel_accessory').
00:05:37.134 : <WARNING> Ignoring obsolete attribute 'wear' of unit '.kenworth_wp1.fnuts' (of type 'vehicle_wheel_accessory').
00:05:37.134 : <WARNING> Ignoring obsolete attribute 'wear' of unit '.kenworth_wp1.rtire1' (of type 'vehicle_wheel_accessory').
00:05:37.134 : <WARNING> Ignoring obsolete attribute 'wear' of unit '.kenworth_wp1.rdisc1' (of type 'vehicle_wheel_accessory').
00:05:37.134 : <WARNING> Ignoring obsolete attribute 'wear' of unit '.kenworth_wp1.rhub1' (of type 'vehicle_wheel_accessory').
00:05:37.134 : <WARNING> Ignoring obsolete attribute 'wear' of unit '.kenworth_wp1.rnuts1' (of type 'vehicle_wheel_accessory').
00:05:37.134 : <WARNING> Ignoring obsolete attribute 'wear' of unit '.kenworth_wp1.rtire2' (of type 'vehicle_wheel_accessory').
00:05:37.134 : <WARNING> Ignoring obsolete attribute 'wear' of unit '.kenworth_wp1.rdisc2' (of type 'vehicle_wheel_accessory').
00:05:37.134 : <WARNING> Ignoring obsolete attribute 'wear' of unit '.kenworth_wp1.rhub2' (of type 'vehicle_wheel_accessory').
00:05:37.134 : <WARNING> Ignoring obsolete attribute 'wear' of unit '.kenworth_wp1.rnuts2' (of type 'vehicle_wheel_accessory').
00:05:37.134 : <WARNING> Ignoring obsolete attribute 'wear' of unit '.kenworth_wp1.paint' (of type 'vehicle_paint_job_accessory').
00:05:37.134 : <WARNING> Ignoring obsolete attribute 'wear' of unit '.kenworth_wp1.mirror' (of type 'vehicle_addon_accessory').
00:05:37.134 : <WARNING> Ignoring obsolete attribute 'wear' of unit '.kenworth_wp1.bumper' (of type 'vehicle_addon_accessory').
00:05:37.134 : <WARNING> Ignoring obsolete attribute 'wear' of unit '.kenworth_wp1.lfender' (of type 'vehicle_addon_accessory').
00:05:37.134 : <WARNING> Ignoring obsolete attribute 'wear' of unit '.kenworth_wp1.exhaust' (of type 'vehicle_addon_accessory').
00:05:37.134 : <WARNING> Ignoring obsolete attribute 'wear' of unit '.kenworth_wp1.cover_ex' (of type 'vehicle_addon_accessory').
00:05:37.134 : <WARNING> Ignoring obsolete attribute 'wear' of unit '.kenworth_wp1.mudflaps' (of type 'vehicle_addon_accessory').
00:05:37.134 : <WARNING> Ignoring obsolete attribute 'wear' of unit '.kenworth_wp1.mudf_lame' (of type 'vehicle_addon_accessory').
00:05:37.134 : <WARNING> Ignoring obsolete attribute 'wear' of unit '.kenworth_wp1.filter' (of type 'vehicle_addon_accessory').
00:05:37.135 : <WARNING> Ignoring obsolete attribute 'wear' of unit '.kenworth_wp1.fltrbraket' (of type 'vehicle_addon_accessory').
00:05:37.135 : <WARNING> Ignoring obsolete attribute 'wear' of unit '.kenworth_wp1.sunshld' (of type 'vehicle_addon_accessory').
00:05:37.135 : <WARNING> Ignoring obsolete attribute 'wear' of unit '.kenworth_wp1.lights' (of type 'vehicle_addon_accessory').
00:05:37.135 : <WARNING> Ignoring obsolete attribute 'wear' of unit '.kenworth_wp1.horns' (of type 'vehicle_addon_accessory').
00:05:37.135 : <WARNING> Ignoring obsolete attribute 'wear' of unit '.kenworth_wp1.swheel' (of type 'vehicle_addon_accessory').
00:05:37.135 : <WARNING> Ignoring obsolete attribute 'wear' of unit '.kenworth_wp1.escada_fd' (of type 'vehicle_addon_accessory').
00:05:37.135 : <WARNING> Ignoring obsolete attribute 'wear' of unit '.kenworth_wp1.escada_fe' (of type 'vehicle_addon_accessory').
00:05:37.135 : <WARNING> Ignoring obsolete attribute 'wear' of unit '.kenworth_wp1.tanque' (of type 'vehicle_addon_accessory').
00:05:37.135 : <WARNING> Ignoring obsolete attribute 'wear' of unit '.kenworth_wp1.belt' (of type 'vehicle_addon_accessory').
00:05:37.135 : <WARNING> Ignoring obsolete attribute 'wear' of unit '.kenworth_wp1.grill' (of type 'vehicle_addon_accessory').
00:05:37.135 : <WARNING> Ignoring obsolete attribute 'wear' of unit '.kenworth_wp1.mudguard' (of type 'vehicle_addon_accessory').
00:05:37.135 : <WARNING> Ignoring obsolete attribute 'wear' of unit '.kenworth_wp1.mud_support' (of type 'vehicle_addon_accessory').
00:05:37.135 : <WARNING> Ignoring obsolete attribute 'wear' of unit '.kenworth_wp1.frame' (of type 'vehicle_addon_accessory').
00:05:37.135 : <WARNING> Ignoring obsolete attribute 'wear' of unit '.kenworth_wp1.c_ponta' (of type 'vehicle_addon_accessory').
00:05:37.135 : <WARNING> Ignoring obsolete attribute 'wear' of unit '.kenworth_wp1.barra' (of type 'vehicle_addon_accessory').
00:05:37.135 : <WARNING> Ignoring obsolete attribute 'wear' of unit '.kenworth_wp1.window' (of type 'vehicle_addon_accessory').
00:05:37.135 : <WARNING> Ignoring obsolete attribute 'wear' of unit '.kenworth_wp1.farol' (of type 'vehicle_addon_accessory').
00:05:37.135 : <WARNING> Ignoring obsolete attribute 'wear' of unit '.kenworth_wp1.prote' (of type 'vehicle_addon_accessory').
00:05:37.135 : <WARNING> Ignoring obsolete attribute 'wear' of unit '.kenworth_wp1.logo_f' (of type 'vehicle_addon_accessory').
00:05:37.135 : <WARNING> Ignoring obsolete attribute 'wear' of unit '.kenworth_wp1.cab_roof' (of type 'vehicle_addon_accessory').
00:05:37.135 : <WARNING> Ignoring obsolete attribute 'wear' of unit '.kenworth_wp1.bcab_a' (of type 'vehicle_addon_accessory').
00:05:37.135 : <WARNING> Ignoring obsolete attribute 'wear' of unit '.kenworth_wp1.tela' (of type 'vehicle_addon_accessory').
00:05:37.135 : <WARNING> Ignoring obsolete attribute 'wear' of unit '.kenworth_wp1.forro_b' (of type 'vehicle_addon_accessory').
00:05:37.135 : <WARNING> Ignoring obsolete attribute 'wear' of unit '.kenworth_wp1.p_luva' (of type 'vehicle_addon_accessory').
00:05:37.135 : <WARNING> Ignoring obsolete attribute 'wear' of unit '.kenworth_wp1.painel' (of type 'vehicle_addon_accessory').
00:05:37.135 : <WARNING> Ignoring obsolete attribute 'wear' of unit '.kenworth_wp1.painel_1' (of type 'vehicle_addon_accessory').
00:05:37.135 : <WARNING> Ignoring obsolete attribute 'wear' of unit '.kenworth_wp1.porta' (of type 'vehicle_addon_accessory').
00:05:37.135 : <WARNING> Ignoring obsolete attribute 'wear' of unit '.kenworth_wp1.porta_1' (of type 'vehicle_addon_accessory').
00:05:37.135 : <WARNING> Ignoring obsolete attribute 'wear' of unit '.kenworth_wp1.teto' (of type 'vehicle_addon_accessory').
00:05:37.135 : <WARNING> Ignoring obsolete attribute 'wear' of unit '.kenworth_wp1.teto_1' (of type 'vehicle_addon_accessory').
00:05:37.135 : <WARNING> Ignoring obsolete attribute 'wear' of unit '.kenworth_wp1.b_teto' (of type 'vehicle_addon_accessory').
00:05:37.135 : <WARNING> Ignoring obsolete attribute 'wear' of unit '.kenworth_wp1.j_teto' (of type 'vehicle_addon_accessory').
00:05:37.135 : <WARNING> Ignoring obsolete attribute 'wear' of unit '.kenworth_wp1.floor' (of type 'vehicle_addon_accessory').
00:05:37.135 : <WARNING> Ignoring obsolete attribute 'wear' of unit '.kenworth_wp1.5_roda' (of type 'vehicle_addon_accessory').
00:05:37.138 : <WARNING> Ignoring obsolete attribute 'wear' of unit '.kenworth_0.w900b_gtm.data' (of type 'vehicle_accessory').
00:05:37.138 : <WARNING> Ignoring obsolete attribute 'wear' of unit '.kenworth_0.w900b_gtm.chassis' (of type 'vehicle_accessory').
00:05:37.138 : <WARNING> Ignoring obsolete attribute 'wear' of unit '.kenworth_0.w900b_gtm.cabin' (of type 'vehicle_accessory').
00:05:37.138 : <WARNING> Ignoring obsolete attribute 'wear' of unit '.kenworth_0.w900b_gtm.interior' (of type 'vehicle_accessory').
00:05:37.138 : <WARNING> Ignoring obsolete attribute 'wear' of unit '.kenworth_0.w900b_gtm.engine' (of type 'vehicle_accessory').
00:05:37.138 : <WARNING> Ignoring obsolete attribute 'wear' of unit '.kenworth_0.w900b_gtm.transm' (of type 'vehicle_accessory').
00:05:37.138 : <WARNING> Ignoring obsolete attribute 'wear' of unit '.kenworth_0.w900b_gtm.headl' (of type 'vehicle_accessory').
00:05:37.138 : <WARNING> Ignoring obsolete attribute 'wear' of unit '.kenworth_0.w900b_gtm.ftire' (of type 'vehicle_wheel_accessory').
00:05:37.138 : <WARNING> Ignoring obsolete attribute 'wear' of unit '.kenworth_0.w900b_gtm.fdisc' (of type 'vehicle_wheel_accessory').
00:05:37.138 : <WARNING> Ignoring obsolete attribute 'wear' of unit '.kenworth_0.w900b_gtm.fhub' (of type 'vehicle_wheel_accessory').
00:05:37.138 : <WARNING> Ignoring obsolete attribute 'wear' of unit '.kenworth_0.w900b_gtm.fnuts' (of type 'vehicle_wheel_accessory').
00:05:37.138 : <WARNING> Ignoring obsolete attribute 'wear' of unit '.kenworth_0.w900b_gtm.rtire' (of type 'vehicle_wheel_accessory').
00:05:37.138 : <WARNING> Ignoring obsolete attribute 'wear' of unit '.kenworth_0.w900b_gtm.rdisc' (of type 'vehicle_wheel_accessory').
00:05:37.138 : <WARNING> Ignoring obsolete attribute 'wear' of unit '.kenworth_0.w900b_gtm.rhub' (of type 'vehicle_wheel_accessory').
00:05:37.138 : <WARNING> Ignoring obsolete attribute 'wear' of unit '.kenworth_0.w900b_gtm.rnuts' (of type 'vehicle_wheel_accessory').
00:05:37.138 : <WARNING> Ignoring obsolete attribute 'wear' of unit '.kenworth_0.w900b_gtm.rtire2' (of type 'vehicle_wheel_accessory').
00:05:37.138 : <WARNING> Ignoring obsolete attribute 'wear' of unit '.kenworth_0.w900b_gtm.rdisc2' (of type 'vehicle_wheel_accessory').
00:05:37.138 : <WARNING> Ignoring obsolete attribute 'wear' of unit '.kenworth_0.w900b_gtm.rhub2' (of type 'vehicle_wheel_accessory').
00:05:37.138 : <WARNING> Ignoring obsolete attribute 'wear' of unit '.kenworth_0.w900b_gtm.rnuts2' (of type 'vehicle_wheel_accessory').
00:05:37.138 : <WARNING> Ignoring obsolete attribute 'wear' of unit '.kenworth_0.w900b_gtm.paint' (of type 'vehicle_paint_job_accessory').
00:05:37.138 : <WARNING> Ignoring obsolete attribute 'wear' of unit '.kenworth_0.w900b_gtm.mirror' (of type 'vehicle_addon_accessory').
00:05:37.138 : <WARNING> Ignoring obsolete attribute 'wear' of unit '.kenworth_0.w900b_gtm.bumper' (of type 'vehicle_addon_accessory').
00:05:37.138 : <WARNING> Ignoring obsolete attribute 'wear' of unit '.kenworth_0.w900b_gtm.exhaust' (of type 'vehicle_addon_accessory').
00:05:37.139 : <WARNING> Ignoring obsolete attribute 'wear' of unit '.kenworth_0.w900b_gtm.mudflap' (of type 'vehicle_addon_accessory').
00:05:37.139 : <WARNING> Ignoring obsolete attribute 'wear' of unit '.kenworth_0.w900b_gtm.filter' (of type 'vehicle_addon_accessory').
00:05:37.139 : <WARNING> Ignoring obsolete attribute 'wear' of unit '.kenworth_0.w900b_gtm.lights' (of type 'vehicle_addon_accessory').
00:05:37.139 : <WARNING> Ignoring obsolete attribute 'wear' of unit '.kenworth_0.w900b_gtm.horns' (of type 'vehicle_addon_accessory').
00:05:37.139 : <WARNING> Ignoring obsolete attribute 'wear' of unit '.kenworth_0.w900b_gtm.swheel' (of type 'vehicle_addon_accessory').
00:05:37.141 : <WARNING> Ignoring obsolete attribute 'wear' of unit '.kenworth_0.t800_gtm.data' (of type 'vehicle_accessory').
00:05:37.141 : <WARNING> Ignoring obsolete attribute 'wear' of unit '.kenworth_0.t800_gtm.chassis' (of type 'vehicle_accessory').
00:05:37.141 : <WARNING> Ignoring obsolete attribute 'wear' of unit '.kenworth_0.t800_gtm.cabin' (of type 'vehicle_accessory').
00:05:37.141 : <WARNING> Ignoring obsolete attribute 'wear' of unit '.kenworth_0.t800_gtm.interior' (of type 'vehicle_accessory').
00:05:37.141 : <WARNING> Ignoring obsolete attribute 'wear' of unit '.kenworth_0.t800_gtm.engine' (of type 'vehicle_accessory').
00:05:37.141 : <WARNING> Ignoring obsolete attribute 'wear' of unit '.kenworth_0.t800_gtm.transm' (of type 'vehicle_accessory').
00:05:37.141 : <WARNING> Ignoring obsolete attribute 'wear' of unit '.kenworth_0.t800_gtm.headl' (of type 'vehicle_accessory').
00:05:37.141 : <WARNING> Ignoring obsolete attribute 'wear' of unit '.kenworth_0.t800_gtm.ftire' (of type 'vehicle_wheel_accessory').
00:05:37.141 : <WARNING> Ignoring obsolete attribute 'wear' of unit '.kenworth_0.t800_gtm.fdisc' (of type 'vehicle_wheel_accessory').
00:05:37.141 : <WARNING> Ignoring obsolete attribute 'wear' of unit '.kenworth_0.t800_gtm.fhub' (of type 'vehicle_wheel_accessory').
00:05:37.141 : <WARNING> Ignoring obsolete attribute 'wear' of unit '.kenworth_0.t800_gtm.fnuts' (of type 'vehicle_wheel_accessory').
00:05:37.141 : <WARNING> Ignoring obsolete attribute 'wear' of unit '.kenworth_0.t800_gtm.rtire' (of type 'vehicle_wheel_accessory').
00:05:37.141 : <WARNING> Ignoring obsolete attribute 'wear' of unit '.kenworth_0.t800_gtm.rdisc' (of type 'vehicle_wheel_accessory').
00:05:37.141 : <WARNING> Ignoring obsolete attribute 'wear' of unit '.kenworth_0.t800_gtm.rhub' (of type 'vehicle_wheel_accessory').
00:05:37.141 : <WARNING> Ignoring obsolete attribute 'wear' of unit '.kenworth_0.t800_gtm.rnuts' (of type 'vehicle_wheel_accessory').
00:05:37.141 : <WARNING> Ignoring obsolete attribute 'wear' of unit '.kenworth_0.t800_gtm.rtire2' (of type 'vehicle_wheel_accessory').
00:05:37.141 : <WARNING> Ignoring obsolete attribute 'wear' of unit '.kenworth_0.t800_gtm.rdisc2' (of type 'vehicle_wheel_accessory').
00:05:37.141 : <WARNING> Ignoring obsolete attribute 'wear' of unit '.kenworth_0.t800_gtm.rhub2' (of type 'vehicle_wheel_accessory').
00:05:37.142 : <WARNING> Ignoring obsolete attribute 'wear' of unit '.kenworth_0.t800_gtm.rnuts2' (of type 'vehicle_wheel_accessory').
00:05:37.142 : <WARNING> Ignoring obsolete attribute 'wear' of unit '.kenworth_0.t800_gtm.paint' (of type 'vehicle_paint_job_accessory').
00:05:37.142 : <WARNING> Ignoring obsolete attribute 'wear' of unit '.kenworth_0.t800_gtm.mirror' (of type 'vehicle_addon_accessory').
00:05:37.142 : <WARNING> Ignoring obsolete attribute 'wear' of unit '.kenworth_0.t800_gtm.bumper' (of type 'vehicle_addon_accessory').
00:05:37.142 : <WARNING> Ignoring obsolete attribute 'wear' of unit '.kenworth_0.t800_gtm.exhaust' (of type 'vehicle_addon_accessory').
00:05:37.142 : <WARNING> Ignoring obsolete attribute 'wear' of unit '.kenworth_0.t800_gtm.mudflap' (of type 'vehicle_addon_accessory').
00:05:37.142 : <WARNING> Ignoring obsolete attribute 'wear' of unit '.kenworth_0.t800_gtm.mflap' (of type 'vehicle_addon_accessory').
00:05:37.142 : <WARNING> Ignoring obsolete attribute 'wear' of unit '.kenworth_0.t800_gtm.filter' (of type 'vehicle_addon_accessory').
00:05:37.142 : <WARNING> Ignoring obsolete attribute 'wear' of unit '.kenworth_0.t800_gtm.hood' (of type 'vehicle_addon_accessory').
00:05:37.142 : <WARNING> Ignoring obsolete attribute 'wear' of unit '.kenworth_0.t800_gtm.lights' (of type 'vehicle_addon_accessory').
00:05:37.142 : <WARNING> Ignoring obsolete attribute 'wear' of unit '.kenworth_0.t800_gtm.horns' (of type 'vehicle_addon_accessory').
00:05:37.142 : <WARNING> Ignoring obsolete attribute 'wear' of unit '.kenworth_0.t800_gtm.swheel' (of type 'vehicle_addon_accessory').
00:05:37.144 : <WARNING> Ignoring obsolete attribute 'wear' of unit '.kw_t800gtm.data' (of type 'vehicle_accessory').
00:05:37.144 : <WARNING> Ignoring obsolete attribute 'wear' of unit '.kw_t800gtm.chassis' (of type 'vehicle_accessory').
00:05:37.144 : <WARNING> Ignoring obsolete attribute 'wear' of unit '.kw_t800gtm.cabin' (of type 'vehicle_accessory').
00:05:37.144 : <WARNING> Ignoring obsolete attribute 'wear' of unit '.kw_t800gtm.interior' (of type 'vehicle_accessory').
00:05:37.144 : <WARNING> Ignoring obsolete attribute 'wear' of unit '.kw_t800gtm.engine' (of type 'vehicle_accessory').
00:05:37.144 : <WARNING> Ignoring obsolete attribute 'wear' of unit '.kw_t800gtm.transm' (of type 'vehicle_accessory').
00:05:37.144 : <WARNING> Ignoring obsolete attribute 'wear' of unit '.kw_t800gtm.headl' (of type 'vehicle_accessory').
00:05:37.144 : <WARNING> Ignoring obsolete attribute 'wear' of unit '.kw_t800gtm.ftire' (of type 'vehicle_wheel_accessory').
00:05:37.144 : <WARNING> Ignoring obsolete attribute 'wear' of unit '.kw_t800gtm.fdisc' (of type 'vehicle_wheel_accessory').
00:05:37.144 : <WARNING> Ignoring obsolete attribute 'wear' of unit '.kw_t800gtm.fhub' (of type 'vehicle_wheel_accessory').
00:05:37.144 : <WARNING> Ignoring obsolete attribute 'wear' of unit '.kw_t800gtm.fnuts' (of type 'vehicle_wheel_accessory').
00:05:37.145 : <WARNING> Ignoring obsolete attribute 'wear' of unit '.kw_t800gtm.fcover' (of type 'vehicle_wheel_accessory').
00:05:37.145 : <WARNING> Ignoring obsolete attribute 'wear' of unit '.kw_t800gtm.rtire1' (of type 'vehicle_wheel_accessory').
00:05:37.145 : <WARNING> Ignoring obsolete attribute 'wear' of unit '.kw_t800gtm.rdisc1' (of type 'vehicle_wheel_accessory').
00:05:37.145 : <WARNING> Ignoring obsolete attribute 'wear' of unit '.kw_t800gtm.rhub1' (of type 'vehicle_wheel_accessory').
00:05:37.145 : <WARNING> Ignoring obsolete attribute 'wear' of unit '.kw_t800gtm.rnuts1' (of type 'vehicle_wheel_accessory').
00:05:37.145 : <WARNING> Ignoring obsolete attribute 'wear' of unit '.kw_t800gtm.rcover1' (of type 'vehicle_wheel_accessory').
00:05:37.145 : <WARNING> Ignoring obsolete attribute 'wear' of unit '.kw_t800gtm.rtire2' (of type 'vehicle_wheel_accessory').
00:05:37.145 : <WARNING> Ignoring obsolete attribute 'wear' of unit '.kw_t800gtm.rdisc2' (of type 'vehicle_wheel_accessory').
00:05:37.145 : <WARNING> Ignoring obsolete attribute 'wear' of unit '.kw_t800gtm.rhub2' (of type 'vehicle_wheel_accessory').
00:05:37.145 : <WARNING> Ignoring obsolete attribute 'wear' of unit '.kw_t800gtm.rnuts2' (of type 'vehicle_wheel_accessory').
00:05:37.145 : <WARNING> Ignoring obsolete attribute 'wear' of unit '.kw_t800gtm.rcover2' (of type 'vehicle_wheel_accessory').
00:05:37.145 : <WARNING> Ignoring obsolete attribute 'wear' of unit '.kw_t800gtm.paint' (of type 'vehicle_paint_job_accessory').
00:05:37.145 : <WARNING> Ignoring obsolete attribute 'wear' of unit '.kw_t800gtm.bumper' (of type 'vehicle_addon_accessory').
00:05:37.145 : <WARNING> Ignoring obsolete attribute 'wear' of unit '.kw_t800gtm.exhaust' (of type 'vehicle_addon_accessory').
00:05:37.145 : <WARNING> Ignoring obsolete attribute 'wear' of unit '.kw_t800gtm.sunshld' (of type 'vehicle_addon_accessory').
00:05:37.145 : <WARNING> Ignoring obsolete attribute 'wear' of unit '.kw_t800gtm.mirror' (of type 'vehicle_addon_accessory').
00:05:37.145 : <WARNING> Ignoring obsolete attribute 'wear' of unit '.kw_t800gtm.filters' (of type 'vehicle_addon_accessory').
00:05:37.145 : <WARNING> Ignoring obsolete attribute 'wear' of unit '.kw_t800gtm.hood' (of type 'vehicle_addon_accessory').
00:05:37.145 : <WARNING> Ignoring obsolete attribute 'wear' of unit '.kw_t800gtm.mudflaps' (of type 'vehicle_addon_accessory').
00:05:37.145 : <WARNING> Ignoring obsolete attribute 'wear' of unit '.kw_t800gtm.mflaps' (of type 'vehicle_addon_accessory').
00:05:37.145 : <WARNING> Ignoring obsolete attribute 'wear' of unit '.kw_t800gtm.sflare' (of type 'vehicle_addon_accessory').
00:05:37.145 : <WARNING> Ignoring obsolete attribute 'wear' of unit '.kw_t800gtm.lights' (of type 'vehicle_addon_accessory').
00:05:37.145 : <WARNING> Ignoring obsolete attribute 'wear' of unit '.kw_t800gtm.horns' (of type 'vehicle_addon_accessory').
00:05:37.145 : <WARNING> Ignoring obsolete attribute 'wear' of unit '.kw_t800gtm.swheel' (of type 'vehicle_addon_accessory').
00:05:38.242 : <WARNING> Ignoring obsolete attribute 'drop_size_minimum' of unit '.jspkw900.r.pane.front' (of type 'glass_pane_data').
00:05:38.242 : <WARNING> Ignoring obsolete attribute 'drop_size_maximum' of unit '.jspkw900.r.pane.front' (of type 'glass_pane_data').
00:05:38.242 : <WARNING> Ignoring obsolete attribute 'drop_size_minimum' of unit '.jspkw900.r.pane.close' (of type 'glass_pane_data').
00:05:38.242 : <WARNING> Ignoring obsolete attribute 'drop_size_maximum' of unit '.jspkw900.r.pane.close' (of type 'glass_pane_data').
00:05:38.242 : <WARNING> Ignoring obsolete attribute 'drop_size_minimum' of unit '.jspkw900.r.pane.far' (of type 'glass_pane_data').
00:05:38.242 : <WARNING> Ignoring obsolete attribute 'drop_size_maximum' of unit '.jspkw900.r.pane.far' (of type 'glass_pane_data').
00:05:38.242 : <WARNING> Ignoring obsolete attribute 'drop_size_minimum' of unit '.jspkw900.r.pane.door' (of type 'glass_pane_data').
00:05:38.242 : <WARNING> Ignoring obsolete attribute 'drop_size_maximum' of unit '.jspkw900.r.pane.door' (of type 'glass_pane_data').
00:05:38.242 : <WARNING> Ignoring obsolete attribute 'drop_size_minimum' of unit '.jspkw900.r.pane.roof' (of type 'glass_pane_data').
00:05:38.242 : <WARNING> Ignoring obsolete attribute 'drop_size_maximum' of unit '.jspkw900.r.pane.roof' (of type 'glass_pane_data').
00:05:38.244 : <WARNING> Ignoring obsolete attribute 'drop_size_minimum' of unit '.jspkw900.r.pane.sleeper' (of type 'glass_pane_data').
00:05:38.244 : <WARNING> Ignoring obsolete attribute 'drop_size_maximum' of unit '.jspkw900.r.pane.sleeper' (of type 'glass_pane_data').
00:05:38.244 : <WARNING> Ignoring obsolete attribute 'drop_size_minimum' of unit '.jspkw900.r.pane.back' (of type 'glass_pane_data').
00:05:38.244 : <WARNING> Ignoring obsolete attribute 'drop_size_maximum' of unit '.jspkw900.r.pane.back' (of type 'glass_pane_data').
00:05:38.244 : <WARNING> Ignoring obsolete attribute 'drop_size_minimum' of unit '.jspkw900.r.pane.top' (of type 'glass_pane_data').
00:05:38.244 : <WARNING> Ignoring obsolete attribute 'drop_size_maximum' of unit '.jspkw900.r.pane.top' (of type 'glass_pane_data').
00:05:38.479 : <ERROR> [fs] Failed to open file '/def/vehicle/f_tire/mch_275_24.5_xline_zp.sii' in the read_only mode.
00:05:38.481 : <ERROR> [fs] Failed to open file '/def/vehicle/f_tire/mch_275_24.5_xline_zp.sii' in the read_only mode.
00:05:38.481 : <ERROR> load_unit() - Failed to open file (/def/vehicle/f_tire/mch_275_24.5_xline_zp.sii)
00:05:38.482 : <ERROR> [fs] Failed to open file '/def/vehicle/f_disc/alcoa_usa_24.5_10h.sii' in the read_only mode.
00:05:38.483 : <ERROR> [fs] Failed to open file '/def/vehicle/f_disc/alcoa_usa_24.5_10h.sii' in the read_only mode.
00:05:38.483 : <ERROR> load_unit() - Failed to open file (/def/vehicle/f_disc/alcoa_usa_24.5_10h.sii)
00:05:38.485 : <ERROR> [fs] Failed to open file '/def/vehicle/f_hub/f_hub_usa_01.sii' in the read_only mode.
00:05:38.486 : <ERROR> [fs] Failed to open file '/def/vehicle/f_hub/f_hub_usa_01.sii' in the read_only mode.
00:05:38.486 : <ERROR> load_unit() - Failed to open file (/def/vehicle/f_hub/f_hub_usa_01.sii)
00:05:38.488 : <ERROR> [fs] Failed to open file '/def/vehicle/f_nuts/f_set_p.sii' in the read_only mode.
00:05:38.489 : <ERROR> [fs] Failed to open file '/def/vehicle/f_nuts/f_set_p.sii' in the read_only mode.
00:05:38.489 : <ERROR> load_unit() - Failed to open file (/def/vehicle/f_nuts/f_set_p.sii)
00:05:38.490 : <ERROR> [fs] Failed to open file '/def/vehicle/f_cover/f_oil_hub_skf.sii' in the read_only mode.
00:05:38.492 : <ERROR> [fs] Failed to open file '/def/vehicle/f_cover/f_oil_hub_skf.sii' in the read_only mode.
00:05:38.492 : <ERROR> load_unit() - Failed to open file (/def/vehicle/f_cover/f_oil_hub_skf.sii)
00:05:38.493 : <ERROR> [fs] Failed to open file '/def/vehicle/r_tire/mch_275_24.5_xline_d_p.sii' in the read_only mode.
00:05:38.494 : <ERROR> [fs] Failed to open file '/def/vehicle/r_tire/mch_275_24.5_xline_d_p.sii' in the read_only mode.
00:05:38.494 : <ERROR> load_unit() - Failed to open file (/def/vehicle/r_tire/mch_275_24.5_xline_d_p.sii)
00:05:38.496 : <ERROR> [fs] Failed to open file '/def/vehicle/r_disc/alcoa_usa_24.5_10h_2.sii' in the read_only mode.
00:05:38.498 : <ERROR> [fs] Failed to open file '/def/vehicle/r_disc/alcoa_usa_24.5_10h_2.sii' in the read_only mode.
00:05:38.498 : <ERROR> load_unit() - Failed to open file (/def/vehicle/r_disc/alcoa_usa_24.5_10h_2.sii)
00:05:38.499 : <ERROR> [fs] Failed to open file '/def/vehicle/r_hub/r_hub_usa_02_stemco.sii' in the read_only mode.
00:05:38.500 : <ERROR> [fs] Failed to open file '/def/vehicle/r_hub/r_hub_usa_02_stemco.sii' in the read_only mode.
00:05:38.500 : <ERROR> load_unit() - Failed to open file (/def/vehicle/r_hub/r_hub_usa_02_stemco.sii)
00:05:38.502 : <ERROR> [fs] Failed to open file '/def/vehicle/r_nuts/f_set_p.sii' in the read_only mode.
00:05:38.503 : <ERROR> [fs] Failed to open file '/def/vehicle/r_nuts/f_set_p.sii' in the read_only mode.
00:05:38.503 : <ERROR> load_unit() - Failed to open file (/def/vehicle/r_nuts/f_set_p.sii)
00:05:38.505 : <ERROR> [fs] Failed to open file '/def/vehicle/r_cover/set_b.sii' in the read_only mode.
00:05:38.506 : <ERROR> [fs] Failed to open file '/def/vehicle/r_cover/set_b.sii' in the read_only mode.
00:05:38.506 : <ERROR> load_unit() - Failed to open file (/def/vehicle/r_cover/set_b.sii)
00:05:39.034 : <WARNING> [interior_data] More items defined in dashboard_color array then allowed, first 8 will be used, rest will be ignored!
00:05:39.085 : <WARNING> Ignoring obsolete attribute 'drop_size_minimum' of unit '.jspkw900.r.pane.front' (of type 'glass_pane_data').
00:05:39.085 : <WARNING> Ignoring obsolete attribute 'drop_size_maximum' of unit '.jspkw900.r.pane.front' (of type 'glass_pane_data').
00:05:39.085 : <WARNING> Ignoring obsolete attribute 'drop_size_minimum' of unit '.jspkw900.r.pane.close' (of type 'glass_pane_data').
00:05:39.085 : <WARNING> Ignoring obsolete attribute 'drop_size_maximum' of unit '.jspkw900.r.pane.close' (of type 'glass_pane_data').
00:05:39.085 : <WARNING> Ignoring obsolete attribute 'drop_size_minimum' of unit '.jspkw900.r.pane.far' (of type 'glass_pane_data').
00:05:39.085 : <WARNING> Ignoring obsolete attribute 'drop_size_maximum' of unit '.jspkw900.r.pane.far' (of type 'glass_pane_data').
00:05:39.085 : <WARNING> Ignoring obsolete attribute 'drop_size_minimum' of unit '.jspkw900.r.pane.door' (of type 'glass_pane_data').
00:05:39.085 : <WARNING> Ignoring obsolete attribute 'drop_size_maximum' of unit '.jspkw900.r.pane.door' (of type 'glass_pane_data').
00:05:39.085 : <WARNING> Ignoring obsolete attribute 'drop_size_minimum' of unit '.jspkw900.r.pane.roof' (of type 'glass_pane_data').
00:05:39.085 : <WARNING> Ignoring obsolete attribute 'drop_size_maximum' of unit '.jspkw900.r.pane.roof' (of type 'glass_pane_data').
00:05:39.085 : <WARNING> Ignoring obsolete attribute 'drop_size_minimum' of unit '.jspkw900.r.pane.sleeper' (of type 'glass_pane_data').
00:05:39.085 : <WARNING> Ignoring obsolete attribute 'drop_size_maximum' of unit '.jspkw900.r.pane.sleeper' (of type 'glass_pane_data').
00:05:39.085 : <WARNING> Ignoring obsolete attribute 'drop_size_minimum' of unit '.jspkw900.r.pane.back' (of type 'glass_pane_data').
00:05:39.085 : <WARNING> Ignoring obsolete attribute 'drop_size_maximum' of unit '.jspkw900.r.pane.back' (of type 'glass_pane_data').
00:05:39.085 : <WARNING> Ignoring obsolete attribute 'drop_size_minimum' of unit '.jspkw900.r.pane.top' (of type 'glass_pane_data').
00:05:39.085 : <WARNING> Ignoring obsolete attribute 'drop_size_maximum' of unit '.jspkw900.r.pane.top' (of type 'glass_pane_data').
00:05:39.154 : <ERROR> [fs] Failed to open file '/def/vehicle/f_tire/gy_385_22.5_g296_p.sii' in the read_only mode.
00:05:39.155 : <ERROR> [fs] Failed to open file '/def/vehicle/f_tire/gy_385_22.5_g296_p.sii' in the read_only mode.
00:05:39.155 : <ERROR> load_unit() - Failed to open file (/def/vehicle/f_tire/gy_385_22.5_g296_p.sii)
00:05:39.157 : <ERROR> [fs] Failed to open file '/def/vehicle/f_disc/alcoa_usa_22.5_12_ft_p.sii' in the read_only mode.
00:05:39.158 : <ERROR> [fs] Failed to open file '/def/vehicle/f_disc/alcoa_usa_22.5_12_ft_p.sii' in the read_only mode.
00:05:39.158 : <ERROR> load_unit() - Failed to open file (/def/vehicle/f_disc/alcoa_usa_22.5_12_ft_p.sii)
00:05:39.160 : <ERROR> [fs] Failed to open file '/def/vehicle/r_tire/gy_295_75_24.5_lhd_p.sii' in the read_only mode.
00:05:39.161 : <ERROR> [fs] Failed to open file '/def/vehicle/r_tire/gy_295_75_24.5_lhd_p.sii' in the read_only mode.
00:05:39.161 : <ERROR> load_unit() - Failed to open file (/def/vehicle/r_tire/gy_295_75_24.5_lhd_p.sii)
00:05:39.178 : <WARNING> [interior_data] More items defined in dashboard_color array then allowed, first 8 will be used, rest will be ignored!
00:05:39.219 : <WARNING> Ignoring obsolete attribute 'drop_size_minimum' of unit '.ken200.pane.front_left' (of type 'glass_pane_data').
00:05:39.219 : <WARNING> Ignoring obsolete attribute 'drop_size_maximum' of unit '.ken200.pane.front_left' (of type 'glass_pane_data').
00:05:39.219 : <WARNING> Ignoring obsolete attribute 'drop_size_minimum' of unit '.ken200.pane.front_right' (of type 'glass_pane_data').
00:05:39.219 : <WARNING> Ignoring obsolete attribute 'drop_size_maximum' of unit '.ken200.pane.front_right' (of type 'glass_pane_data').
00:05:39.219 : <WARNING> Ignoring obsolete attribute 'drop_size_minimum' of unit '.ken200.pane.close' (of type 'glass_pane_data').
00:05:39.219 : <WARNING> Ignoring obsolete attribute 'drop_size_maximum' of unit '.ken200.pane.close' (of type 'glass_pane_data').
00:05:39.220 : <WARNING> Ignoring obsolete attribute 'drop_size_minimum' of unit '.ken200.pane.close' (of type 'glass_pane_data').
00:05:39.220 : <WARNING> Ignoring obsolete attribute 'drop_size_maximum' of unit '.ken200.pane.close' (of type 'glass_pane_data').
00:05:39.220 : <WARNING> Ignoring obsolete attribute 'drop_size_minimum' of unit '.ken200.pane.far' (of type 'glass_pane_data').
00:05:39.220 : <WARNING> Ignoring obsolete attribute 'drop_size_maximum' of unit '.ken200.pane.far' (of type 'glass_pane_data').
00:05:39.220 : <WARNING> Ignoring obsolete attribute 'drop_size_minimum' of unit '.ken200.pane.far' (of type 'glass_pane_data').
00:05:39.220 : <WARNING> Ignoring obsolete attribute 'drop_size_maximum' of unit '.ken200.pane.far' (of type 'glass_pane_data').
00:05:39.220 : <WARNING> Ignoring obsolete attribute 'drop_size_minimum' of unit '.ken200.pane.top' (of type 'glass_pane_data').
00:05:39.220 : <WARNING> Ignoring obsolete attribute 'drop_size_maximum' of unit '.ken200.pane.top' (of type 'glass_pane_data').
00:05:39.220 : <WARNING> Ignoring obsolete attribute 'drop_size_minimum' of unit '.ken200.pane.top' (of type 'glass_pane_data').
00:05:39.220 : <WARNING> Ignoring obsolete attribute 'drop_size_maximum' of unit '.ken200.pane.top' (of type 'glass_pane_data').
00:05:39.220 : <WARNING> Ignoring obsolete attribute 'drop_size_minimum' of unit '.ken200.pane.small' (of type 'glass_pane_data').
00:05:39.220 : <WARNING> Ignoring obsolete attribute 'drop_size_maximum' of unit '.ken200.pane.small' (of type 'glass_pane_data').
00:05:39.326 : <WARNING> Ignoring obsolete attribute 'wheel_anim' of unit '1_1i.kenworth.k100e_of.interior' (of type 'accessory_interior_data').
00:05:39.336 : <WARNING> Ignoring obsolete attribute 'drop_size_minimum' of unit '.kenworthk100.r.pane.1a' (of type 'glass_pane_data').
00:05:39.336 : <WARNING> Ignoring obsolete attribute 'drop_size_maximum' of unit '.kenworthk100.r.pane.1a' (of type 'glass_pane_data').
00:05:39.336 : <WARNING> Ignoring obsolete attribute 'drop_size_minimum' of unit '.kenworthk100.r.pane.1b' (of type 'glass_pane_data').
00:05:39.336 : <WARNING> Ignoring obsolete attribute 'drop_size_maximum' of unit '.kenworthk100.r.pane.1b' (of type 'glass_pane_data').
00:05:39.336 : <WARNING> Ignoring obsolete attribute 'drop_size_minimum' of unit '.kenworthk100.r.pane.2a' (of type 'glass_pane_data').
00:05:39.336 : <WARNING> Ignoring obsolete attribute 'drop_size_maximum' of unit '.kenworthk100.r.pane.2a' (of type 'glass_pane_data').
00:05:39.336 : <WARNING> Ignoring obsolete attribute 'drop_size_minimum' of unit '.kenworthk100.r.pane.2b' (of type 'glass_pane_data').
00:05:39.336 : <WARNING> Ignoring obsolete attribute 'drop_size_maximum' of unit '.kenworthk100.r.pane.2b' (of type 'glass_pane_data').
00:05:39.336 : <WARNING> Ignoring obsolete attribute 'drop_size_minimum' of unit '.kenworthk100.r.pane.3a' (of type 'glass_pane_data').
00:05:39.336 : <WARNING> Ignoring obsolete attribute 'drop_size_maximum' of unit '.kenworthk100.r.pane.3a' (of type 'glass_pane_data').
00:05:39.336 : <WARNING> Ignoring obsolete attribute 'drop_size_minimum' of unit '.kenworthk100.r.pane.3b' (of type 'glass_pane_data').
00:05:39.336 : <WARNING> Ignoring obsolete attribute 'drop_size_maximum' of unit '.kenworthk100.r.pane.3b' (of type 'glass_pane_data').
00:05:39.336 : <WARNING> Ignoring obsolete attribute 'drop_size_minimum' of unit '.kenworthk100.r.pane.4a' (of type 'glass_pane_data').
00:05:39.336 : <WARNING> Ignoring obsolete attribute 'drop_size_maximum' of unit '.kenworthk100.r.pane.4a' (of type 'glass_pane_data').
00:05:39.336 : <WARNING> Ignoring obsolete attribute 'drop_size_minimum' of unit '.kenworthk100.r.pane.4b' (of type 'glass_pane_data').
00:05:39.336 : <WARNING> Ignoring obsolete attribute 'drop_size_maximum' of unit '.kenworthk100.r.pane.4b' (of type 'glass_pane_data').
00:05:39.336 : <WARNING> [interior_data] More items defined in dashboard_color array then allowed, first 8 will be used, rest will be ignored!
00:05:39.407 : <WARNING> Ignoring obsolete attribute 'wheel_anim' of unit '3_1i.kenworth.k100e_of.interior' (of type 'accessory_interior_data').
00:05:39.409 : <WARNING> Ignoring obsolete attribute 'drop_size_minimum' of unit '.kenworthk100.r.pane.1a' (of type 'glass_pane_data').
00:05:39.409 : <WARNING> Ignoring obsolete attribute 'drop_size_maximum' of unit '.kenworthk100.r.pane.1a' (of type 'glass_pane_data').
00:05:39.409 : <WARNING> Ignoring obsolete attribute 'drop_size_minimum' of unit '.kenworthk100.r.pane.1b' (of type 'glass_pane_data').
00:05:39.409 : <WARNING> Ignoring obsolete attribute 'drop_size_maximum' of unit '.kenworthk100.r.pane.1b' (of type 'glass_pane_data').
00:05:39.409 : <WARNING> Ignoring obsolete attribute 'drop_size_minimum' of unit '.kenworthk100.r.pane.2a' (of type 'glass_pane_data').
00:05:39.409 : <WARNING> Ignoring obsolete attribute 'drop_size_maximum' of unit '.kenworthk100.r.pane.2a' (of type 'glass_pane_data').
00:05:39.409 : <WARNING> Ignoring obsolete attribute 'drop_size_minimum' of unit '.kenworthk100.r.pane.2b' (of type 'glass_pane_data').
00:05:39.409 : <WARNING> Ignoring obsolete attribute 'drop_size_maximum' of unit '.kenworthk100.r.pane.2b' (of type 'glass_pane_data').
00:05:39.409 : <WARNING> Ignoring obsolete attribute 'drop_size_minimum' of unit '.kenworthk100.r.pane.3a' (of type 'glass_pane_data').
00:05:39.409 : <WARNING> Ignoring obsolete attribute 'drop_size_maximum' of unit '.kenworthk100.r.pane.3a' (of type 'glass_pane_data').
00:05:39.409 : <WARNING> Ignoring obsolete attribute 'drop_size_minimum' of unit '.kenworthk100.r.pane.3b' (of type 'glass_pane_data').
00:05:39.409 : <WARNING> Ignoring obsolete attribute 'drop_size_maximum' of unit '.kenworthk100.r.pane.3b' (of type 'glass_pane_data').
00:05:39.409 : <WARNING> Ignoring obsolete attribute 'drop_size_minimum' of unit '.kenworthk100.r.pane.4a' (of type 'glass_pane_data').
00:05:39.409 : <WARNING> Ignoring obsolete attribute 'drop_size_maximum' of unit '.kenworthk100.r.pane.4a' (of type 'glass_pane_data').
00:05:39.409 : <WARNING> Ignoring obsolete attribute 'drop_size_minimum' of unit '.kenworthk100.r.pane.4b' (of type 'glass_pane_data').
00:05:39.409 : <WARNING> Ignoring obsolete attribute 'drop_size_maximum' of unit '.kenworthk100.r.pane.4b' (of type 'glass_pane_data').
00:05:39.410 : <WARNING> Ignoring obsolete attribute 'drop_size_minimum' of unit '.kenworthk100.r.pane.r1' (of type 'glass_pane_data').
00:05:39.410 : <WARNING> Ignoring obsolete attribute 'drop_size_maximum' of unit '.kenworthk100.r.pane.r1' (of type 'glass_pane_data').
00:05:39.410 : <WARNING> Ignoring obsolete attribute 'drop_size_minimum' of unit '.kenworthk100.r.pane.r2' (of type 'glass_pane_data').
00:05:39.410 : <WARNING> Ignoring obsolete attribute 'drop_size_maximum' of unit '.kenworthk100.r.pane.r2' (of type 'glass_pane_data').
00:05:39.411 : <WARNING> [interior_data] More items defined in dashboard_color array then allowed, first 8 will be used, rest will be ignored!
00:05:39.414 : <ERROR> [fs] Failed to open file '/def/vehicle/truck/kenworth.k100e_of/accessory/w_cover/5.sii' in the read_only mode.
00:05:39.416 : <ERROR> [fs] Failed to open file '/def/vehicle/truck/kenworth.k100e_of/accessory/w_cover/5.sii' in the read_only mode.
00:05:39.416 : <ERROR> load_unit() - Failed to open file (/def/vehicle/truck/kenworth.k100e_of/accessory/w_cover/5.sii)
00:05:39.482 : <WARNING> Ignoring obsolete attribute 'wheel_anim' of unit '2_3e.kenworth.k100e__of.interior' (of type 'accessory_interior_data').
00:05:39.492 : <WARNING> Ignoring obsolete attribute 'drop_size_minimum' of unit '.kenworthk100.r.pane.1a' (of type 'glass_pane_data').
00:05:39.492 : <WARNING> Ignoring obsolete attribute 'drop_size_maximum' of unit '.kenworthk100.r.pane.1a' (of type 'glass_pane_data').
00:05:39.492 : <WARNING> Ignoring obsolete attribute 'drop_size_minimum' of unit '.kenworthk100.r.pane.1b' (of type 'glass_pane_data').
00:05:39.492 : <WARNING> Ignoring obsolete attribute 'drop_size_maximum' of unit '.kenworthk100.r.pane.1b' (of type 'glass_pane_data').
00:05:39.492 : <WARNING> Ignoring obsolete attribute 'drop_size_minimum' of unit '.kenworthk100.r.pane.2a' (of type 'glass_pane_data').
00:05:39.492 : <WARNING> Ignoring obsolete attribute 'drop_size_maximum' of unit '.kenworthk100.r.pane.2a' (of type 'glass_pane_data').
00:05:39.492 : <WARNING> Ignoring obsolete attribute 'drop_size_minimum' of unit '.kenworthk100.r.pane.2b' (of type 'glass_pane_data').
00:05:39.492 : <WARNING> Ignoring obsolete attribute 'drop_size_maximum' of unit '.kenworthk100.r.pane.2b' (of type 'glass_pane_data').
00:05:39.492 : <WARNING> Ignoring obsolete attribute 'drop_size_minimum' of unit '.kenworthk100.r.pane.3a' (of type 'glass_pane_data').
00:05:39.492 : <WARNING> Ignoring obsolete attribute 'drop_size_maximum' of unit '.kenworthk100.r.pane.3a' (of type 'glass_pane_data').
00:05:39.492 : <WARNING> Ignoring obsolete attribute 'drop_size_minimum' of unit '.kenworthk100.r.pane.3b' (of type 'glass_pane_data').
00:05:39.492 : <WARNING> Ignoring obsolete attribute 'drop_size_maximum' of unit '.kenworthk100.r.pane.3b' (of type 'glass_pane_data').
00:05:39.492 : <WARNING> Ignoring obsolete attribute 'drop_size_minimum' of unit '.kenworthk100.r.pane.4a' (of type 'glass_pane_data').
00:05:39.492 : <WARNING> Ignoring obsolete attribute 'drop_size_maximum' of unit '.kenworthk100.r.pane.4a' (of type 'glass_pane_data').
00:05:39.492 : <WARNING> Ignoring obsolete attribute 'drop_size_minimum' of unit '.kenworthk100.r.pane.4b' (of type 'glass_pane_data').
00:05:39.492 : <WARNING> Ignoring obsolete attribute 'drop_size_maximum' of unit '.kenworthk100.r.pane.4b' (of type 'glass_pane_data').
00:05:39.493 : <WARNING> [interior_data] More items defined in dashboard_color array then allowed, first 8 will be used, rest will be ignored!
00:05:39.560 : <WARNING> Ignoring obsolete attribute 'wheel_anim' of unit '4_3i.kenworth.k100e_of.interior' (of type 'accessory_interior_data').
00:05:39.562 : <WARNING> Ignoring obsolete attribute 'drop_size_minimum' of unit '.kenworthk100.r.pane.1a' (of type 'glass_pane_data').
00:05:39.562 : <WARNING> Ignoring obsolete attribute 'drop_size_maximum' of unit '.kenworthk100.r.pane.1a' (of type 'glass_pane_data').
00:05:39.562 : <WARNING> Ignoring obsolete attribute 'drop_size_minimum' of unit '.kenworthk100.r.pane.1b' (of type 'glass_pane_data').
00:05:39.562 : <WARNING> Ignoring obsolete attribute 'drop_size_maximum' of unit '.kenworthk100.r.pane.1b' (of type 'glass_pane_data').
00:05:39.562 : <WARNING> Ignoring obsolete attribute 'drop_size_minimum' of unit '.kenworthk100.r.pane.2a' (of type 'glass_pane_data').
00:05:39.562 : <WARNING> Ignoring obsolete attribute 'drop_size_maximum' of unit '.kenworthk100.r.pane.2a' (of type 'glass_pane_data').
00:05:39.562 : <WARNING> Ignoring obsolete attribute 'drop_size_minimum' of unit '.kenworthk100.r.pane.2b' (of type 'glass_pane_data').
00:05:39.562 : <WARNING> Ignoring obsolete attribute 'drop_size_maximum' of unit '.kenworthk100.r.pane.2b' (of type 'glass_pane_data').
00:05:39.562 : <WARNING> Ignoring obsolete attribute 'drop_size_minimum' of unit '.kenworthk100.r.pane.3a' (of type 'glass_pane_data').
00:05:39.562 : <WARNING> Ignoring obsolete attribute 'drop_size_maximum' of unit '.kenworthk100.r.pane.3a' (of type 'glass_pane_data').
00:05:39.562 : <WARNING> Ignoring obsolete attribute 'drop_size_minimum' of unit '.kenworthk100.r.pane.3b' (of type 'glass_pane_data').
00:05:39.562 : <WARNING> Ignoring obsolete attribute 'drop_size_maximum' of unit '.kenworthk100.r.pane.3b' (of type 'glass_pane_data').
00:05:39.562 : <WARNING> Ignoring obsolete attribute 'drop_size_minimum' of unit '.kenworthk100.r.pane.4a' (of type 'glass_pane_data').
00:05:39.562 : <WARNING> Ignoring obsolete attribute 'drop_size_maximum' of unit '.kenworthk100.r.pane.4a' (of type 'glass_pane_data').
00:05:39.562 : <WARNING> Ignoring obsolete attribute 'drop_size_minimum' of unit '.kenworthk100.r.pane.4b' (of type 'glass_pane_data').
00:05:39.562 : <WARNING> Ignoring obsolete attribute 'drop_size_maximum' of unit '.kenworthk100.r.pane.4b' (of type 'glass_pane_data').
00:05:39.565 : <WARNING> Ignoring obsolete attribute 'drop_size_minimum' of unit '.kenworthk100.r.pane.r3' (of type 'glass_pane_data').
00:05:39.565 : <WARNING> Ignoring obsolete attribute 'drop_size_maximum' of unit '.kenworthk100.r.pane.r3' (of type 'glass_pane_data').
00:05:39.565 : <WARNING> Ignoring obsolete attribute 'drop_size_minimum' of unit '.kenworthk100.r.pane.r4' (of type 'glass_pane_data').
00:05:39.565 : <WARNING> Ignoring obsolete attribute 'drop_size_maximum' of unit '.kenworthk100.r.pane.r4' (of type 'glass_pane_data').
00:05:39.565 : <WARNING> [interior_data] More items defined in dashboard_color array then allowed, first 8 will be used, rest will be ignored!
00:05:39.613 : <WARNING> Ignoring obsolete attribute 'sound_horn' of unit 'baixa.kenworth.wp.cabin' (of type 'accessory_cabin_data').
00:05:39.613 : <WARNING> Ignoring obsolete attribute 'sound_air_horn' of unit 'baixa.kenworth.wp.cabin' (of type 'accessory_cabin_data').
00:05:39.625 : <WARNING> Ignoring obsolete attribute 'drop_size_minimum' of unit '.kenworthwp.r.pane.front' (of type 'glass_pane_data').
00:05:39.625 : <WARNING> Ignoring obsolete attribute 'drop_size_maximum' of unit '.kenworthwp.r.pane.front' (of type 'glass_pane_data').
00:05:39.625 : <WARNING> Ignoring obsolete attribute 'drop_size_minimum' of unit '.kenworthwp.r.pane.close' (of type 'glass_pane_data').
00:05:39.625 : <WARNING> Ignoring obsolete attribute 'drop_size_maximum' of unit '.kenworthwp.r.pane.close' (of type 'glass_pane_data').
00:05:39.625 : <WARNING> Ignoring obsolete attribute 'drop_size_minimum' of unit '.kenworthwp.r.pane.far' (of type 'glass_pane_data').
00:05:39.625 : <WARNING> Ignoring obsolete attribute 'drop_size_maximum' of unit '.kenworthwp.r.pane.far' (of type 'glass_pane_data').
00:05:39.625 : <WARNING> Ignoring obsolete attribute 'drop_size_minimum' of unit '.kenworthwp.r.pane.door' (of type 'glass_pane_data').
00:05:39.625 : <WARNING> Ignoring obsolete attribute 'drop_size_maximum' of unit '.kenworthwp.r.pane.door' (of type 'glass_pane_data').
00:05:39.625 : <WARNING> Ignoring obsolete attribute 'drop_size_minimum' of unit '.kenworthwp.r.pane.roof' (of type 'glass_pane_data').
00:05:39.625 : <WARNING> Ignoring obsolete attribute 'drop_size_maximum' of unit '.kenworthwp.r.pane.roof' (of type 'glass_pane_data').
00:05:39.627 : <WARNING> Ignoring obsolete attribute 'drop_size_minimum' of unit '.kenworthwp.r.pane.back_sl' (of type 'glass_pane_data').
00:05:39.627 : <WARNING> Ignoring obsolete attribute 'drop_size_maximum' of unit '.kenworthwp.r.pane.back_sl' (of type 'glass_pane_data').
00:05:39.746 : <ERROR> [fs] Failed to open file '/def/vehicle/truck/kenworth.wp/accessory/logo_f/pinga_l.sii' in the read_only mode.
00:05:39.747 : <ERROR> [fs] Failed to open file '/def/vehicle/truck/kenworth.wp/accessory/logo_f/pinga_l.sii' in the read_only mode.
00:05:39.747 : <ERROR> load_unit() - Failed to open file (/def/vehicle/truck/kenworth.wp/accessory/logo_f/pinga_l.sii)
00:05:39.957 : <WARNING> Ignoring obsolete attribute 'wear' of unit '.flb_dealer4.data' (of type 'vehicle_accessory').
00:05:39.957 : <WARNING> Ignoring obsolete attribute 'wear' of unit '.flb_dealer4.chassis' (of type 'vehicle_accessory').
00:05:39.957 : <WARNING> Ignoring obsolete attribute 'wear' of unit '.flb_dealer4.cabin' (of type 'vehicle_accessory').
00:05:39.957 : <WARNING> Ignoring obsolete attribute 'wear' of unit '.flb_dealer4.interior' (of type 'vehicle_accessory').
00:05:39.957 : <WARNING> Ignoring obsolete attribute 'wear' of unit '.flb_dealer4.engine' (of type 'vehicle_accessory').
00:05:39.957 : <WARNING> Ignoring obsolete attribute 'wear' of unit '.flb_dealer4.transmission' (of type 'vehicle_accessory').
00:05:39.957 : <WARNING> Ignoring obsolete attribute 'wear' of unit '.flb_dealer4.head_light' (of type 'vehicle_accessory').
00:05:39.957 : <WARNING> Ignoring obsolete attribute 'wear' of unit '.flb_dealer4.ftire' (of type 'vehicle_wheel_accessory').
00:05:39.957 : <WARNING> Ignoring obsolete attribute 'wear' of unit '.flb_dealer4.fdisc' (of type 'vehicle_wheel_accessory').
00:05:39.957 : <WARNING> Ignoring obsolete attribute 'wear' of unit '.flb_dealer4.fhub' (of type 'vehicle_wheel_accessory').
00:05:39.957 : <WARNING> Ignoring obsolete attribute 'wear' of unit '.flb_dealer4.fnuts' (of type 'vehicle_wheel_accessory').
00:05:39.957 : <WARNING> Ignoring obsolete attribute 'wear' of unit '.flb_dealer4.rtire1' (of type 'vehicle_wheel_accessory').
00:05:39.957 : <WARNING> Ignoring obsolete attribute 'wear' of unit '.flb_dealer4.rdisc1' (of type 'vehicle_wheel_accessory').
00:05:39.957 : <WARNING> Ignoring obsolete attribute 'wear' of unit '.flb_dealer4.rhub1' (of type 'vehicle_wheel_accessory').
00:05:39.957 : <WARNING> Ignoring obsolete attribute 'wear' of unit '.flb_dealer4.rnuts1' (of type 'vehicle_wheel_accessory').
00:05:39.957 : <WARNING> Ignoring obsolete attribute 'wear' of unit '.flb_dealer4.paint_job' (of type 'vehicle_paint_job_accessory').
00:05:39.957 : <WARNING> Ignoring obsolete attribute 'wear' of unit '.flb_dealer4.mirror' (of type 'vehicle_addon_accessory').
00:05:39.957 : <WARNING> Ignoring obsolete attribute 'wear' of unit '.flb_dealer4.tanks' (of type 'vehicle_addon_accessory').
00:05:39.957 : <WARNING> Ignoring obsolete attribute 'wear' of unit '.flb_dealer4.tank_straps' (of type 'vehicle_addon_accessory').
00:05:39.957 : <WARNING> Ignoring obsolete attribute 'wear' of unit '.flb_dealer4.fen8x4' (of type 'vehicle_addon_accessory').
00:05:39.957 : <WARNING> Ignoring obsolete attribute 'wear' of unit '.flb_dealer4.b_grill' (of type 'vehicle_addon_accessory').
00:05:39.957 : <WARNING> Ignoring obsolete attribute 'wear' of unit '.flb_dealer4.roof' (of type 'vehicle_addon_accessory').
00:05:39.957 : <WARNING> Ignoring obsolete attribute 'wear' of unit '.flb_dealer4.faros' (of type 'vehicle_addon_accessory').
00:05:39.957 : <WARNING> Ignoring obsolete attribute 'wear' of unit '.flb_dealer4.pipe' (of type 'vehicle_addon_accessory').
00:05:39.957 : <WARNING> Ignoring obsolete attribute 'wear' of unit '.flb_dealer4.r_lights' (of type 'vehicle_addon_accessory').
00:05:39.957 : <WARNING> Ignoring obsolete attribute 'wear' of unit '.flb_dealer4.frame' (of type 'vehicle_addon_accessory').
00:05:39.958 : <WARNING> Ignoring obsolete attribute 'wear' of unit '.flb_dealer4.steering_w' (of type 'vehicle_addon_accessory').
00:05:39.958 : <WARNING> Ignoring obsolete attribute 'wear' of unit '.flb_dealer4.ffenders' (of type 'vehicle_addon_accessory').
00:05:39.958 : <WARNING> Ignoring obsolete attribute 'wear' of unit '.flb_dealer4.panels' (of type 'vehicle_addon_accessory').
00:05:39.958 : <WARNING> Ignoring obsolete attribute 'wear' of unit '.flb_dealer4.gauges' (of type 'vehicle_addon_accessory').
00:05:39.958 : <WARNING> Ignoring obsolete attribute 'wear' of unit '.flb_dealer4.racks' (of type 'vehicle_addon_accessory').
00:05:39.958 : <WARNING> Ignoring obsolete attribute 'wear' of unit '.flb_dealer4.badge' (of type 'vehicle_addon_accessory').
00:05:40.509 : <WARNING> Ignoring obsolete attribute 'drop_size_minimum' of unit '.cascadia.r.pane.front' (of type 'glass_pane_data').
00:05:40.509 : <WARNING> Ignoring obsolete attribute 'drop_size_maximum' of unit '.cascadia.r.pane.front' (of type 'glass_pane_data').
00:05:40.509 : <WARNING> Ignoring obsolete attribute 'drop_size_minimum' of unit '.cascadia.r.pane.fl_fort' (of type 'glass_pane_data').
00:05:40.509 : <WARNING> Ignoring obsolete attribute 'drop_size_maximum' of unit '.cascadia.r.pane.fl_fort' (of type 'glass_pane_data').
00:05:40.509 : <WARNING> Ignoring obsolete attribute 'drop_size_minimum' of unit '.cascadia.r.pane.fr_fort' (of type 'glass_pane_data').
00:05:40.509 : <WARNING> Ignoring obsolete attribute 'drop_size_maximum' of unit '.cascadia.r.pane.fr_fort' (of type 'glass_pane_data').
00:05:40.509 : <WARNING> Ignoring obsolete attribute 'drop_size_minimum' of unit '.cascadia.r.pane.close' (of type 'glass_pane_data').
00:05:40.509 : <WARNING> Ignoring obsolete attribute 'drop_size_maximum' of unit '.cascadia.r.pane.close' (of type 'glass_pane_data').
00:05:40.509 : <WARNING> Ignoring obsolete attribute 'drop_size_minimum' of unit '.cascadia.r.pane.far' (of type 'glass_pane_data').
00:05:40.509 : <WARNING> Ignoring obsolete attribute 'drop_size_maximum' of unit '.cascadia.r.pane.far' (of type 'glass_pane_data').
00:05:40.511 : <WARNING> Ignoring obsolete attribute 'drop_size_minimum' of unit '.cascadia.r.pane.back_72_l' (of type 'glass_pane_data').
00:05:40.511 : <WARNING> Ignoring obsolete attribute 'drop_size_maximum' of unit '.cascadia.r.pane.back_72_l' (of type 'glass_pane_data').
00:05:40.511 : <WARNING> Ignoring obsolete attribute 'drop_size_minimum' of unit '.cascadia.r.pane.back_72_r' (of type 'glass_pane_data').
00:05:40.511 : <WARNING> Ignoring obsolete attribute 'drop_size_maximum' of unit '.cascadia.r.pane.back_72_r' (of type 'glass_pane_data').
00:05:40.662 : <WARNING> Ignoring obsolete attribute 'drop_size_minimum' of unit '.cascadia.r.pane.front' (of type 'glass_pane_data').
00:05:40.662 : <WARNING> Ignoring obsolete attribute 'drop_size_maximum' of unit '.cascadia.r.pane.front' (of type 'glass_pane_data').
00:05:40.662 : <WARNING> Ignoring obsolete attribute 'drop_size_minimum' of unit '.cascadia.r.pane.fl_fort' (of type 'glass_pane_data').
00:05:40.662 : <WARNING> Ignoring obsolete attribute 'drop_size_maximum' of unit '.cascadia.r.pane.fl_fort' (of type 'glass_pane_data').
00:05:40.662 : <WARNING> Ignoring obsolete attribute 'drop_size_minimum' of unit '.cascadia.r.pane.fr_fort' (of type 'glass_pane_data').
00:05:40.662 : <WARNING> Ignoring obsolete attribute 'drop_size_maximum' of unit '.cascadia.r.pane.fr_fort' (of type 'glass_pane_data').
00:05:40.662 : <WARNING> Ignoring obsolete attribute 'drop_size_minimum' of unit '.cascadia.r.pane.close' (of type 'glass_pane_data').
00:05:40.662 : <WARNING> Ignoring obsolete attribute 'drop_size_maximum' of unit '.cascadia.r.pane.close' (of type 'glass_pane_data').
00:05:40.662 : <WARNING> Ignoring obsolete attribute 'drop_size_minimum' of unit '.cascadia.r.pane.far' (of type 'glass_pane_data').
00:05:40.662 : <WARNING> Ignoring obsolete attribute 'drop_size_maximum' of unit '.cascadia.r.pane.far' (of type 'glass_pane_data').
00:05:40.662 : <WARNING> Ignoring obsolete attribute 'drop_size_minimum' of unit '.cascadia.r.pane.back_72_l' (of type 'glass_pane_data').
00:05:40.662 : <WARNING> Ignoring obsolete attribute 'drop_size_maximum' of unit '.cascadia.r.pane.back_72_l' (of type 'glass_pane_data').
00:05:40.662 : <WARNING> Ignoring obsolete attribute 'drop_size_minimum' of unit '.cascadia.r.pane.back_72_r' (of type 'glass_pane_data').
00:05:40.662 : <WARNING> Ignoring obsolete attribute 'drop_size_maximum' of unit '.cascadia.r.pane.back_72_r' (of type 'glass_pane_data').
00:05:40.738 : <WARNING> Ignoring obsolete attribute 'drop_size_minimum' of unit '.cascadia.r.pane.front' (of type 'glass_pane_data').
00:05:40.738 : <WARNING> Ignoring obsolete attribute 'drop_size_maximum' of unit '.cascadia.r.pane.front' (of type 'glass_pane_data').
00:05:40.738 : <WARNING> Ignoring obsolete attribute 'drop_size_minimum' of unit '.cascadia.r.pane.fl_fort' (of type 'glass_pane_data').
00:05:40.738 : <WARNING> Ignoring obsolete attribute 'drop_size_maximum' of unit '.cascadia.r.pane.fl_fort' (of type 'glass_pane_data').
00:05:40.738 : <WARNING> Ignoring obsolete attribute 'drop_size_minimum' of unit '.cascadia.r.pane.fr_fort' (of type 'glass_pane_data').
00:05:40.738 : <WARNING> Ignoring obsolete attribute 'drop_size_maximum' of unit '.cascadia.r.pane.fr_fort' (of type 'glass_pane_data').
00:05:40.738 : <WARNING> Ignoring obsolete attribute 'drop_size_minimum' of unit '.cascadia.r.pane.close' (of type 'glass_pane_data').
00:05:40.738 : <WARNING> Ignoring obsolete attribute 'drop_size_maximum' of unit '.cascadia.r.pane.close' (of type 'glass_pane_data').
00:05:40.738 : <WARNING> Ignoring obsolete attribute 'drop_size_minimum' of unit '.cascadia.r.pane.far' (of type 'glass_pane_data').
00:05:40.738 : <WARNING> Ignoring obsolete attribute 'drop_size_maximum' of unit '.cascadia.r.pane.far' (of type 'glass_pane_data').
00:05:40.738 : <WARNING> Ignoring obsolete attribute 'drop_size_minimum' of unit '.cascadia.r.pane.back_72_l' (of type 'glass_pane_data').
00:05:40.738 : <WARNING> Ignoring obsolete attribute 'drop_size_maximum' of unit '.cascadia.r.pane.back_72_l' (of type 'glass_pane_data').
00:05:40.738 : <WARNING> Ignoring obsolete attribute 'drop_size_minimum' of unit '.cascadia.r.pane.back_72_r' (of type 'glass_pane_data').
00:05:40.738 : <WARNING> Ignoring obsolete attribute 'drop_size_maximum' of unit '.cascadia.r.pane.back_72_r' (of type 'glass_pane_data').
00:05:40.824 : <WARNING> Ignoring obsolete attribute 'drop_size_minimum' of unit '.cascadia.r.pane.front' (of type 'glass_pane_data').
00:05:40.824 : <WARNING> Ignoring obsolete attribute 'drop_size_maximum' of unit '.cascadia.r.pane.front' (of type 'glass_pane_data').
00:05:40.824 : <WARNING> Ignoring obsolete attribute 'drop_size_minimum' of unit '.cascadia.r.pane.fl_fort' (of type 'glass_pane_data').
00:05:40.824 : <WARNING> Ignoring obsolete attribute 'drop_size_maximum' of unit '.cascadia.r.pane.fl_fort' (of type 'glass_pane_data').
00:05:40.824 : <WARNING> Ignoring obsolete attribute 'drop_size_minimum' of unit '.cascadia.r.pane.fr_fort' (of type 'glass_pane_data').
00:05:40.824 : <WARNING> Ignoring obsolete attribute 'drop_size_maximum' of unit '.cascadia.r.pane.fr_fort' (of type 'glass_pane_data').
00:05:40.824 : <WARNING> Ignoring obsolete attribute 'drop_size_minimum' of unit '.cascadia.r.pane.close' (of type 'glass_pane_data').
00:05:40.824 : <WARNING> Ignoring obsolete attribute 'drop_size_maximum' of unit '.cascadia.r.pane.close' (of type 'glass_pane_data').
00:05:40.824 : <WARNING> Ignoring obsolete attribute 'drop_size_minimum' of unit '.cascadia.r.pane.far' (of type 'glass_pane_data').
00:05:40.824 : <WARNING> Ignoring obsolete attribute 'drop_size_maximum' of unit '.cascadia.r.pane.far' (of type 'glass_pane_data').
00:05:40.824 : <WARNING> Ignoring obsolete attribute 'drop_size_minimum' of unit '.cascadia.r.pane.back_72_l' (of type 'glass_pane_data').
00:05:40.824 : <WARNING> Ignoring obsolete attribute 'drop_size_maximum' of unit '.cascadia.r.pane.back_72_l' (of type 'glass_pane_data').
00:05:40.824 : <WARNING> Ignoring obsolete attribute 'drop_size_minimum' of unit '.cascadia.r.pane.back_72_r' (of type 'glass_pane_data').
00:05:40.824 : <WARNING> Ignoring obsolete attribute 'drop_size_maximum' of unit '.cascadia.r.pane.back_72_r' (of type 'glass_pane_data').
00:05:40.881 : <WARNING> Ignoring obsolete attribute 'drop_size_minimum' of unit '.cascadia.r.pane.front' (of type 'glass_pane_data').
00:05:40.881 : <WARNING> Ignoring obsolete attribute 'drop_size_maximum' of unit '.cascadia.r.pane.front' (of type 'glass_pane_data').
00:05:40.881 : <WARNING> Ignoring obsolete attribute 'drop_size_minimum' of unit '.cascadia.r.pane.fl_fort' (of type 'glass_pane_data').
00:05:40.881 : <WARNING> Ignoring obsolete attribute 'drop_size_maximum' of unit '.cascadia.r.pane.fl_fort' (of type 'glass_pane_data').
00:05:40.881 : <WARNING> Ignoring obsolete attribute 'drop_size_minimum' of unit '.cascadia.r.pane.fr_fort' (of type 'glass_pane_data').
00:05:40.881 : <WARNING> Ignoring obsolete attribute 'drop_size_maximum' of unit '.cascadia.r.pane.fr_fort' (of type 'glass_pane_data').
00:05:40.881 : <WARNING> Ignoring obsolete attribute 'drop_size_minimum' of unit '.cascadia.r.pane.close' (of type 'glass_pane_data').
00:05:40.881 : <WARNING> Ignoring obsolete attribute 'drop_size_maximum' of unit '.cascadia.r.pane.close' (of type 'glass_pane_data').
00:05:40.881 : <WARNING> Ignoring obsolete attribute 'drop_size_minimum' of unit '.cascadia.r.pane.far' (of type 'glass_pane_data').
00:05:40.881 : <WARNING> Ignoring obsolete attribute 'drop_size_maximum' of unit '.cascadia.r.pane.far' (of type 'glass_pane_data').
00:05:40.883 : <WARNING> Ignoring obsolete attribute 'drop_size_minimum' of unit '.cascadia.r.pane.rr_glasspane' (of type 'glass_pane_data').
00:05:40.883 : <WARNING> Ignoring obsolete attribute 'drop_size_maximum' of unit '.cascadia.r.pane.rr_glasspane' (of type 'glass_pane_data').
00:05:40.883 : <WARNING> Ignoring obsolete attribute 'drop_size_minimum' of unit '.cascadia.r.pane.rl_glasspane' (of type 'glass_pane_data').
00:05:40.883 : <WARNING> Ignoring obsolete attribute 'drop_size_maximum' of unit '.cascadia.r.pane.rl_glasspane' (of type 'glass_pane_data').
00:05:41.465 : <WARNING> Ignoring obsolete attribute 'wheel_anim' of unit 'standard.freightliner.flb.interior' (of type 'accessory_interior_data').
00:05:41.469 : <WARNING> Ignoring obsolete attribute 'drop_size_minimum' of unit '.freightliner.flb.pane.front_left' (of type 'glass_pane_data').
00:05:41.469 : <WARNING> Ignoring obsolete attribute 'drop_size_maximum' of unit '.freightliner.flb.pane.front_left' (of type 'glass_pane_data').
00:05:41.469 : <WARNING> Ignoring obsolete attribute 'drop_size_minimum' of unit '.freightliner.flb.pane.front_right' (of type 'glass_pane_data').
00:05:41.469 : <WARNING> Ignoring obsolete attribute 'drop_size_maximum' of unit '.freightliner.flb.pane.front_right' (of type 'glass_pane_data').
00:05:41.469 : <WARNING> Ignoring obsolete attribute 'drop_size_minimum' of unit '.freightliner.flb.pane.close' (of type 'glass_pane_data').
00:05:41.469 : <WARNING> Ignoring obsolete attribute 'drop_size_maximum' of unit '.freightliner.flb.pane.close' (of type 'glass_pane_data').
00:05:41.469 : <WARNING> Ignoring obsolete attribute 'drop_size_minimum' of unit '.freightliner.flb.pane.close_sm' (of type 'glass_pane_data').
00:05:41.469 : <WARNING> Ignoring obsolete attribute 'drop_size_maximum' of unit '.freightliner.flb.pane.close_sm' (of type 'glass_pane_data').
00:05:41.469 : <WARNING> Ignoring obsolete attribute 'drop_size_minimum' of unit '.freightliner.flb.pane.far' (of type 'glass_pane_data').
00:05:41.469 : <WARNING> Ignoring obsolete attribute 'drop_size_maximum' of unit '.freightliner.flb.pane.far' (of type 'glass_pane_data').
00:05:41.469 : <WARNING> Ignoring obsolete attribute 'drop_size_minimum' of unit '.freightliner.flb.pane.far_sm' (of type 'glass_pane_data').
00:05:41.469 : <WARNING> Ignoring obsolete attribute 'drop_size_maximum' of unit '.freightliner.flb.pane.far_sm' (of type 'glass_pane_data').
00:05:41.481 : <ERROR> [fs] Failed to open file '/def/vehicle/f_hub/front_hub_08.sii' in the read_only mode.
00:05:41.483 : <ERROR> [fs] Failed to open file '/def/vehicle/f_hub/front_hub_08.sii' in the read_only mode.
00:05:41.483 : <ERROR> load_unit() - Failed to open file (/def/vehicle/f_hub/front_hub_08.sii)
00:05:41.484 : <ERROR> [fs] Failed to open file '/def/vehicle/r_disc/rear_disc_02.sii' in the read_only mode.
00:05:41.485 : <ERROR> [fs] Failed to open file '/def/vehicle/r_disc/rear_disc_02.sii' in the read_only mode.
00:05:41.486 : <ERROR> load_unit() - Failed to open file (/def/vehicle/r_disc/rear_disc_02.sii)
00:05:41.487 : <ERROR> [fs] Failed to open file '/def/vehicle/r_hub/rear_hub_scania.sii' in the read_only mode.
00:05:41.488 : <ERROR> [fs] Failed to open file '/def/vehicle/r_hub/rear_hub_scania.sii' in the read_only mode.
00:05:41.488 : <ERROR> load_unit() - Failed to open file (/def/vehicle/r_hub/rear_hub_scania.sii)
00:05:41.562 : <WARNING> Ignoring obsolete attribute 'drop_size_minimum' of unit '.flc120.r.pane.front' (of type 'glass_pane_data').
00:05:41.562 : <WARNING> Ignoring obsolete attribute 'drop_size_maximum' of unit '.flc120.r.pane.front' (of type 'glass_pane_data').
00:05:41.562 : <WARNING> Ignoring obsolete attribute 'drop_size_minimum' of unit '.flc120.r.pane.close' (of type 'glass_pane_data').
00:05:41.562 : <WARNING> Ignoring obsolete attribute 'drop_size_maximum' of unit '.flc120.r.pane.close' (of type 'glass_pane_data').
00:05:41.562 : <WARNING> Ignoring obsolete attribute 'drop_size_minimum' of unit '.flc120.r.pane.far' (of type 'glass_pane_data').
00:05:41.562 : <WARNING> Ignoring obsolete attribute 'drop_size_maximum' of unit '.flc120.r.pane.far' (of type 'glass_pane_data').
00:05:41.562 : <WARNING> Ignoring obsolete attribute 'drop_size_minimum' of unit '.flc120.r.pane.left_static' (of type 'glass_pane_data').
00:05:41.562 : <WARNING> Ignoring obsolete attribute 'drop_size_maximum' of unit '.flc120.r.pane.left_static' (of type 'glass_pane_data').
00:05:41.562 : <WARNING> Ignoring obsolete attribute 'drop_size_minimum' of unit '.flc120.r.pane.right_static' (of type 'glass_pane_data').
00:05:41.562 : <WARNING> Ignoring obsolete attribute 'drop_size_maximum' of unit '.flc120.r.pane.right_static' (of type 'glass_pane_data').
00:05:41.562 : <WARNING> Ignoring obsolete attribute 'drop_size_minimum' of unit '.flc120.r.pane.door' (of type 'glass_pane_data').
00:05:41.562 : <WARNING> Ignoring obsolete attribute 'drop_size_maximum' of unit '.flc120.r.pane.door' (of type 'glass_pane_data').
00:05:41.565 : <WARNING> Ignoring obsolete attribute 'drop_size_minimum' of unit '.flc120.r.pane.back_sh' (of type 'glass_pane_data').
00:05:41.565 : <WARNING> Ignoring obsolete attribute 'drop_size_maximum' of unit '.flc120.r.pane.back_sh' (of type 'glass_pane_data').
00:05:41.565 : <WARNING> [interior_data] More items defined in dashboard_color array then allowed, first 8 will be used, rest will be ignored!
00:05:41.631 : <WARNING> Ignoring obsolete attribute 'wheel_anim' of unit 'nexclusivel.freightliner.fld.interior' (of type 'accessory_interior_data').
00:05:41.638 : <WARNING> Ignoring obsolete attribute 'drop_size_minimum' of unit '.freightliner.fld.pane.front_l' (of type 'glass_pane_data').
00:05:41.638 : <WARNING> Ignoring obsolete attribute 'drop_size_maximum' of unit '.freightliner.fld.pane.front_l' (of type 'glass_pane_data').
00:05:41.638 : <WARNING> Ignoring obsolete attribute 'drop_size_minimum' of unit '.freightliner.fld.pane.front_r' (of type 'glass_pane_data').
00:05:41.638 : <WARNING> Ignoring obsolete attribute 'drop_size_maximum' of unit '.freightliner.fld.pane.front_r' (of type 'glass_pane_data').
00:05:41.638 : <WARNING> Ignoring obsolete attribute 'drop_size_minimum' of unit '.freightliner.fld.pane.close' (of type 'glass_pane_data').
00:05:41.638 : <WARNING> Ignoring obsolete attribute 'drop_size_maximum' of unit '.freightliner.fld.pane.close' (of type 'glass_pane_data').
00:05:41.638 : <WARNING> Ignoring obsolete attribute 'drop_size_minimum' of unit '.freightliner.fld.pane.far' (of type 'glass_pane_data').
00:05:41.638 : <WARNING> Ignoring obsolete attribute 'drop_size_maximum' of unit '.freightliner.fld.pane.far' (of type 'glass_pane_data').
00:05:41.638 : <WARNING> Ignoring obsolete attribute 'drop_size_minimum' of unit '.freightliner.fld.pane.top' (of type 'glass_pane_data').
00:05:41.638 : <WARNING> Ignoring obsolete attribute 'drop_size_maximum' of unit '.freightliner.fld.pane.top' (of type 'glass_pane_data').
00:05:41.638 : <WARNING> Ignoring obsolete attribute 'drop_size_minimum' of unit '.freightliner.fld.pane.small' (of type 'glass_pane_data').
00:05:41.638 : <WARNING> Ignoring obsolete attribute 'drop_size_maximum' of unit '.freightliner.fld.pane.small' (of type 'glass_pane_data').
00:05:41.802 : <WARNING> Ignoring obsolete attribute 'drop_size_minimum' of unit '.freightliner.cascadia2024.r.pane.front' (of type 'glass_pane_data').
00:05:41.802 : <WARNING> Ignoring obsolete attribute 'drop_size_maximum' of unit '.freightliner.cascadia2024.r.pane.front' (of type 'glass_pane_data').
00:05:41.802 : <WARNING> Ignoring obsolete attribute 'drop_size_minimum' of unit '.freightliner.cascadia2024.r.pane.close' (of type 'glass_pane_data').
00:05:41.802 : <WARNING> Ignoring obsolete attribute 'drop_size_maximum' of unit '.freightliner.cascadia2024.r.pane.close' (of type 'glass_pane_data').
00:05:41.802 : <WARNING> Ignoring obsolete attribute 'drop_size_minimum' of unit '.freightliner.cascadia2024.r.pane.far' (of type 'glass_pane_data').
00:05:41.802 : <WARNING> Ignoring obsolete attribute 'drop_size_maximum' of unit '.freightliner.cascadia2024.r.pane.far' (of type 'glass_pane_data').
00:05:41.822 : <WARNING> Ignoring obsolete attribute 'drop_size_minimum' of unit '.freightliner.cascadia2024.r.pane.front' (of type 'glass_pane_data').
00:05:41.822 : <WARNING> Ignoring obsolete attribute 'drop_size_maximum' of unit '.freightliner.cascadia2024.r.pane.front' (of type 'glass_pane_data').
00:05:41.822 : <WARNING> Ignoring obsolete attribute 'drop_size_minimum' of unit '.freightliner.cascadia2024.r.pane.close' (of type 'glass_pane_data').
00:05:41.822 : <WARNING> Ignoring obsolete attribute 'drop_size_maximum' of unit '.freightliner.cascadia2024.r.pane.close' (of type 'glass_pane_data').
00:05:41.822 : <WARNING> Ignoring obsolete attribute 'drop_size_minimum' of unit '.freightliner.cascadia2024.r.pane.far' (of type 'glass_pane_data').
00:05:41.822 : <WARNING> Ignoring obsolete attribute 'drop_size_maximum' of unit '.freightliner.cascadia2024.r.pane.far' (of type 'glass_pane_data').
00:05:41.823 : <WARNING> Ignoring obsolete attribute 'drop_size_minimum' of unit '.freightliner.cascadia2024.r.pane.back_s72' (of type 'glass_pane_data').
00:05:41.823 : <WARNING> Ignoring obsolete attribute 'drop_size_maximum' of unit '.freightliner.cascadia2024.r.pane.back_s72' (of type 'glass_pane_data').
00:05:41.861 : <WARNING> Ignoring obsolete attribute 'drop_size_minimum' of unit '.freightliner.cascadia2024.r.pane.front' (of type 'glass_pane_data').
00:05:41.861 : <WARNING> Ignoring obsolete attribute 'drop_size_maximum' of unit '.freightliner.cascadia2024.r.pane.front' (of type 'glass_pane_data').
00:05:41.861 : <WARNING> Ignoring obsolete attribute 'drop_size_minimum' of unit '.freightliner.cascadia2024.r.pane.close' (of type 'glass_pane_data').
00:05:41.861 : <WARNING> Ignoring obsolete attribute 'drop_size_maximum' of unit '.freightliner.cascadia2024.r.pane.close' (of type 'glass_pane_data').
00:05:41.861 : <WARNING> Ignoring obsolete attribute 'drop_size_minimum' of unit '.freightliner.cascadia2024.r.pane.far' (of type 'glass_pane_data').
00:05:41.861 : <WARNING> Ignoring obsolete attribute 'drop_size_maximum' of unit '.freightliner.cascadia2024.r.pane.far' (of type 'glass_pane_data').
00:05:41.861 : <WARNING> Ignoring obsolete attribute 'drop_size_minimum' of unit '.freightliner.cascadia2024.r.pane.back_s72' (of type 'glass_pane_data').
00:05:41.861 : <WARNING> Ignoring obsolete attribute 'drop_size_maximum' of unit '.freightliner.cascadia2024.r.pane.back_s72' (of type 'glass_pane_data').
00:05:41.872 : <WARNING> Ignoring obsolete attribute 'drop_size_minimum' of unit '.freightliner.cascadia2024.r.pane.front' (of type 'glass_pane_data').
00:05:41.872 : <WARNING> Ignoring obsolete attribute 'drop_size_maximum' of unit '.freightliner.cascadia2024.r.pane.front' (of type 'glass_pane_data').
00:05:41.872 : <WARNING> Ignoring obsolete attribute 'drop_size_minimum' of unit '.freightliner.cascadia2024.r.pane.close' (of type 'glass_pane_data').
00:05:41.872 : <WARNING> Ignoring obsolete attribute 'drop_size_maximum' of unit '.freightliner.cascadia2024.r.pane.close' (of type 'glass_pane_data').
00:05:41.872 : <WARNING> Ignoring obsolete attribute 'drop_size_minimum' of unit '.freightliner.cascadia2024.r.pane.far' (of type 'glass_pane_data').
00:05:41.872 : <WARNING> Ignoring obsolete attribute 'drop_size_maximum' of unit '.freightliner.cascadia2024.r.pane.far' (of type 'glass_pane_data').
00:05:41.872 : <WARNING> Ignoring obsolete attribute 'drop_size_minimum' of unit '.freightliner.cascadia2024.r.pane.back_s72' (of type 'glass_pane_data').
00:05:41.872 : <WARNING> Ignoring obsolete attribute 'drop_size_maximum' of unit '.freightliner.cascadia2024.r.pane.back_s72' (of type 'glass_pane_data').
00:05:41.894 : <WARNING> Ignoring obsolete attribute 'drop_size_minimum' of unit '.freightliner.cascadia2024.r.pane.front' (of type 'glass_pane_data').
00:05:41.894 : <WARNING> Ignoring obsolete attribute 'drop_size_maximum' of unit '.freightliner.cascadia2024.r.pane.front' (of type 'glass_pane_data').
00:05:41.894 : <WARNING> Ignoring obsolete attribute 'drop_size_minimum' of unit '.freightliner.cascadia2024.r.pane.close' (of type 'glass_pane_data').
00:05:41.894 : <WARNING> Ignoring obsolete attribute 'drop_size_maximum' of unit '.freightliner.cascadia2024.r.pane.close' (of type 'glass_pane_data').
00:05:41.894 : <WARNING> Ignoring obsolete attribute 'drop_size_minimum' of unit '.freightliner.cascadia2024.r.pane.far' (of type 'glass_pane_data').
00:05:41.894 : <WARNING> Ignoring obsolete attribute 'drop_size_maximum' of unit '.freightliner.cascadia2024.r.pane.far' (of type 'glass_pane_data').
00:05:41.895 : <WARNING> Ignoring obsolete attribute 'drop_size_minimum' of unit '.freightliner.cascadia2024.r.pane.back_day' (of type 'glass_pane_data').
00:05:41.895 : <WARNING> Ignoring obsolete attribute 'drop_size_maximum' of unit '.freightliner.cascadia2024.r.pane.back_day' (of type 'glass_pane_data').
00:05:41.999 : <WARNING> Ignoring obsolete attribute 'wear' of unit '.int_9800d.19A9.85B8' (of type 'vehicle_accessory').
00:05:41.999 : <WARNING> Ignoring obsolete attribute 'wear' of unit '.int_9800d.19A9.6878' (of type 'vehicle_accessory').
00:05:41.999 : <WARNING> Ignoring obsolete attribute 'wear' of unit '.int_9800d.19A9.5EF8' (of type 'vehicle_accessory').
00:05:41.999 : <WARNING> Ignoring obsolete attribute 'wear' of unit '.int_9800d.19A9.5D38' (of type 'vehicle_accessory').
00:05:41.999 : <WARNING> Ignoring obsolete attribute 'wear' of unit '.int_9800d.19A9.9078' (of type 'vehicle_accessory').
00:05:41.999 : <WARNING> Ignoring obsolete attribute 'wear' of unit '.int_9800d.19A9.5578' (of type 'vehicle_accessory').
00:05:41.999 : <WARNING> Ignoring obsolete attribute 'wear' of unit '.int_9800d.19A9.55B8' (of type 'vehicle_accessory').
00:05:41.999 : <WARNING> Ignoring obsolete attribute 'wear' of unit '.int_9800d.ftire' (of type 'vehicle_wheel_accessory').
00:05:41.999 : <WARNING> Ignoring obsolete attribute 'wear' of unit '.int_9800d.fdisc' (of type 'vehicle_wheel_accessory').
00:05:41.999 : <WARNING> Ignoring obsolete attribute 'wear' of unit '.int_9800d.fhub' (of type 'vehicle_wheel_accessory').
00:05:41.999 : <WARNING> Ignoring obsolete attribute 'wear' of unit '.int_9800d.fnuts' (of type 'vehicle_wheel_accessory').
00:05:41.999 : <WARNING> Ignoring obsolete attribute 'wear' of unit '.int_9800d.rtire' (of type 'vehicle_wheel_accessory').
00:05:41.999 : <WARNING> Ignoring obsolete attribute 'wear' of unit '.int_9800d.rdisc' (of type 'vehicle_wheel_accessory').
00:05:41.999 : <WARNING> Ignoring obsolete attribute 'wear' of unit '.int_9800d.rhub' (of type 'vehicle_wheel_accessory').
00:05:41.999 : <WARNING> Ignoring obsolete attribute 'wear' of unit '.int_9800d.rnuts' (of type 'vehicle_wheel_accessory').
00:05:41.999 : <WARNING> Ignoring obsolete attribute 'wear' of unit '.int_9800d.rtire2' (of type 'vehicle_wheel_accessory').
00:05:41.999 : <WARNING> Ignoring obsolete attribute 'wear' of unit '.int_9800d.rdisc2' (of type 'vehicle_wheel_accessory').
00:05:41.999 : <WARNING> Ignoring obsolete attribute 'wear' of unit '.int_9800d.rhub2' (of type 'vehicle_wheel_accessory').
00:05:41.999 : <WARNING> Ignoring obsolete attribute 'wear' of unit '.int_9800d.rnuts2' (of type 'vehicle_wheel_accessory').
00:05:41.999 : <WARNING> Ignoring obsolete attribute 'wear' of unit '.int_9800d.1938.D1B0' (of type 'vehicle_paint_job_accessory').
00:05:41.999 : <WARNING> Ignoring obsolete attribute 'wear' of unit '.int_9800d.1433.A430' (of type 'vehicle_addon_accessory').
00:05:42.000 : <WARNING> Ignoring obsolete attribute 'wear' of unit '.int_9800d.steeringw' (of type 'vehicle_addon_accessory').
00:05:42.000 : <WARNING> Ignoring obsolete attribute 'wear' of unit '.int_9800d.bumper' (of type 'vehicle_addon_accessory').
00:05:42.000 : <WARNING> Ignoring obsolete attribute 'wear' of unit '.int_9800d.cabdefl' (of type 'vehicle_addon_accessory').
00:05:42.000 : <WARNING> Ignoring obsolete attribute 'wear' of unit '.int_9800d.exhaust' (of type 'vehicle_addon_accessory').
00:05:42.000 : <WARNING> Ignoring obsolete attribute 'wear' of unit '.int_9800d.filter' (of type 'vehicle_addon_accessory').
00:05:42.000 : <WARNING> Ignoring obsolete attribute 'wear' of unit '.int_9800d.mudflaps' (of type 'vehicle_addon_accessory').
00:05:42.000 : <WARNING> Ignoring obsolete attribute 'wear' of unit '.int_9800d.rear_cab' (of type 'vehicle_addon_accessory').
00:05:42.000 : <WARNING> Ignoring obsolete attribute 'wear' of unit '.int_9800d.tank' (of type 'vehicle_addon_accessory').
00:05:42.000 : <WARNING> Ignoring obsolete attribute 'wear' of unit '.int_9800d.trlr_cables' (of type 'vehicle_addon_accessory').
00:05:42.057 : <WARNING> Ignoring obsolete attribute 'drop_size_minimum' of unit '.int_9900i.r.pane.lfront' (of type 'glass_pane_data').
00:05:42.057 : <WARNING> Ignoring obsolete attribute 'drop_size_maximum' of unit '.int_9900i.r.pane.lfront' (of type 'glass_pane_data').
00:05:42.057 : <WARNING> Ignoring obsolete attribute 'drop_size_minimum' of unit '.int_9900i.r.pane.rfront' (of type 'glass_pane_data').
00:05:42.057 : <WARNING> Ignoring obsolete attribute 'drop_size_maximum' of unit '.int_9900i.r.pane.rfront' (of type 'glass_pane_data').
00:05:42.057 : <WARNING> Ignoring obsolete attribute 'drop_size_minimum' of unit '.int_9900i.r.pane.lwin' (of type 'glass_pane_data').
00:05:42.057 : <WARNING> Ignoring obsolete attribute 'drop_size_maximum' of unit '.int_9900i.r.pane.lwin' (of type 'glass_pane_data').
00:05:42.057 : <WARNING> Ignoring obsolete attribute 'drop_size_minimum' of unit '.int_9900i.r.pane.rwin' (of type 'glass_pane_data').
00:05:42.057 : <WARNING> Ignoring obsolete attribute 'drop_size_maximum' of unit '.int_9900i.r.pane.rwin' (of type 'glass_pane_data').
00:05:42.057 : <WARNING> Ignoring obsolete attribute 'drop_size_minimum' of unit '.int_9900i.r.pane.lside' (of type 'glass_pane_data').
00:05:42.057 : <WARNING> Ignoring obsolete attribute 'drop_size_maximum' of unit '.int_9900i.r.pane.lside' (of type 'glass_pane_data').
00:05:42.057 : <WARNING> Ignoring obsolete attribute 'drop_size_minimum' of unit '.int_9900i.r.pane.rside' (of type 'glass_pane_data').
00:05:42.057 : <WARNING> Ignoring obsolete attribute 'drop_size_maximum' of unit '.int_9900i.r.pane.rside' (of type 'glass_pane_data').
00:05:42.057 : <WARNING> Ignoring obsolete attribute 'drop_size_minimum' of unit '.int_9900i.r.pane.rpeep' (of type 'glass_pane_data').
00:05:42.057 : <WARNING> Ignoring obsolete attribute 'drop_size_maximum' of unit '.int_9900i.r.pane.rpeep' (of type 'glass_pane_data').
00:05:42.059 : <WARNING> Ignoring obsolete attribute 'drop_size_minimum' of unit '.int_9900i.r.pane.back_day' (of type 'glass_pane_data').
00:05:42.059 : <WARNING> Ignoring obsolete attribute 'drop_size_maximum' of unit '.int_9900i.r.pane.back_day' (of type 'glass_pane_data').
00:05:42.061 : <WARNING> [interior_data] More items defined in dashboard_color array then allowed, first 8 will be used, rest will be ignored!
00:05:42.588 : <WARNING> Ignoring obsolete attribute 'wear' of unit '.gtm_0.w900b_gtm.data' (of type 'vehicle_accessory').
00:05:42.588 : <WARNING> Ignoring obsolete attribute 'wear' of unit '.gtm_0.w900b_gtm.chassis' (of type 'vehicle_accessory').
00:05:42.588 : <WARNING> Ignoring obsolete attribute 'wear' of unit '.gtm_0.w900b_gtm.cabin' (of type 'vehicle_accessory').
00:05:42.588 : <WARNING> Ignoring obsolete attribute 'wear' of unit '.gtm_0.w900b_gtm.interior' (of type 'vehicle_accessory').
00:05:42.588 : <WARNING> Ignoring obsolete attribute 'wear' of unit '.gtm_0.w900b_gtm.engine' (of type 'vehicle_accessory').
00:05:42.588 : <WARNING> Ignoring obsolete attribute 'wear' of unit '.gtm_0.w900b_gtm.transm' (of type 'vehicle_accessory').
00:05:42.588 : <WARNING> Ignoring obsolete attribute 'wear' of unit '.gtm_0.w900b_gtm.headl' (of type 'vehicle_accessory').
00:05:42.588 : <WARNING> Ignoring obsolete attribute 'wear' of unit '.gtm_0.w900b_gtm.ftire' (of type 'vehicle_wheel_accessory').
00:05:42.588 : <WARNING> Ignoring obsolete attribute 'wear' of unit '.gtm_0.w900b_gtm.fdisc' (of type 'vehicle_wheel_accessory').
00:05:42.588 : <WARNING> Ignoring obsolete attribute 'wear' of unit '.gtm_0.w900b_gtm.fhub' (of type 'vehicle_wheel_accessory').
00:05:42.588 : <WARNING> Ignoring obsolete attribute 'wear' of unit '.gtm_0.w900b_gtm.fnuts' (of type 'vehicle_wheel_accessory').
00:05:42.588 : <WARNING> Ignoring obsolete attribute 'wear' of unit '.gtm_0.w900b_gtm.rtire' (of type 'vehicle_wheel_accessory').
00:05:42.588 : <WARNING> Ignoring obsolete attribute 'wear' of unit '.gtm_0.w900b_gtm.rdisc' (of type 'vehicle_wheel_accessory').
00:05:42.588 : <WARNING> Ignoring obsolete attribute 'wear' of unit '.gtm_0.w900b_gtm.rhub' (of type 'vehicle_wheel_accessory').
00:05:42.588 : <WARNING> Ignoring obsolete attribute 'wear' of unit '.gtm_0.w900b_gtm.rnuts' (of type 'vehicle_wheel_accessory').
00:05:42.588 : <WARNING> Ignoring obsolete attribute 'wear' of unit '.gtm_0.w900b_gtm.rtire2' (of type 'vehicle_wheel_accessory').
00:05:42.588 : <WARNING> Ignoring obsolete attribute 'wear' of unit '.gtm_0.w900b_gtm.rdisc2' (of type 'vehicle_wheel_accessory').
00:05:42.588 : <WARNING> Ignoring obsolete attribute 'wear' of unit '.gtm_0.w900b_gtm.rhub2' (of type 'vehicle_wheel_accessory').
00:05:42.588 : <WARNING> Ignoring obsolete attribute 'wear' of unit '.gtm_0.w900b_gtm.rnuts2' (of type 'vehicle_wheel_accessory').
00:05:42.588 : <WARNING> Ignoring obsolete attribute 'wear' of unit '.gtm_0.w900b_gtm.paint' (of type 'vehicle_paint_job_accessory').
00:05:42.588 : <WARNING> Ignoring obsolete attribute 'wear' of unit '.gtm_0.w900b_gtm.mirror' (of type 'vehicle_addon_accessory').
00:05:42.588 : <WARNING> Ignoring obsolete attribute 'wear' of unit '.gtm_0.w900b_gtm.bumper' (of type 'vehicle_addon_accessory').
00:05:42.588 : <WARNING> Ignoring obsolete attribute 'wear' of unit '.gtm_0.w900b_gtm.exhaust' (of type 'vehicle_addon_accessory').
00:05:42.588 : <WARNING> Ignoring obsolete attribute 'wear' of unit '.gtm_0.w900b_gtm.mudflap' (of type 'vehicle_addon_accessory').
00:05:42.588 : <WARNING> Ignoring obsolete attribute 'wear' of unit '.gtm_0.w900b_gtm.filter' (of type 'vehicle_addon_accessory').
00:05:42.588 : <WARNING> Ignoring obsolete attribute 'wear' of unit '.gtm_0.w900b_gtm.lights' (of type 'vehicle_addon_accessory').
00:05:42.588 : <WARNING> Ignoring obsolete attribute 'wear' of unit '.gtm_0.w900b_gtm.horns' (of type 'vehicle_addon_accessory').
00:05:42.588 : <WARNING> Ignoring obsolete attribute 'wear' of unit '.gtm_0.w900b_gtm.swheel' (of type 'vehicle_addon_accessory').
00:05:42.591 : <WARNING> Ignoring obsolete attribute 'wear' of unit '.kenworth_0.t800_gtm.data' (of type 'vehicle_accessory').
00:05:42.591 : <WARNING> Ignoring obsolete attribute 'wear' of unit '.kenworth_0.t800_gtm.chassis' (of type 'vehicle_accessory').
00:05:42.591 : <WARNING> Ignoring obsolete attribute 'wear' of unit '.kenworth_0.t800_gtm.cabin' (of type 'vehicle_accessory').
00:05:42.591 : <WARNING> Ignoring obsolete attribute 'wear' of unit '.kenworth_0.t800_gtm.interior' (of type 'vehicle_accessory').
00:05:42.591 : <WARNING> Ignoring obsolete attribute 'wear' of unit '.kenworth_0.t800_gtm.engine' (of type 'vehicle_accessory').
00:05:42.591 : <WARNING> Ignoring obsolete attribute 'wear' of unit '.kenworth_0.t800_gtm.transm' (of type 'vehicle_accessory').
00:05:42.591 : <WARNING> Ignoring obsolete attribute 'wear' of unit '.kenworth_0.t800_gtm.headl' (of type 'vehicle_accessory').
00:05:42.592 : <WARNING> Ignoring obsolete attribute 'wear' of unit '.kenworth_0.t800_gtm.ftire' (of type 'vehicle_wheel_accessory').
00:05:42.592 : <WARNING> Ignoring obsolete attribute 'wear' of unit '.kenworth_0.t800_gtm.fdisc' (of type 'vehicle_wheel_accessory').
00:05:42.592 : <WARNING> Ignoring obsolete attribute 'wear' of unit '.kenworth_0.t800_gtm.fhub' (of type 'vehicle_wheel_accessory').
00:05:42.592 : <WARNING> Ignoring obsolete attribute 'wear' of unit '.kenworth_0.t800_gtm.fnuts' (of type 'vehicle_wheel_accessory').
00:05:42.592 : <WARNING> Ignoring obsolete attribute 'wear' of unit '.kenworth_0.t800_gtm.rtire' (of type 'vehicle_wheel_accessory').
00:05:42.592 : <WARNING> Ignoring obsolete attribute 'wear' of unit '.kenworth_0.t800_gtm.rdisc' (of type 'vehicle_wheel_accessory').
00:05:42.592 : <WARNING> Ignoring obsolete attribute 'wear' of unit '.kenworth_0.t800_gtm.rhub' (of type 'vehicle_wheel_accessory').
00:05:42.592 : <WARNING> Ignoring obsolete attribute 'wear' of unit '.kenworth_0.t800_gtm.rnuts' (of type 'vehicle_wheel_accessory').
00:05:42.592 : <WARNING> Ignoring obsolete attribute 'wear' of unit '.kenworth_0.t800_gtm.rtire2' (of type 'vehicle_wheel_accessory').
00:05:42.592 : <WARNING> Ignoring obsolete attribute 'wear' of unit '.kenworth_0.t800_gtm.rdisc2' (of type 'vehicle_wheel_accessory').
00:05:42.592 : <WARNING> Ignoring obsolete attribute 'wear' of unit '.kenworth_0.t800_gtm.rhub2' (of type 'vehicle_wheel_accessory').
00:05:42.592 : <WARNING> Ignoring obsolete attribute 'wear' of unit '.kenworth_0.t800_gtm.rnuts2' (of type 'vehicle_wheel_accessory').
00:05:42.592 : <WARNING> Ignoring obsolete attribute 'wear' of unit '.kenworth_0.t800_gtm.paint' (of type 'vehicle_paint_job_accessory').
00:05:42.592 : <WARNING> Ignoring obsolete attribute 'wear' of unit '.kenworth_0.t800_gtm.mirror' (of type 'vehicle_addon_accessory').
00:05:42.592 : <WARNING> Ignoring obsolete attribute 'wear' of unit '.kenworth_0.t800_gtm.bumper' (of type 'vehicle_addon_accessory').
00:05:42.592 : <WARNING> Ignoring obsolete attribute 'wear' of unit '.kenworth_0.t800_gtm.exhaust' (of type 'vehicle_addon_accessory').
00:05:42.592 : <WARNING> Ignoring obsolete attribute 'wear' of unit '.kenworth_0.t800_gtm.mudflap' (of type 'vehicle_addon_accessory').
00:05:42.592 : <WARNING> Ignoring obsolete attribute 'wear' of unit '.kenworth_0.t800_gtm.mflap' (of type 'vehicle_addon_accessory').
00:05:42.592 : <WARNING> Ignoring obsolete attribute 'wear' of unit '.kenworth_0.t800_gtm.filter' (of type 'vehicle_addon_accessory').
00:05:42.592 : <WARNING> Ignoring obsolete attribute 'wear' of unit '.kenworth_0.t800_gtm.hood' (of type 'vehicle_addon_accessory').
00:05:42.592 : <WARNING> Ignoring obsolete attribute 'wear' of unit '.kenworth_0.t800_gtm.lights' (of type 'vehicle_addon_accessory').
00:05:42.592 : <WARNING> Ignoring obsolete attribute 'wear' of unit '.kenworth_0.t800_gtm.horns' (of type 'vehicle_addon_accessory').
00:05:42.592 : <WARNING> Ignoring obsolete attribute 'wear' of unit '.kenworth_0.t800_gtm.swheel' (of type 'vehicle_addon_accessory').
00:05:42.595 : <WARNING> Ignoring obsolete attribute 'wear' of unit '.kenworth_1.t800_gtm.data' (of type 'vehicle_accessory').
00:05:42.595 : <WARNING> Ignoring obsolete attribute 'wear' of unit '.kenworth_1.t800_gtm.chassis' (of type 'vehicle_accessory').
00:05:42.595 : <WARNING> Ignoring obsolete attribute 'wear' of unit '.kenworth_1.t800_gtm.cabin' (of type 'vehicle_accessory').
00:05:42.595 : <WARNING> Ignoring obsolete attribute 'wear' of unit '.kenworth_1.t800_gtm.interior' (of type 'vehicle_accessory').
00:05:42.595 : <WARNING> Ignoring obsolete attribute 'wear' of unit '.kenworth_1.t800_gtm.engine' (of type 'vehicle_accessory').
00:05:42.595 : <WARNING> Ignoring obsolete attribute 'wear' of unit '.kenworth_1.t800_gtm.transm' (of type 'vehicle_accessory').
00:05:42.595 : <WARNING> Ignoring obsolete attribute 'wear' of unit '.kenworth_1.t800_gtm.headl' (of type 'vehicle_accessory').
00:05:42.595 : <WARNING> Ignoring obsolete attribute 'wear' of unit '.kenworth_1.t800_gtm.ftire' (of type 'vehicle_wheel_accessory').
00:05:42.595 : <WARNING> Ignoring obsolete attribute 'wear' of unit '.kenworth_1.t800_gtm.fdisc' (of type 'vehicle_wheel_accessory').
00:05:42.595 : <WARNING> Ignoring obsolete attribute 'wear' of unit '.kenworth_1.t800_gtm.fhub' (of type 'vehicle_wheel_accessory').
00:05:42.595 : <WARNING> Ignoring obsolete attribute 'wear' of unit '.kenworth_1.t800_gtm.fnuts' (of type 'vehicle_wheel_accessory').
00:05:42.595 : <WARNING> Ignoring obsolete attribute 'wear' of unit '.kenworth_1.t800_gtm.fcover' (of type 'vehicle_wheel_accessory').
00:05:42.595 : <WARNING> Ignoring obsolete attribute 'wear' of unit '.kenworth_1.t800_gtm.rtire1' (of type 'vehicle_wheel_accessory').
00:05:42.595 : <WARNING> Ignoring obsolete attribute 'wear' of unit '.kenworth_1.t800_gtm.rdisc1' (of type 'vehicle_wheel_accessory').
00:05:42.595 : <WARNING> Ignoring obsolete attribute 'wear' of unit '.kenworth_1.t800_gtm.rhub1' (of type 'vehicle_wheel_accessory').
00:05:42.595 : <WARNING> Ignoring obsolete attribute 'wear' of unit '.kenworth_1.t800_gtm.rnuts1' (of type 'vehicle_wheel_accessory').
00:05:42.595 : <WARNING> Ignoring obsolete attribute 'wear' of unit '.kenworth_1.t800_gtm.rcover1' (of type 'vehicle_wheel_accessory').
00:05:42.595 : <WARNING> Ignoring obsolete attribute 'wear' of unit '.kenworth_1.t800_gtm.rtire2' (of type 'vehicle_wheel_accessory').
00:05:42.595 : <WARNING> Ignoring obsolete attribute 'wear' of unit '.kenworth_1.t800_gtm.rdisc2' (of type 'vehicle_wheel_accessory').
00:05:42.595 : <WARNING> Ignoring obsolete attribute 'wear' of unit '.kenworth_1.t800_gtm.rhub2' (of type 'vehicle_wheel_accessory').
00:05:42.595 : <WARNING> Ignoring obsolete attribute 'wear' of unit '.kenworth_1.t800_gtm.rnuts2' (of type 'vehicle_wheel_accessory').
00:05:42.595 : <WARNING> Ignoring obsolete attribute 'wear' of unit '.kenworth_1.t800_gtm.rcover2' (of type 'vehicle_wheel_accessory').
00:05:42.595 : <WARNING> Ignoring obsolete attribute 'wear' of unit '.kenworth_1.t800_gtm.paint' (of type 'vehicle_paint_job_accessory').
00:05:42.595 : <WARNING> Ignoring obsolete attribute 'wear' of unit '.kenworth_1.t800_gtm.bumper' (of type 'vehicle_addon_accessory').
00:05:42.595 : <WARNING> Ignoring obsolete attribute 'wear' of unit '.kenworth_1.t800_gtm.exhaust' (of type 'vehicle_addon_accessory').
00:05:42.595 : <WARNING> Ignoring obsolete attribute 'wear' of unit '.kenworth_1.t800_gtm.sunshld' (of type 'vehicle_addon_accessory').
00:05:42.595 : <WARNING> Ignoring obsolete attribute 'wear' of unit '.kenworth_1.t800_gtm.mirror' (of type 'vehicle_addon_accessory').
00:05:42.595 : <WARNING> Ignoring obsolete attribute 'wear' of unit '.kenworth_1.t800_gtm.filters' (of type 'vehicle_addon_accessory').
00:05:42.595 : <WARNING> Ignoring obsolete attribute 'wear' of unit '.kenworth_1.t800_gtm.hood' (of type 'vehicle_addon_accessory').
00:05:42.595 : <WARNING> Ignoring obsolete attribute 'wear' of unit '.kenworth_1.t800_gtm.mudflaps' (of type 'vehicle_addon_accessory').
00:05:42.595 : <WARNING> Ignoring obsolete attribute 'wear' of unit '.kenworth_1.t800_gtm.mflaps' (of type 'vehicle_addon_accessory').
00:05:42.595 : <WARNING> Ignoring obsolete attribute 'wear' of unit '.kenworth_1.t800_gtm.sflare' (of type 'vehicle_addon_accessory').
00:05:42.595 : <WARNING> Ignoring obsolete attribute 'wear' of unit '.kenworth_1.t800_gtm.lights' (of type 'vehicle_addon_accessory').
00:05:42.595 : <WARNING> Ignoring obsolete attribute 'wear' of unit '.kenworth_1.t800_gtm.horns' (of type 'vehicle_addon_accessory').
00:05:42.595 : <WARNING> Ignoring obsolete attribute 'wear' of unit '.kenworth_1.t800_gtm.swheel' (of type 'vehicle_addon_accessory').
00:05:42.606 : <WARNING> Ignoring obsolete attribute 'wear' of unit '.mercedes_0.data' (of type 'vehicle_accessory').
00:05:42.606 : <WARNING> Ignoring obsolete attribute 'wear' of unit '.mercedes_0.chassis' (of type 'vehicle_accessory').
00:05:42.606 : <WARNING> Ignoring obsolete attribute 'wear' of unit '.mercedes_0.cabin' (of type 'vehicle_accessory').
00:05:42.606 : <WARNING> Ignoring obsolete attribute 'wear' of unit '.mercedes_0.interior' (of type 'vehicle_accessory').
00:05:42.607 : <WARNING> Ignoring obsolete attribute 'wear' of unit '.mercedes_0.engine' (of type 'vehicle_accessory').
00:05:42.607 : <WARNING> Ignoring obsolete attribute 'wear' of unit '.mercedes_0.transm' (of type 'vehicle_accessory').
00:05:42.607 : <WARNING> Ignoring obsolete attribute 'wear' of unit '.mercedes_0.headl' (of type 'vehicle_accessory').
00:05:42.607 : <WARNING> Ignoring obsolete attribute 'wear' of unit '.mercedes_0.ftire' (of type 'vehicle_wheel_accessory').
00:05:42.607 : <WARNING> Ignoring obsolete attribute 'wear' of unit '.mercedes_0.fdisc' (of type 'vehicle_wheel_accessory').
00:05:42.607 : <WARNING> Ignoring obsolete attribute 'wear' of unit '.mercedes_0.fhub' (of type 'vehicle_wheel_accessory').
00:05:42.607 : <WARNING> Ignoring obsolete attribute 'wear' of unit '.mercedes_0.fnuts' (of type 'vehicle_wheel_accessory').
00:05:42.607 : <WARNING> Ignoring obsolete attribute 'wear' of unit '.mercedes_0.rtire1' (of type 'vehicle_wheel_accessory').
00:05:42.607 : <WARNING> Ignoring obsolete attribute 'wear' of unit '.mercedes_0.rdisc1' (of type 'vehicle_wheel_accessory').
00:05:42.607 : <WARNING> Ignoring obsolete attribute 'wear' of unit '.mercedes_0.rhub1' (of type 'vehicle_wheel_accessory').
00:05:42.607 : <WARNING> Ignoring obsolete attribute 'wear' of unit '.mercedes_0.rnuts1' (of type 'vehicle_wheel_accessory').
00:05:42.607 : <WARNING> Ignoring obsolete attribute 'wear' of unit '.mercedes_0.rtire2' (of type 'vehicle_wheel_accessory').
00:05:42.607 : <WARNING> Ignoring obsolete attribute 'wear' of unit '.mercedes_0.rdisc2' (of type 'vehicle_wheel_accessory').
00:05:42.607 : <WARNING> Ignoring obsolete attribute 'wear' of unit '.mercedes_0.rhub2' (of type 'vehicle_wheel_accessory').
00:05:42.607 : <WARNING> Ignoring obsolete attribute 'wear' of unit '.mercedes_0.rnuts2' (of type 'vehicle_wheel_accessory').
00:05:42.607 : <WARNING> Ignoring obsolete attribute 'wear' of unit '.mercedes_0.paint' (of type 'vehicle_paint_job_accessory').
00:05:42.607 : <WARNING> Ignoring obsolete attribute 'wear' of unit '.mercedes_0.bumper' (of type 'vehicle_addon_accessory').
00:05:42.607 : <WARNING> Ignoring obsolete attribute 'wear' of unit '.mercedes_0.exhaust' (of type 'vehicle_addon_accessory').
00:05:42.607 : <WARNING> Ignoring obsolete attribute 'wear' of unit '.mercedes_0.sunshld' (of type 'vehicle_addon_accessory').
00:05:42.607 : <WARNING> Ignoring obsolete attribute 'wear' of unit '.mercedes_0.mirror' (of type 'vehicle_addon_accessory').
00:05:42.607 : <WARNING> Ignoring obsolete attribute 'wear' of unit '.mercedes_0.tanks' (of type 'vehicle_addon_accessory').
00:05:42.607 : <WARNING> Ignoring obsolete attribute 'wear' of unit '.mercedes_0.flights' (of type 'vehicle_addon_accessory').
00:05:42.607 : <WARNING> Ignoring obsolete attribute 'wear' of unit '.mercedes_0.horns' (of type 'vehicle_addon_accessory').
00:05:42.607 : <WARNING> Ignoring obsolete attribute 'wear' of unit '.mercedes_0.lights' (of type 'vehicle_addon_accessory').
00:05:42.607 : <WARNING> Ignoring obsolete attribute 'wear' of unit '.mercedes_0.swheel' (of type 'vehicle_addon_accessory').
00:05:42.607 : <WARNING> Ignoring obsolete attribute 'wear' of unit '.mercedes_0.rbump' (of type 'vehicle_addon_accessory').
00:05:42.607 : <WARNING> Ignoring obsolete attribute 'wear' of unit '.mercedes_0.cables' (of type 'vehicle_addon_accessory').
00:05:42.607 : <WARNING> Ignoring obsolete attribute 'wear' of unit '.mercedes_0.logo' (of type 'vehicle_addon_accessory').
00:05:42.607 : <WARNING> Ignoring obsolete attribute 'wear' of unit '.mercedes_0.fend' (of type 'vehicle_addon_accessory').
00:05:42.607 : <WARNING> Ignoring obsolete attribute 'wear' of unit '.mercedes_0.intdoor' (of type 'vehicle_addon_accessory').
00:05:42.607 : <WARNING> Ignoring obsolete attribute 'wear' of unit '.mercedes_0.intdash' (of type 'vehicle_addon_accessory').
00:05:42.607 : <WARNING> Ignoring obsolete attribute 'wear' of unit '.mercedes_0.intbed' (of type 'vehicle_addon_accessory').
00:05:42.607 : <WARNING> Ignoring obsolete attribute 'wear' of unit '.mercedes_0.wind' (of type 'vehicle_addon_accessory').
00:05:42.607 : <WARNING> Ignoring obsolete attribute 'wear' of unit '.mercedes_0.frtrim' (of type 'vehicle_addon_accessory').
00:05:45.834 : [physx] @0: Starting server.
00:05:45.834 : [physx] @0: Creating reporter.
00:05:45.834 : [physx] @0: Created foundation version 1.0.0.
00:05:45.834 : [physx] @0: Created physics version 3.4.3.
00:05:45.834 : [physx] @0: Initialized extensions.
00:05:45.835 : [physx] @0: Created CPU dispatcher with 2 threads and logical CPU affinities:
00:05:45.835 : [physx] @0: CPU          0   1   2   3   4   5   6   7   8   9  10  11
00:05:45.835 : [physx] @0: thread   0   *   *   *   *   *   *   *   *   *   *   *   *
00:05:45.835 : [physx] @0: thread   1   *   *   *   *   *   *   *   *   *   *   *   *
00:05:45.835 : [physx] @0: Created convex cooking.
00:05:45.835 : [physx] @0: Created fast triangle cooking.
00:05:45.835 : [physx] @0: Created optimal triangle cooking.
00:05:45.835 : [physx] @0: Creating simulation filter.
00:05:45.835 : [bullet] Starting server
00:05:45.836 : [physx] @0: Creating debug draw.
00:05:46.346 : Map '/map/usa.mbd' loading started ....
00:05:48.554 : <WARNING> Excessive sector boundary detected! (sec-0027+0002, [4772, 9669])
00:05:50.181 : <ERROR> Oversize trajectory order rule without active route checkpoint. uid: 0x51F2A1F81A1B0017
00:05:50.181 : <ERROR> Oversize trajectory order rule without active route checkpoint. uid: 0x51F2A1FB871B001E
00:05:50.195 : <ERROR> Oversize trajectory order rule without active route checkpoint. uid: 0x526CC2864E1B0000
00:05:50.199 : <WARNING> Unable to find 'city.dunnigan' for 'City' 0x3DBDAF84E6C71036
00:05:53.475 : <ERROR> Node linkage inconsistency detected! Node uid:0x29B56848F5920002
00:05:54.065 : <WARNING> [Traffic area] Obsolete traffic rule 'downtown' used for item 0x344730408AD200DD (Please replace with [access] Custom vehicles area)
00:05:54.097 : <WARNING> [Traffic area] Obsolete traffic rule 'downtown' used for item 0x3BD0B52493980001 (Please replace with [access] Custom vehicles area)
00:05:54.097 : <WARNING> [Traffic area] Obsolete traffic rule 'downtown' used for item 0x3BD0B5CC27180001 (Please replace with [access] Custom vehicles area)
00:05:54.097 : <WARNING> [Traffic area] Obsolete traffic rule 'downtown' used for item 0x3BD0B684D8580001 (Please replace with [access] Custom vehicles area)
00:05:54.097 : <WARNING> [Traffic area] Obsolete traffic rule 'downtown' used for item 0x3BD0B724F8980001 (Please replace with [access] Custom vehicles area)
00:05:54.097 : <WARNING> [Traffic area] Obsolete traffic rule 'downtown' used for item 0x3BD0B8202B180001 (Please replace with [access] Custom vehicles area)
00:05:54.097 : <WARNING> [Traffic area] Obsolete traffic rule 'downtown' used for item 0x3BD0B9B0C0580001 (Please replace with [access] Custom vehicles area)
00:05:54.097 : <WARNING> [Traffic area] Obsolete traffic rule 'downtown' used for item 0x3BD0BCE465580001 (Please replace with [access] Custom vehicles area)
00:05:54.097 : <WARNING> [Traffic area] Obsolete traffic rule 'downtown' used for item 0x3BD0BDAC57180001 (Please replace with [access] Custom vehicles area)
00:05:54.097 : <WARNING> [Traffic area] Obsolete traffic rule 'downtown' used for item 0x3BD0BE5015580001 (Please replace with [access] Custom vehicles area)
00:05:54.097 : <WARNING> [Traffic area] Obsolete traffic rule 'downtown' used for item 0x3BD0BFB878D80001 (Please replace with [access] Custom vehicles area)
00:05:54.188 : <WARNING> [Traffic area] Obsolete traffic rule 'allow_slow' used for item 0x4C6DC6E0EDD10000 (Please replace with [access] Custom vehicles area)
00:05:54.223 : <WARNING> [Traffic area] Obsolete traffic rule 'downtown' used for item 0x4784281802170001 (Please replace with [access] Custom vehicles area)
00:05:54.223 : <WARNING> [Traffic area] Obsolete traffic rule 'allow_slow' used for item 0x47B4A340DC230002 (Please replace with [access] Custom vehicles area)
00:05:54.245 : <WARNING> [Traffic area] Obsolete traffic rule 'allow_slow' used for item 0x27F55F34D7C70001 (Please replace with [access] Custom vehicles area)
00:05:54.245 : <WARNING> [Traffic area] Obsolete traffic rule 'allow_slow' used for item 0x27B6AE8032470001 (Please replace with [access] Custom vehicles area)
00:05:54.312 : <WARNING> [Traffic area] Obsolete traffic rule 'downtown' used for item 0x4720E810AF570001 (Please replace with [access] Custom vehicles area)
00:05:54.343 : <WARNING> [Traffic area] Obsolete traffic rule 'downtown' used for item 0x46AD42C82E970001 (Please replace with [access] Custom vehicles area)
00:05:54.347 : <WARNING> [Traffic area] Obsolete traffic rule 'downtown' used for item 0x49499AC823CB0001 (Please replace with [access] Custom vehicles area)
00:05:54.439 : <WARNING> [Traffic area] Obsolete traffic rule 'downtown' used for item 0x46A6B9AC07970000 (Please replace with [access] Custom vehicles area)
00:05:54.439 : <WARNING> [Traffic area] Obsolete traffic rule 'downtown' used for item 0x46A6C698CCD70000 (Please replace with [access] Custom vehicles area)
00:05:54.452 : <ERROR> [traffic_area] Traffic area with uid 0x5A4414EEC1320001 has no valid attributes set!
00:05:54.712 : <WARNING> [Traffic area] Obsolete traffic rule 'downtown' used for item 0x484C2EFC38CB0001 (Please replace with [access] Custom vehicles area)
00:05:54.712 : <WARNING> [Traffic area] Obsolete traffic rule 'downtown' used for item 0x484C2F809E0B0001 (Please replace with [access] Custom vehicles area)
00:05:54.720 : <WARNING> [Traffic area] Obsolete traffic rule 'downtown' used for item 0x484C1AF05C0B0001 (Please replace with [access] Custom vehicles area)
00:05:54.720 : <WARNING> [Traffic area] Obsolete traffic rule 'downtown' used for item 0x484C1BB8BF0B0001 (Please replace with [access] Custom vehicles area)
00:05:54.720 : <WARNING> [Traffic area] Obsolete traffic rule 'downtown' used for item 0x484C1DB84E4B0001 (Please replace with [access] Custom vehicles area)
00:05:54.790 : <WARNING> [Traffic area] Obsolete traffic rule 'downtown' used for item 0x484C28DC0B8B0001 (Please replace with [access] Custom vehicles area)
00:05:54.790 : <WARNING> [Traffic area] Obsolete traffic rule 'downtown' used for item 0x484C29CC8A0B0001 (Please replace with [access] Custom vehicles area)
00:05:54.790 : <WARNING> [Traffic area] Obsolete traffic rule 'downtown' used for item 0x484C2AF0544B0001 (Please replace with [access] Custom vehicles area)
00:05:54.790 : <WARNING> [Traffic area] Obsolete traffic rule 'downtown' used for item 0x484C2B74E28B0001 (Please replace with [access] Custom vehicles area)
00:05:54.790 : <WARNING> [Traffic area] Obsolete traffic rule 'downtown' used for item 0x484C2CB8138B0001 (Please replace with [access] Custom vehicles area)
00:05:54.790 : <WARNING> [Traffic area] Obsolete traffic rule 'downtown' used for item 0x484C2D9CCACB0000 (Please replace with [access] Custom vehicles area)
00:05:54.790 : <WARNING> [Traffic area] Obsolete traffic rule 'downtown' used for item 0x484C2E30084B0000 (Please replace with [access] Custom vehicles area)
00:05:54.791 : <WARNING> [Traffic area] Obsolete traffic rule 'downtown' used for item 0x484C2E8CF70B0001 (Please replace with [access] Custom vehicles area)
00:05:54.814 : <WARNING> [Traffic area] Obsolete traffic rule 'downtown' used for item 0x4849EBACD70B0001 (Please replace with [access] Custom vehicles area)
00:05:54.837 : <WARNING> [Traffic area] Obsolete traffic rule 'downtown' used for item 0x484C1CDCC80B0001 (Please replace with [access] Custom vehicles area)
00:05:54.837 : <WARNING> [Traffic area] Obsolete traffic rule 'downtown' used for item 0x484C1E04588B0001 (Please replace with [access] Custom vehicles area)
00:05:54.837 : <WARNING> [Traffic area] Obsolete traffic rule 'downtown' used for item 0x484C1F0425CB0000 (Please replace with [access] Custom vehicles area)
00:05:54.837 : <WARNING> [Traffic area] Obsolete traffic rule 'downtown' used for item 0x484C1F78540B0000 (Please replace with [access] Custom vehicles area)
00:05:54.839 : <WARNING> [Traffic area] Obsolete traffic rule 'allow_slow' used for item 0x485195984BB00000 (Please replace with [access] Custom vehicles area)
00:05:54.862 : <WARNING> [Traffic area] Obsolete traffic rule 'downtown' used for item 0x4849EC70260B0001 (Please replace with [access] Custom vehicles area)
00:05:54.862 : <WARNING> [Traffic area] Obsolete traffic rule 'downtown' used for item 0x4849EE74AB0B0001 (Please replace with [access] Custom vehicles area)
00:05:54.962 : <WARNING> [Traffic area] Obsolete traffic rule 'downtown' used for item 0x484A2AC84BCB0001 (Please replace with [access] Custom vehicles area)
00:05:54.962 : <WARNING> [Traffic area] Obsolete traffic rule 'allow_slow' used for item 0x48030D40E5A30000 (Please replace with [access] Custom vehicles area)
00:05:54.964 : <WARNING> [Traffic area] Obsolete traffic rule 'allow_slow' used for item 0x47B4D0101BE30002 (Please replace with [access] Custom vehicles area)
00:05:54.987 : <WARNING> [Traffic area] Obsolete traffic rule 'downtown' used for item 0x46FCA20C1E1B0000 (Please replace with [access] Custom vehicles area)
00:05:54.996 : <WARNING> [Traffic area] Obsolete traffic rule 'downtown' used for item 0x46FC5CA42D9B0001 (Please replace with [access] Custom vehicles area)
00:05:54.996 : <WARNING> [Traffic area] Obsolete traffic rule 'downtown' used for item 0x46FC6C1C765B0000 (Please replace with [access] Custom vehicles area)
00:05:54.996 : <WARNING> [Traffic area] Obsolete traffic rule 'downtown' used for item 0x46FC6E209E1B0000 (Please replace with [access] Custom vehicles area)
00:05:54.996 : <WARNING> [Traffic area] Obsolete traffic rule 'downtown' used for item 0x46FC71208C5B0000 (Please replace with [access] Custom vehicles area)
00:05:54.996 : <WARNING> [Traffic area] Obsolete traffic rule 'downtown' used for item 0x46FC75C4B25B0000 (Please replace with [access] Custom vehicles area)
00:05:54.996 : <WARNING> [Traffic area] Obsolete traffic rule 'downtown' used for item 0x46FC7A54181B0000 (Please replace with [access] Custom vehicles area)
00:05:54.996 : <WARNING> [Traffic area] Obsolete traffic rule 'downtown' used for item 0x46FC7FD42D5B0000 (Please replace with [access] Custom vehicles area)
00:05:54.996 : <WARNING> [Traffic area] Obsolete traffic rule 'downtown' used for item 0x46FC9C04E65B0000 (Please replace with [access] Custom vehicles area)
00:05:55.033 : <ERROR> [map_overlay] Obsolete overlay item type 'Parking' set, please remove it and use appropriate 'parking trigger' instead. (0x2F130604DB4F05BD)
00:05:55.251 : <WARNING> [Traffic area] Obsolete traffic rule 'downtown' used for item 0x4E1C1C58D29A9146 (Please replace with [access] Custom vehicles area)
00:05:55.267 : <WARNING> [Traffic area] Obsolete traffic rule 'downtown' used for item 0x51E5E37F38050002 (Please replace with [access] Custom vehicles area)
00:05:55.545 : <ERROR> Missing generic load trailer point at company 'gp_farm.hot_springs' (0x52A4F00A191F01B0).
00:05:55.546 : <ERROR> [traffic_area] Traffic area with uid 0x594B4877A9300001 has no valid attributes set!
00:05:55.546 : <ERROR> Missing generic load trailer point at company 'jbs1.ottumwa' (0x5DDE08BA99800000).
00:05:55.584 : <WARNING> [Traffic area] Obsolete traffic rule 'downtown' used for item 0x484C2FD0880B0001 (Please replace with [access] Custom vehicles area)
00:05:55.597 : <WARNING> [Traffic area] Obsolete traffic rule 'downtown' used for item 0x484A059060CB0001 (Please replace with [access] Custom vehicles area)
00:05:55.606 : <WARNING> [Traffic area] Obsolete traffic rule 'allow_slow' used for item 0x47C105B856050001 (Please replace with [access] Custom vehicles area)
00:05:55.613 : <WARNING> [Traffic area] Obsolete traffic rule 'downtown' used for item 0x3AAA7AA415930001 (Please replace with [access] Custom vehicles area)
00:05:55.621 : <ERROR> [traffic_area] Traffic area with uid 0x551A979FE7000001 has no valid attributes set!
00:05:55.625 : <WARNING> [Traffic area] Obsolete traffic rule 'allow_slow' used for item 0x2334A49802080001 (Please replace with [access] Custom vehicles area)
00:05:55.625 : <WARNING> [Traffic area] Obsolete traffic rule 'downtown' used for item 0x391F34FC4F160001 (Please replace with [access] Custom vehicles area)
00:05:55.629 : <WARNING> [Traffic area] Obsolete traffic rule 'downtown' used for item 0x3DC78868B3160001 (Please replace with [access] Custom vehicles area)
00:05:55.629 : <ERROR> [traffic_area] Traffic area with uid 0x552EBE893E000001 has no valid attributes set!
00:05:55.630 : <WARNING> [Traffic area] Obsolete traffic rule 'allow_slow' used for item 0x46397DDCBC610002 (Please replace with [access] Custom vehicles area)
00:05:55.631 : <WARNING> [Traffic area] Obsolete traffic rule 'downtown' used for item 0x4346B70897960001 (Please replace with [access] Custom vehicles area)
00:05:55.642 : <ERROR> [map_overlay] Obsolete overlay item type 'Parking' set, please remove it and use appropriate 'parking trigger' instead. (0x56F6CCB7E70000FF)
00:05:55.642 : <ERROR> [map_overlay] Obsolete overlay item type 'Parking' set, please remove it and use appropriate 'parking trigger' instead. (0x262DA0943880005D)
00:05:55.642 : <ERROR> [map_overlay] Obsolete overlay item type 'Parking' set, please remove it and use appropriate 'parking trigger' instead. (0x252617B808C00001)
00:05:55.642 : <ERROR> [map_overlay] Obsolete overlay item type 'Parking' set, please remove it and use appropriate 'parking trigger' instead. (0x264D12ECD9000060)
00:05:55.646 : <WARNING> [Traffic area] Obsolete traffic rule 'allow_slow' used for item 0x23CBB3F8D2400000 (Please replace with [access] Custom vehicles area)
00:05:55.646 : <ERROR> [map_overlay] Obsolete overlay item type 'Parking' set, please remove it and use appropriate 'parking trigger' instead. (0x2494988C0F800001)
00:05:55.649 : <WARNING> [Traffic area] Obsolete traffic rule 'downtown' used for item 0x875D7DE88D000BB (Please replace with [access] Custom vehicles area)
00:05:55.650 : <ERROR> [map_overlay] Obsolete overlay item type 'Parking' set, please remove it and use appropriate 'parking trigger' instead. (0x250D46B8BEC002A1)
00:05:55.650 : <ERROR> [map_overlay] Obsolete overlay item type 'Parking' set, please remove it and use appropriate 'parking trigger' instead. (0x24DEDB3814C00001)
00:05:55.650 : <ERROR> [map_overlay] Obsolete overlay item type 'Parking' set, please remove it and use appropriate 'parking trigger' instead. (0x87598AB44200001)
00:05:55.650 : <ERROR> [map_overlay] Obsolete overlay item type 'Parking' set, please remove it and use appropriate 'parking trigger' instead. (0x2EF967F845400090)
00:05:55.653 : <ERROR> [map_overlay] Obsolete overlay item type 'Parking' set, please remove it and use appropriate 'parking trigger' instead. (0x2507012463000001)
00:05:55.656 : <WARNING> [Traffic area] Obsolete traffic rule 'downtown' used for item 0x709D789A9200EB6 (Please replace with [access] Custom vehicles area)
00:05:55.656 : <ERROR> [map_overlay] Obsolete overlay item type 'Parking' set, please remove it and use appropriate 'parking trigger' instead. (0x87863D202E00001)
00:05:55.656 : <ERROR> [map_overlay] Obsolete overlay item type 'Parking' set, please remove it and use appropriate 'parking trigger' instead. (0x87863DFFFB00000)
00:05:55.704 : <ERROR> [map_overlay] Obsolete overlay item type 'Parking' set, please remove it and use appropriate 'parking trigger' instead. (0x2C1E7064BC4000D8)
00:05:55.761 : <WARNING> [Traffic area] Obsolete traffic rule 'downtown' used for item 0x709C44724A00569 (Please replace with [access] Custom vehicles area)
00:05:55.764 : <ERROR> [map_overlay] Obsolete overlay item type 'Parking' set, please remove it and use appropriate 'parking trigger' instead. (0x7DA33EB3A700001)
00:05:55.764 : <ERROR> [map_overlay] Obsolete overlay item type 'Parking' set, please remove it and use appropriate 'parking trigger' instead. (0x7DA33FB5F500001)
00:05:55.764 : <ERROR> [map_overlay] Obsolete overlay item type 'Parking' set, please remove it and use appropriate 'parking trigger' instead. (0x7E75CA772600001)
00:05:55.764 : <ERROR> [map_overlay] Obsolete overlay item type 'Parking' set, please remove it and use appropriate 'parking trigger' instead. (0x7E83F580EB00046)
00:05:55.797 : <ERROR> [map_overlay] Obsolete overlay item type 'Parking' set, please remove it and use appropriate 'parking trigger' instead. (0x85B385E41600001)
00:05:55.800 : <ERROR> [map_overlay] Obsolete overlay item type 'Parking' set, please remove it and use appropriate 'parking trigger' instead. (0x85B4A1448500003)
00:05:55.806 : <WARNING> [Traffic area] Obsolete traffic rule 'allow_slow' used for item 0x76C627325C00001 (Please replace with [access] Custom vehicles area)
00:05:55.839 : <WARNING> [Traffic area] Obsolete traffic rule 'allow_slow' used for item 0x2D1A838898400007 (Please replace with [access] Custom vehicles area)
00:05:55.839 : <ERROR> [map_overlay] Obsolete overlay item type 'Parking' set, please remove it and use appropriate 'parking trigger' instead. (0x8521A2711F0016D)
00:05:55.839 : <ERROR> [map_overlay] Obsolete overlay item type 'Parking' set, please remove it and use appropriate 'parking trigger' instead. (0x8521A277DD00177)
00:05:55.852 : <WARNING> [Traffic area] Obsolete traffic rule 'downtown' used for item 0x497E51DCE000008F (Please replace with [access] Custom vehicles area)
00:05:56.025 : <WARNING> [Traffic area] Obsolete traffic rule 'downtown' used for item 0x459488ECFC180001 (Please replace with [access] Custom vehicles area)
00:05:56.025 : <WARNING> [Traffic area] Obsolete traffic rule 'downtown' used for item 0x46FCC9104E9B0000 (Please replace with [access] Custom vehicles area)
00:05:56.229 : Map base sectors successfully loaded.
00:05:56.231 : Map loaded
00:05:57.345 : <ERROR> [fs] Failed to open file '/def/vehicle/truck/kenworth.t680_2022/chassis/long_6x4.sii' in the read_only mode.
00:05:57.347 : <ERROR> [fs] Failed to open file '/def/vehicle/truck/kenworth.t680_2022/chassis/long_6x4.sii' in the read_only mode.
00:05:57.347 : <ERROR> load_unit() - Failed to open file (/def/vehicle/truck/kenworth.t680_2022/chassis/long_6x4.sii)
00:05:57.353 : <ERROR> [fs] Failed to open file '/def/vehicle/truck/kenworth.t680_2022/accessory/cabflares/s86h_led.sii' in the read_only mode.
00:05:57.355 : <ERROR> [fs] Failed to open file '/def/vehicle/truck/kenworth.t680_2022/accessory/cabflares/s86h_led.sii' in the read_only mode.
00:05:57.355 : <ERROR> load_unit() - Failed to open file (/def/vehicle/truck/kenworth.t680_2022/accessory/cabflares/s86h_led.sii)
00:05:57.356 : <ERROR> [fs] Failed to open file '/def/vehicle/truck/kenworth.t680_2022/accessory/filters/standard_onyx.sii' in the read_only mode.
00:05:57.358 : <ERROR> [fs] Failed to open file '/def/vehicle/truck/kenworth.t680_2022/accessory/filters/standard_onyx.sii' in the read_only mode.
00:05:57.358 : <ERROR> load_unit() - Failed to open file (/def/vehicle/truck/kenworth.t680_2022/accessory/filters/standard_onyx.sii)
00:05:57.364 : <ERROR> [fs] Failed to open file '/def/vehicle/truck/kenworth.t680_2022/accessory/sideskrt_bar/long_aero.sii' in the read_only mode.
00:05:57.365 : <ERROR> [fs] Failed to open file '/def/vehicle/truck/kenworth.t680_2022/accessory/sideskrt_bar/long_aero.sii' in the read_only mode.
00:05:57.365 : <ERROR> load_unit() - Failed to open file (/def/vehicle/truck/kenworth.t680_2022/accessory/sideskrt_bar/long_aero.sii)
00:05:57.367 : <ERROR> [fs] Failed to open file '/def/vehicle/truck/kenworth.t680_2022/accessory/slp_hndl/standard_chrome.sii' in the read_only mode.
00:05:57.369 : <ERROR> [fs] Failed to open file '/def/vehicle/truck/kenworth.t680_2022/accessory/slp_hndl/standard_chrome.sii' in the read_only mode.
00:05:57.369 : <ERROR> load_unit() - Failed to open file (/def/vehicle/truck/kenworth.t680_2022/accessory/slp_hndl/standard_chrome.sii)
00:05:57.370 : <ERROR> [fs] Failed to open file '/def/vehicle/truck/kenworth.t680_2022/accessory/fr_mirror/standard_plastic.sii' in the read_only mode.
00:05:57.372 : <ERROR> [fs] Failed to open file '/def/vehicle/truck/kenworth.t680_2022/accessory/fr_mirror/standard_plastic.sii' in the read_only mode.
00:05:57.372 : <ERROR> load_unit() - Failed to open file (/def/vehicle/truck/kenworth.t680_2022/accessory/fr_mirror/standard_plastic.sii)
00:05:57.374 : <ERROR> [fs] Failed to open file '/def/vehicle/truck/kenworth.t680_2022/accessory/fl_mirror/standard_plastic.sii' in the read_only mode.
00:05:57.375 : <ERROR> [fs] Failed to open file '/def/vehicle/truck/kenworth.t680_2022/accessory/fl_mirror/standard_plastic.sii' in the read_only mode.
00:05:57.375 : <ERROR> load_unit() - Failed to open file (/def/vehicle/truck/kenworth.t680_2022/accessory/fl_mirror/standard_plastic.sii)
00:05:58.240 : <WARNING> Ignoring obsolete attribute 'drop_size_minimum' of unit '.peterbilt389.r.pane.frontl' (of type 'glass_pane_data').
00:05:58.240 : <WARNING> Ignoring obsolete attribute 'drop_size_maximum' of unit '.peterbilt389.r.pane.frontl' (of type 'glass_pane_data').
00:05:58.240 : <WARNING> Ignoring obsolete attribute 'drop_size_minimum' of unit '.peterbilt389.r.pane.frontr' (of type 'glass_pane_data').
00:05:58.240 : <WARNING> Ignoring obsolete attribute 'drop_size_maximum' of unit '.peterbilt389.r.pane.frontr' (of type 'glass_pane_data').
00:05:58.240 : <WARNING> Ignoring obsolete attribute 'drop_size_minimum' of unit '.peterbilt389.r.pane.close' (of type 'glass_pane_data').
00:05:58.240 : <WARNING> Ignoring obsolete attribute 'drop_size_maximum' of unit '.peterbilt389.r.pane.close' (of type 'glass_pane_data').
00:05:58.240 : <WARNING> Ignoring obsolete attribute 'drop_size_minimum' of unit '.peterbilt389.r.pane.far' (of type 'glass_pane_data').
00:05:58.240 : <WARNING> Ignoring obsolete attribute 'drop_size_maximum' of unit '.peterbilt389.r.pane.far' (of type 'glass_pane_data').
00:05:58.240 : <WARNING> Ignoring obsolete attribute 'drop_size_minimum' of unit '.peterbilt389.r.pane.door' (of type 'glass_pane_data').
00:05:58.240 : <WARNING> Ignoring obsolete attribute 'drop_size_maximum' of unit '.peterbilt389.r.pane.door' (of type 'glass_pane_data').
00:05:58.240 : <WARNING> Ignoring obsolete attribute 'drop_size_minimum' of unit '.peterbilt389.r.pane.back_duty' (of type 'glass_pane_data').
00:05:58.240 : <WARNING> Ignoring obsolete attribute 'drop_size_maximum' of unit '.peterbilt389.r.pane.back_duty' (of type 'glass_pane_data').
00:05:58.240 : <WARNING> [interior_data] More items defined in dashboard_color array then allowed, first 8 will be used, rest will be ignored!
00:05:58.344 : <WARNING> Ignoring obsolete attribute 'drop_size_minimum' of unit '.peterbilt389.r.pane.frontl' (of type 'glass_pane_data').
00:05:58.344 : <WARNING> Ignoring obsolete attribute 'drop_size_maximum' of unit '.peterbilt389.r.pane.frontl' (of type 'glass_pane_data').
00:05:58.344 : <WARNING> Ignoring obsolete attribute 'drop_size_minimum' of unit '.peterbilt389.r.pane.frontr' (of type 'glass_pane_data').
00:05:58.344 : <WARNING> Ignoring obsolete attribute 'drop_size_maximum' of unit '.peterbilt389.r.pane.frontr' (of type 'glass_pane_data').
00:05:58.344 : <WARNING> Ignoring obsolete attribute 'drop_size_minimum' of unit '.peterbilt389.r.pane.close' (of type 'glass_pane_data').
00:05:58.344 : <WARNING> Ignoring obsolete attribute 'drop_size_maximum' of unit '.peterbilt389.r.pane.close' (of type 'glass_pane_data').
00:05:58.344 : <WARNING> Ignoring obsolete attribute 'drop_size_minimum' of unit '.peterbilt389.r.pane.far' (of type 'glass_pane_data').
00:05:58.344 : <WARNING> Ignoring obsolete attribute 'drop_size_maximum' of unit '.peterbilt389.r.pane.far' (of type 'glass_pane_data').
00:05:58.344 : <WARNING> Ignoring obsolete attribute 'drop_size_minimum' of unit '.peterbilt389.r.pane.door' (of type 'glass_pane_data').
00:05:58.344 : <WARNING> Ignoring obsolete attribute 'drop_size_maximum' of unit '.peterbilt389.r.pane.door' (of type 'glass_pane_data').
00:05:58.344 : <WARNING> [interior_data] More items defined in dashboard_color array then allowed, first 8 will be used, rest will be ignored!
00:05:59.787 : Loading save. Type: 0, slot: 0, path: <MEMFILE><UFS>/steam/profiles/6672616E6B2E646967676133/save/autosave/game.sii
00:06:00.283 : Route data generation started.
00:06:00.886 : <ERROR> [route_data_u::compute_nav_nodes] Cannot find checkpoint navigation node for trajectory node 0x5BBB121A8AA70018, route 'bur_iow1'
00:06:02.068 : Route data generation finished.
00:06:02.068 : <WARNING> [economy] Failed to patch trailer definition. Unable to find source definition 'trailer_def.manac.flatbed.sp_lift.cust'.
00:06:02.298 : <ERROR> Invalid company item assignment detected! [Company:dr47, City:roy]
00:06:02.299 : <ERROR> Company item without company assignment! (-56272.1;107.828;-25204.7)
00:06:02.299 : <ERROR> Company item without company assignment! (-1010.92;0.707031;51502.4)
00:06:02.299 : <ERROR> Company item without company assignment! (-18249.7;26.1016;44583)
00:06:02.299 : <ERROR> More companies without company assignment (set g_developer to 2 to reveal all).
00:06:02.446 : <ERROR> Missing truck dealer brand definition for 'ut30'! (dealer at -67256.2;51.2148;-11657.3)
00:06:02.447 : <ERROR> Missing truck dealer brand definition for 'wausau'! (dealer at 25252.2;44.8867;-34465.7)
00:06:02.504 : Road network navigation caching started.
00:06:07.588 : Cached navigation loaded
00:06:07.634 : Current profile saved.
00:06:07.790 : <WARNING> Ignoring obsolete attribute 'sound_horn' of unit 'standard.kenworth.wp.cabin' (of type 'accessory_cabin_data').
00:06:07.790 : <WARNING> Ignoring obsolete attribute 'sound_air_horn' of unit 'standard.kenworth.wp.cabin' (of type 'accessory_cabin_data').
00:06:07.811 : <WARNING> Ignoring obsolete attribute 'drop_size_minimum' of unit '.kenworthwp.r.pane.front' (of type 'glass_pane_data').
00:06:07.811 : <WARNING> Ignoring obsolete attribute 'drop_size_maximum' of unit '.kenworthwp.r.pane.front' (of type 'glass_pane_data').
00:06:07.811 : <WARNING> Ignoring obsolete attribute 'drop_size_minimum' of unit '.kenworthwp.r.pane.close' (of type 'glass_pane_data').
00:06:07.811 : <WARNING> Ignoring obsolete attribute 'drop_size_maximum' of unit '.kenworthwp.r.pane.close' (of type 'glass_pane_data').
00:06:07.811 : <WARNING> Ignoring obsolete attribute 'drop_size_minimum' of unit '.kenworthwp.r.pane.far' (of type 'glass_pane_data').
00:06:07.811 : <WARNING> Ignoring obsolete attribute 'drop_size_maximum' of unit '.kenworthwp.r.pane.far' (of type 'glass_pane_data').
00:06:07.811 : <WARNING> Ignoring obsolete attribute 'drop_size_minimum' of unit '.kenworthwp.r.pane.door' (of type 'glass_pane_data').
00:06:07.811 : <WARNING> Ignoring obsolete attribute 'drop_size_maximum' of unit '.kenworthwp.r.pane.door' (of type 'glass_pane_data').
00:06:07.811 : <WARNING> Ignoring obsolete attribute 'drop_size_minimum' of unit '.kenworthwp.r.pane.roof' (of type 'glass_pane_data').
00:06:07.811 : <WARNING> Ignoring obsolete attribute 'drop_size_maximum' of unit '.kenworthwp.r.pane.roof' (of type 'glass_pane_data').
00:06:07.811 : <WARNING> Ignoring obsolete attribute 'drop_size_minimum' of unit '.kenworthwp.r.pane.back_sl' (of type 'glass_pane_data').
00:06:07.811 : <WARNING> Ignoring obsolete attribute 'drop_size_maximum' of unit '.kenworthwp.r.pane.back_sl' (of type 'glass_pane_data').
00:06:08.161 : Garage update started.
00:06:08.161 : <ERROR> Unknown garage set ! Check xxxx_garages[] in game_data.sii.
00:06:08.161 : <ERROR> Unknown garage set ! Check xxxx_garages[] in game_data.sii.
00:06:08.161 : <ERROR> Unknown garage set ! Check xxxx_garages[] in game_data.sii.
00:06:08.161 : <ERROR> Unknown garage set ! Check xxxx_garages[] in game_data.sii.
00:06:08.162 : <ERROR> Unknown garage set ! Check xxxx_garages[] in game_data.sii.
00:06:08.163 : <ERROR> Unknown garage set ! Check xxxx_garages[] in game_data.sii.
00:06:08.163 : <ERROR> Unknown garage set ! Check xxxx_garages[] in game_data.sii.
00:06:08.163 : <ERROR> Unknown garage set ! Check xxxx_garages[] in game_data.sii.
00:06:08.163 : <ERROR> Unknown garage set ! Check xxxx_garages[] in game_data.sii.
00:06:08.163 : <ERROR> Unknown garage set ! Check xxxx_garages[] in game_data.sii.
00:06:08.163 : <ERROR> Unknown garage set ! Check xxxx_garages[] in game_data.sii.
00:06:08.163 : <ERROR> Unknown garage set ! Check xxxx_garages[] in game_data.sii.
00:06:08.163 : <ERROR> Unknown garage set ! Check xxxx_garages[] in game_data.sii.
00:06:08.163 : <ERROR> Unknown garage set ! Check xxxx_garages[] in game_data.sii.
00:06:08.163 : <ERROR> Unknown garage set ! Check xxxx_garages[] in game_data.sii.
00:06:08.163 : <ERROR> Unknown garage set ! Check xxxx_garages[] in game_data.sii.
00:06:08.163 : <ERROR> Unknown garage set ! Check xxxx_garages[] in game_data.sii.
00:06:08.163 : <ERROR> Unknown garage set ! Check xxxx_garages[] in game_data.sii.
00:06:08.163 : <ERROR> Unknown garage set ! Check xxxx_garages[] in game_data.sii.
00:06:08.163 : <ERROR> Unknown garage set ! Check xxxx_garages[] in game_data.sii.
00:06:08.163 : <ERROR> Unknown garage set ! Check xxxx_garages[] in game_data.sii.
00:06:08.163 : <ERROR> Unknown garage set ! Check xxxx_garages[] in game_data.sii.
00:06:08.163 : <ERROR> Unknown garage set ! Check xxxx_garages[] in game_data.sii.
00:06:08.163 : <ERROR> Unknown garage set ! Check xxxx_garages[] in game_data.sii.
00:06:08.163 : <ERROR> Unknown garage set ! Check xxxx_garages[] in game_data.sii.
00:06:08.163 : <ERROR> Unknown garage set ! Check xxxx_garages[] in game_data.sii.
00:06:08.163 : <ERROR> Unknown garage set ! Check xxxx_garages[] in game_data.sii.
00:06:08.163 : <ERROR> Unknown garage set ! Check xxxx_garages[] in game_data.sii.
00:06:08.163 : <ERROR> Unknown garage set ! Check xxxx_garages[] in game_data.sii.
00:06:08.163 : <ERROR> Unknown garage set ! Check xxxx_garages[] in game_data.sii.
00:06:08.424 : Garage update finished.
00:06:09.135 : <ERROR> Effect eut2.fakeshadow does not support aux[1] input.
00:06:09.136 : <WARNING> [material] unable to decode input_id from aux attribute (in /automat/6c/6c9ccda21f36cb36.mat)
00:06:09.285 : <ERROR> External locator for toy addon group 'toystand' was not found, expect problems!
00:06:09.352 : <WARNING> [visual_interior] Invalid UI element type detected, expecting 'ui_text_bar' for item with ID: 1350, element will be ignored!
00:06:09.373 : No interior shadow for 'exclusive.kenworth.wp.interior' due to missing data.
00:06:09.389 : <ERROR> [mem server] Failed to init update for object '/automat/16/.tobj'.
00:06:09.430 : [actor] Initialized at [4031.2;7.4;50978.7]
00:06:09.668 : <ERROR> [mem server] Failed to init update for object '/vehicle/truck/upgrade/paintjob/kenworth_wp/lanita/lanita2_w9_0.tobj'.
00:06:10.079 : <ERROR> [tobj] Failed to retrieve metadata from file '/material/environment/hood_mirror_reflection.tobj'.
00:06:10.083 : <ERROR> [dstorage] Batch error! This is the error code of the first failure. Invalidating all remaining requests! (0x89240007)
00:06:10.083 : <ERROR> [dstorage] File: C:/Users/len_f/OneDrive/Documents/American Truck Simulator/mod/Freightliner_FLC_Renenate.scs, Chunk: 
00:06:11.910 : [app_lcl] Localization module '/locale/en_us/local_module.jazzytrail.sii' has been applied.
00:06:11.913 : [app_lcl] Localization module '/locale/en_us/local_module.eyt_cargo.sii' has been applied.
00:06:11.914 : [app_lcl] Localization module '/locale/en_us/local_module.arctic_log.sii' has been applied.
00:06:11.916 : [app_lcl] Localization module '/locale/en_us/local_module.aspen_oil_ow.sii' has been applied.
00:06:11.918 : [app_lcl] Localization module '/locale/en_us/local_module.transcraft.sii' has been applied.
00:06:11.919 : [app_lcl] Localization module '/locale/en_us/local_module.scr_timpte_super_seal.sii' has been applied.
00:06:11.921 : [app_lcl] Localization module '/locale/en_us/local_module.greatdane.sii' has been applied.
00:06:11.925 : <WARNING> [app_lcl] Failed to add token 'trans' from localization module '/locale/en_us/local_module.byjonruda.sii'! Localization with that token already defined.
00:06:11.945 : <WARNING> [app_lcl] Failed to add token 'seat' from localization module '/locale/en_us/local_module.byjonruda.sii'! Localization with that token already defined.
00:06:11.955 : [app_lcl] Localization module '/locale/en_us/local_module.byjonruda.sii' has been applied.
00:06:11.961 : [app_lcl] Localization module '/locale/en_us/local_module.fred122.sii' has been applied.
00:06:11.963 : [app_lcl] Localization module '/locale/en_us/local_module.gtm_w900b.sii' has been applied.
00:06:11.964 : [app_lcl] Localization module '/locale/en_us/local_module.gtm_t800.sii' has been applied.
00:06:11.966 : <WARNING> [app_lcl] Failed to add token 'underglow' from localization module '/locale/en_us/local_module.kenworth_w990.sii'! Localization with that token already defined.
00:06:11.966 : [app_lcl] Localization module '/locale/en_us/local_module.kenworth_w990.sii' has been applied.
00:06:12.144 : <ERROR> External locator for toy addon group 'toystand' was not found, expect problems!
00:06:12.147 : No interior shadow for 'exclusive.kenworth.wp.interior' due to missing data.
00:06:12.250 : Desktop screen config switched to 'truck'
00:06:12.300 : <ERROR> [mem server] Failed to init update for object '/automat/16/.tobj'.
00:06:12.306 : <ERROR> [mem server] Failed to init update for object '/vehicle/truck/upgrade/paintjob/kenworth_wp/lanita/lanita2_w9_0.tobj'.
00:06:12.478 : <ERROR> External locator for toy addon group 'toystand' was not found, expect problems!
00:06:12.481 : No interior shadow for 'exclusive.kenworth.wp.interior' due to missing data.
00:06:12.496 : Current profile saved.
"
fbfZy5k0?source=archive,Untitled,LFranklin,text,Thursday 20th of August 2026 03:17:04 AM CDT,"************ : log created on : Thursday August 20 2026 @ 03:15:04
00:00:00.000 : [sys] running on x86_64 / Windows 11 x64 (version 10.0.26200)
00:00:00.000 : [sys] Command line:  C:\SteamLibrary\steamapps\common\American Truck Simulator\bin\win_x64\amtrucks.exe -mm_pool_size 8192 -mm_max_resource_size 100 -mm_max_tmp_buffers_size 1000 -nointro -unlimitedlog
00:00:00.000 : [cpu] AuthenticAMD [AMD Ryzen 5 5500                               ] - 1 package, 6 cores, 12 threads.
00:00:00.000 : [cpu] logical_id  : 0    1    2    3    4    5    6    7    8    9    10   11  
00:00:00.000 : [cpu] package_id  : 0    0    0    0    0    0    0    0    0    0    0    0   
00:00:00.000 : [cpu] core_id     : 0    0    1    1    2    2    3    3    4    4    5    5   
00:00:00.000 : [cpu] thread_id   : 0    1    0    1    0    1    0    1    0    1    0    1   
00:00:00.000 : [cpu] core_type   : P    P    P    P    P    P    P    P    P    P    P    P   
00:00:00.000 : [cpu] freq(MHz)   : 3593 3593 3593 3593 3593 3593 3593 3593 3593 3593 3593 3593
00:00:00.000 : [cpu] sched_class : 4    4    4    4    2    2    3    3    0    0    1    1   
00:00:00.000 : [sys] using 4 worker thread(s)
00:00:00.000 : [sys] and 3 worker threads for IO.
00:00:00.000 : [sys] plus 3 real-time worker threads.
00:00:00.000 : [sys] using QPC / HPET timer, frequency 10000000Hz
00:00:00.001 : [mem] physical total: 16251M
00:00:00.001 : [mem] physical avail: 3537M
00:00:00.001 : [mem] virtual total: 134217727M
00:00:00.001 : [mem] virtual avail: 134212550M
00:00:00.001 : [mem] Allocated 1000 MBs for temporary loading buffers
00:00:00.185 : [xinput] Using XInput version 1.4.0
00:00:00.230 : [hashfs] version.scs: Created and validated, 2 entries (98B40E917109223444B6870EB346FCD1AE33D7A206450984D647C7D8B6609667)
00:00:00.230 : [hashfs] version.scs: Unmounted.
00:00:00.230 : [ufs] Loaded pack set version 1.60.1.8 created at 1782740833
00:00:00.243 : [hashfs] effect.scs: Created and validated, 24481 entries (32A4AEF39EE1F5670575495AF4BECAAC723F5EE99C39581206CED63C167E9D0D)
00:00:00.243 : [fs] device C:/SteamLibrary/steamapps/common/American Truck Simulator/effect.scs mounted to core pool.
00:00:00.324 : [hashfs] base.scs: Created and validated, 143605 entries (D9CADFD1E13D60E598FFD6006D02A7A6E39DBDF240AE4E0E7478F21DADD18D32)
00:00:00.324 : [fs] device C:/SteamLibrary/steamapps/common/American Truck Simulator/base.scs mounted to scs pool.
00:00:00.327 : [hashfs] base_map.scs: Created and validated, 6137 entries (15199218D80772B5668BD052700D33C201E9FA2DB18263D9B45AE5AD06307294)
00:00:00.327 : [fs] device C:/SteamLibrary/steamapps/common/American Truck Simulator/base_map.scs mounted to scs pool.
00:00:00.369 : [hashfs] base_vehicle.scs: Created and validated, 30765 entries (EC942FB8C31BC3084C0F283E634543350A3120F5C31742F5F2C1EC5D27F1F012)
00:00:00.369 : [fs] device C:/SteamLibrary/steamapps/common/American Truck Simulator/base_vehicle.scs mounted to scs pool.
00:00:00.402 : [hashfs] base_share.scs: Created and validated, 40322 entries (B38A2DA4B9B5BF3901FF0A593E9D75346042849F1FE44E8ED0ADA572DC498BB1)
00:00:00.402 : [fs] device C:/SteamLibrary/steamapps/common/American Truck Simulator/base_share.scs mounted to scs pool.
00:00:00.908 : [hashfs] def.scs: Created and validated, 31648 entries (4B9F47603B3E205F965713812557296AD65A9D0DF6A08FDD66F0C494FB572E56)
00:00:00.908 : [fs] device C:/SteamLibrary/steamapps/common/American Truck Simulator/def.scs mounted to scs pool.
00:00:00.909 : [hashfs] core.scs: Created and validated, 33 entries (C3B9C1D53A5DD1A1E6520457A4DD87E524373AD33282712EA6E8A0154FE107DF)
00:00:00.909 : [fs] device C:/SteamLibrary/steamapps/common/American Truck Simulator/core.scs mounted to core pool.
00:00:00.971 : [hashfs] locale.scs: Created and validated, 522 entries (2A0D68CD8B685B883B7AA2A9B721B142FB2F1E1989CDE258AC27C4134122CB4B)
00:00:00.971 : [fs] device C:/SteamLibrary/steamapps/common/American Truck Simulator/locale.scs mounted to core pool.
00:00:00.972 : [hashfs] base_cfg.scs: Created and validated, 1 entries (AD45F9AF6B2515B02BC603F269A0426187036CB28AB6D24BC46544479ADC1F1B)
00:00:00.972 : [fs] device C:/SteamLibrary/steamapps/common/American Truck Simulator/base_cfg.scs mounted to core pool.
00:00:00.973 : [ufs] core pool: 4 packs, 24881 files, 156 dirs
00:00:00.994 : [ufs] scs pool: 5 packs, 245738 files, 6739 dirs
00:00:00.994 : [ufs] Home directory: 'C:/Users/len_f/OneDrive/Documents/American Truck Simulator'.
00:00:00.995 : [fs] device C:/Users/len_f/OneDrive/Documents/American Truck Simulator mounted to user pool.
00:00:01.006 : [hashfs] dlc_ar.scs: Created and validated, 3200 entries (771382B0DEE6D9B9AFFECF6573B9B91A17ADD7B258428B39E4E474A739F6BA3C)
00:00:01.016 : [hashfs] dlc_arizona.scs: Created and validated, 3581 entries (D22392806B01D4CDA9F17D09791DCE36827C0ADDEC02AF13713DE95F86BADFB5)
00:00:01.037 : [hashfs] dlc_bobcat.scs: Created and validated, 1763 entries (3D34753588B67BA0BB6CFA1188FA829B55D8B4457CF4A8DFFC01DC1EB0E9DE15)
00:00:01.048 : [hashfs] dlc_christmas.scs: Created and validated, 1537 entries (4A4B3656A7E5F5CCAF590319B44AB53A80D7911284F289D9335ACCE8ABDE3612)
00:00:01.058 : [hashfs] dlc_co.scs: Created and validated, 2262 entries (34E89B7EE20BE2ECD84BC3855843845BE7D56DDABE25ED27C307261FD1FCDC64)
00:00:01.065 : [hashfs] dlc_dragon.scs: Created and validated, 738 entries (C4824D5B7710F5B8D44E30CE325F6A6B67F228D27D264403AD016D89931861E8)
00:00:01.085 : [hashfs] dlc_farm_machinery.scs: Created and validated, 1902 entries (A2286C537E2E695F38EF84D8D924350CDA96980CBC931E993B44089CFC31BE7A)
00:00:01.101 : [hashfs] dlc_forest_harvesting.scs: Created and validated, 1709 entries (03B39382E9C252CC6EE0FE81F571139E7A009B71B0B1BAF495D2AB9E003C128A)
00:00:01.139 : [hashfs] dlc_freightliner_cascadia2019.scs: Created and validated, 2816 entries (2850963CFDD28484B6B563EBCE9B5BBC4168888DD12AC68A1586CF2C9602826B)
00:00:01.174 : [hashfs] dlc_freightliner_cascadia2024.scs: Created and validated, 2470 entries (97674E85CE55FA4A06C74140B45D45E0CA6679ABA0D7FC174235391AC2541DAC)
00:00:01.188 : [hashfs] dlc_goodyear.scs: Created and validated, 1512 entries (9DC581B88BC6176753B641975877A9A0A59D0F8C857F8D51D0428DF295DEF3C7)
00:00:01.196 : [hashfs] dlc_halloween.scs: Created and validated, 921 entries (ED3C4189001505179EFD4F4A4FB18BEF9881EBDF1F848A465EEBFF49E0971AA8)
00:00:01.219 : [hashfs] dlc_heavy_cargo.scs: Created and validated, 1817 entries (F0E82FC6589083535ABECB9D318C7E4819BC42E5F842210C62678CBE45428B44)
00:00:01.232 : [hashfs] dlc_ia.scs: Created and validated, 3342 entries (50E55752556F970254C41C7B62963AFA7752CC797FC481851954569B7E04787D)
00:00:01.238 : [hashfs] dlc_id.scs: Created and validated, 1421 entries (63DA2873D17F2FDA51DA0CC6C520A601A218FCDF88097E696E5108D0DB19B11B)
00:00:01.251 : [hashfs] dlc_il.scs: Created and validated, 4331 entries (3301D39BE22EE6186A06870BE64D9D760D392A19D687E991BE9FB35C118B1BC0)
00:00:01.276 : [hashfs] dlc_international_9900i.scs: Created and validated, 1741 entries (9526D08F7280D3985D45F9F0763419323CA3848B97D2CF2AB18DB3212BB415B6)
00:00:01.299 : [hashfs] dlc_international_lonestar.scs: Created and validated, 1865 entries (3C14351C8E09E0F3B8509739389AEC9A2292FFE7CF3C0FD688861DE3FDF13A4C)
00:00:01.372 : [hashfs] dlc_international_lt.scs: Created and validated, 2683 entries (401D1BCC402C85F8B7D44964F2AB48AEF92D5D9FA1C2E26BA5CE09409BD19BA1)
00:00:01.395 : [hashfs] dlc_jcb.scs: Created and validated, 1960 entries (43D637F801544B6414CE25BA6F3A143F55C069B73A796FD681AFA5B3700D6474)
00:00:01.436 : [hashfs] dlc_kenworth_t680.scs: Created and validated, 1585 entries (890217AAFD89A1986FBE786069214C332F44F6E9FC3019EB7EADF1F4FC2D99CB)
00:00:01.467 : [hashfs] dlc_kenworth_t680_2022.scs: Created and validated, 3228 entries (CF01A6177710C27B3888942B5F4DB810B2C4204E0249319AD7D47AE6AABAC79C)
00:00:01.499 : [hashfs] dlc_kenworth_w900.scs: Created and validated, 4448 entries (4105CD089148512305934C76B5A76208194645AA68BCF71BB93E1BDB43DE2610)
00:00:01.516 : [hashfs] dlc_krone_agriculture.scs: Created and validated, 1390 entries (2E2F8F0B2138A97E87DC99B0A58A850D76AEA7C0E608AB907641DC19033BE0C2)
00:00:01.530 : [hashfs] dlc_ks.scs: Created and validated, 3207 entries (11DE1C241CAF8998F3C3351954BA3457C3FFEA0815A24E199113FFD30C700A2B)
00:00:01.545 : [hashfs] dlc_la.scs: Created and validated, 4490 entries (50176B9CB73EAEC4D5989D51F1E9476FD94485884547D9347E6AC864E7325C4D)
00:00:01.580 : [hashfs] dlc_lodeking.scs: Created and validated, 4453 entries (A8D04E691BCA01DD75F5C1A6E1D36E65B118A8A340BBDFBB374FF4187AC3EE1F)
00:00:01.607 : [hashfs] dlc_mack_anthem.scs: Created and validated, 2566 entries (C23440092F2E683BC766D37D153FEE417252DAAF385934C7A6B04C304F521EB1)
00:00:01.632 : [hashfs] dlc_mack_pinnacle.scs: Created and validated, 2028 entries (F47029F5355C8F5811F04BE6E1A26F40F9A5F060F00431303F7C1B5B5C492826)
00:00:01.646 : [hashfs] dlc_michelin.scs: Created and validated, 1564 entries (B135BC5963FA77B346885CB930BA3B2BC6D61E30DE3D464BEE7F3CE7F9142AB2)
00:00:01.655 : [hashfs] dlc_mo.scs: Created and validated, 1533 entries (30B3B3C1D00535FC78878946C13418F3A43D87C4754CD623EF1B13B1C6F9064F)
00:00:01.670 : [hashfs] dlc_mt.scs: Created and validated, 5003 entries (778BD0A005E92A080B7DAE69BA5BAC90B85F49FC9572E432E1C609C320A5C151)
00:00:01.679 : [hashfs] dlc_ne.scs: Created and validated, 2876 entries (6FE91B10F34825A5220A594B92CA2DAC28D5592D4D13F8DB0831CCC31CBF07D6)
00:00:01.692 : [hashfs] dlc_neon.scs: Created and validated, 1517 entries (7585C4878BF44CD2C7C549BEC44F68BC755E9995B9292BE4F03C45421B6DDA03)
00:00:01.697 : [hashfs] dlc_nevada.scs: Created and validated, 857 entries (92F737E110A5CF491634DBB6A775222D5D096CB57905DD8E9C140983C947822D)
00:00:01.707 : [hashfs] dlc_nm.scs: Created and validated, 2375 entries (5B569B4C0475F0D403FCF74F17C1400F194EA7FD54F0683BC1DEF7904FD4CCEC)
00:00:01.721 : [hashfs] dlc_ok.scs: Created and validated, 4421 entries (B94523BC66033B37D3D2965D67E256E67FBDD4924A8E4CC809921D21A6585350)
00:00:01.726 : [hashfs] dlc_or.scs: Created and validated, 1262 entries (44D154FBDD0432B93F6FD6FCD9043A79459DD1E6939D3B7FFBC4207F82FCB5F4)
00:00:01.735 : [hashfs] dlc_oversize.scs: Created and validated, 962 entries (EDCEEC44098120C73B9A6CCF9A1738E5F7C593915DFA6D9FEA7B5D28C0E61ADC)
00:00:01.758 : [hashfs] dlc_peterbilt_389.scs: Created and validated, 1620 entries (621E9C4DEC7BE3E6606FB78EEAF04BD261024650F1C69BC99DC6AFCB453A3B4D)
00:00:01.780 : [hashfs] dlc_peterbilt_579.scs: Created and validated, 1591 entries (D4F813D0A753AEA25491DBF2701865E47D870E68BA1CD1FE4A40F7E0C923D2D6)
00:00:01.790 : [hashfs] dlc_pink_ribbon.scs: Created and validated, 854 entries (CAB00619E97A10A7E71DE5EF17E7C04C9B9E394CE07E196633EFF7E46918F4F3)
00:00:01.796 : [hashfs] dlc_rims.scs: Created and validated, 976 entries (30166869AC95FE6DF3DC0533E131D9EC2BBBCF847592E2924BA3B21371DC64FD)
00:00:01.810 : [hashfs] dlc_sci_st_wheels.scs: Created and validated, 1502 entries (F42ECE64E59D53B48948106D90CF10A29A9F3E37A2A921329C3F05E2F6D04303)
00:00:01.827 : [hashfs] dlc_space.scs: Created and validated, 1957 entries (1010BCAF976BFE9488546FEB775BFF96F8E15CC92361C80DF471FBFE77F2C084)
00:00:01.840 : [hashfs] dlc_sports.scs: Created and validated, 1480 entries (A3B7123C81D019CAE4C3787CF7BEA90C5130BF7A0E87F23E9C24AC18BB771E29)
00:00:01.850 : [hashfs] dlc_steampunk.scs: Created and validated, 1338 entries (E90EBC86CC5E1F69272FA322723857453A693312636A77DBAA833F77EC8F2EF2)
00:00:01.877 : [hashfs] dlc_stripes.scs: Created and validated, 3203 entries (BDC8F04102533D10B602668810615ED035599F0BC729CEA34FB1E794E1815390)
00:00:01.927 : [hashfs] dlc_toys.scs: Created and validated, 4378 entries (83D7BBF687F3548DCDD1D651B5A78B75152BEABB03CCEE3AB5EF057BB8D00E49)
00:00:01.967 : [hashfs] dlc_tx.scs: Created and validated, 9124 entries (C10FCDE54F28023956CACED6E3CB03B64DCCBDC369161EA310C8A2B8BB4040ED)
00:00:01.973 : [hashfs] dlc_ut.scs: Created and validated, 1194 entries (BF6EE7EC260C3037E38F7B8E80ECAA12AC78B115B1DAECD1616D4F37DBDC5FAD)
00:00:01.985 : [hashfs] dlc_valentine.scs: Created and validated, 1417 entries (B1B1E4294D59557F27E79CBED073232341F26A40869991DEA2EEEA2C0BB395FD)
00:00:01.995 : [hashfs] dlc_volvo_construction.scs: Created and validated, 849 entries (EEF6D50FCE06C74B6E6E9E98C9C55C670BB81CB166791B31AD18428171E3D06F)
00:00:02.017 : [hashfs] dlc_volvo_vnl.scs: Created and validated, 1673 entries (147684FBA998E4511A553DA459BFED5AEB8684A73D889792E71B73DA2346E52D)
00:00:02.054 : [hashfs] dlc_volvo_vnl2018.scs: Created and validated, 2833 entries (8AB5C8DEB0C99CE3CB35966AAA082731112174AFDE46AF83EB9267F82411E155)
00:00:02.086 : [hashfs] dlc_volvo_vnl2025.scs: Created and validated, 2706 entries (82EF37E284AF4505E6C39E3EA3C07800A66CF5CFAF48ADA3D3C028F9DC69695F)
00:00:02.096 : [hashfs] dlc_volvo_vnr_e.scs: Created and validated, 900 entries (A62BCB4D8FD893F154FE838246382D6D112F147DB310CAF4295FE1B5288C6664)
00:00:02.112 : [hashfs] dlc_w900_tuning.scs: Created and validated, 4273 entries (ECC9F454686A63502ED76F5AE9FE5CC72595DAA1422ECD34A10919E0FBBF0794)
00:00:02.120 : [hashfs] dlc_wa.scs: Created and validated, 1590 entries (AEFE3FA223713740B6E9CDB5F99F001405D17F422492FD2E9745FB762D1AC821)
00:00:02.133 : [hashfs] dlc_western.scs: Created and validated, 1322 entries (53C835A4DEEC9CF6D4C5B403A81A89048C6325384CEA550698BA34EC5A92C685)
00:00:02.169 : [hashfs] dlc_westernstar_49x.scs: Created and validated, 3131 entries (948C6E78172A7D91F5B32C4B84A4264BAD342F68E3A66157C71A35C987A0DF5A)
00:00:02.197 : [hashfs] dlc_westernstar_5700xe.scs: Created and validated, 2082 entries (70BEC82DA005FA54D557CB81A4E5366EAFAFF41C07D0C316E4D6A1FCFEDA26BB)
00:00:02.226 : [hashfs] dlc_westernstar_57x.scs: Created and validated, 2172 entries (6D76BC7FAC727328BF091881CB157789AB73993A89E25E88AAC28A3F1DB55FE1)
00:00:02.235 : [hashfs] dlc_wy.scs: Created and validated, 2681 entries (D4D49FF0E7EFF63EAD83A730ED9F8EE1B5D816FD2498D789EB17CF7E2093A115)
00:00:02.238 : [hashfs] 1.6X.X_Kenworth_T680_2022_JG.scs: Created, 1610 entries
00:00:02.240 : [zipfs] 24in_wheelpack.scs: Created, 2024 entries
00:00:02.241 : [zipfs] 30in_wheelpack_v2.scs: Created, 902 entries
00:00:02.243 : [zipfs] 3XX PNW Truck and Trailer V3.7.scs: Created, 1585 entries
00:00:02.245 : [hashfs] ai_traffic_pack_by_Jazzycat_v16.6.7_ats.scs: Created, 12259 entries
00:00:02.247 : [zipfs] alka kenworth w990 custom.1.60.x_key and open def.scs: Created, 692 entries
00:00:02.247 : <ERROR> [mods] Cannot find '/description.txt' description file for mod 'alka kenworth w990 custom.1.60.x_key and open def'.
00:00:02.247 : [hashfs] alka kenworth w990.custom.1.60.scs: Created, 9604 entries
00:00:02.247 : <ERROR> [mods] Cannot find '/description.txt' description file for mod 'alka kenworth w990.custom.1.60'.
00:00:02.277 : [zipfs] ATS Exp Cargo Addon 090826 PE.scs: Created, 61370 entries
00:00:02.277 : <WARNING> [mods] No display_name defined in ATS Exp Cargo Addon 090826 PE. Using package name instead.
00:00:02.277 : [hashfs] ATS_1.60_TRAILER_ASPEN_OILFIELD_HIGHBOY_v1.0_LITE_by_CyrusTheVirus.scs: Created, 979 entries
00:00:02.279 : [hashfs] ATS_1.60_TRAILER_GREAT_DANE_COLLECTION_v4.0_LITE_by_CyrusTheVirus.scs: Created, 5305 entries
00:00:02.280 : [hashfs] ATS_1.60_TRAILER_TRANSCRAFT_TRAILERS_COLLECTION_v2.0_LITE_by_CyrusTheVirus.scs.scs: Created, 3726 entries
00:00:02.281 : [hashfs] ATS_1.61_TRAILER_ARCTIC_LOGS_TRAILERS_v9.0_LITE_by_CyrusTheVirus.scs: Created, 1378 entries
00:00:02.292 : [zipfs] ATS_Expansion_v22.0_1.60.scs: Created, 21467 entries
00:00:02.302 : [zipfs] ATS_Expansion_v22.0_1.60.scs: Created, requested subdirectory: base, 21467 entries (21464 entries in requested subdirectory)
00:00:02.303 : [hashfs] benson enclosed trailer v20.11.25.scs: Created, 166 entries
00:00:02.303 : <WARNING> [mods] No display_name defined in benson enclosed trailer v20.11.25. Using package name instead.
00:00:02.303 : [hashfs] BladeShop_LTL_9000_ATS_1.60.scs: Created, 6993 entries
00:00:02.323 : [zipfs] Coast_to_Coast_v2.23.60.0.scs: Created, 46865 entries
00:00:02.325 : [zipfs] CT_Bullrack.scs: Created, 1557 entries
00:00:02.325 : [zipfs] Custom Skin Pack Kenworth W990.scs: Created, 35 entries
00:00:02.328 : [hashfs] DLC Wrecker.scs: Created, 202918 entries
00:00:02.329 : [zipfs] DNA_C2C_ATS_Exp_Connections_v1.4.0.1.scs: Created, 178 entries
00:00:02.340 : [zipfs] DNA_v1.7.8.scs: Created, 26015 entries
00:00:02.343 : [hashfs] Engine Sounds.scs: Created, 196742 entries
00:00:02.344 : [zipfs] flatline_lights_renenate.scs: Created, 716 entries
00:00:02.351 : [zipfs] Freightliner Cascadia Enhanced v1.5.5.2.scs: Created, 9407 entries
00:00:02.359 : [zipfs] Freightliner_FLB_Renenate.scs: Created, 15953 entries
00:00:02.360 : <WARNING> [mods] No display_name defined in Freightliner_FLB_Renenate. Using package name instead.
00:00:02.363 : [zipfs] Freightliner_FLC_Renenate.scs: Created, 5983 entries
00:00:02.366 : [hashfs] Freightshaker Cascadia 125 ATS.scs: Created, 209892 entries
00:00:02.366 : [zipfs] Freightshaker Cascadia 125 DLC Steering Wheels Compatibility.scs: Created, 62 entries
00:00:02.367 : [zipfs] Freightshaker Cascadia 125 DLC Toys Compatibility.scs: Created, 266 entries
00:00:02.369 : [zipfs] Freightshaker Cascadia 125 Open Definition.scs: Created, 3019 entries
00:00:02.372 : [hashfs] Freightshaker Cascadia 125 Personal KEY.scs: Created, 196620 entries
00:00:02.373 : [zipfs] Freightshaker Cascadia 125 Realistic Headlights.scs: Created, 10 entries
00:00:02.374 : [zipfs] Freightshaker Cascadia 125 SISL Pack Compatibility.scs: Created, 902 entries
00:00:02.377 : [hashfs] Freightshaker Classic XL ATS.scs: Created, 209744 entries
00:00:02.378 : [zipfs] Freightshaker Classic XL DLC Steering Wheels Compatibility.scs: Created, 62 entries
00:00:02.379 : [zipfs] Freightshaker Classic XL DLC Toys Compatibility.scs: Created, 267 entries
00:00:02.382 : [hashfs] Freightshaker Classic XL Personal KEY.scs: Created, 196665 entries
00:00:02.383 : [zipfs] Freightshaker Classic XL Realistic Headlights.scs: Created, 10 entries
00:00:02.384 : [zipfs] Freightshaker Classic XL SISL Pack Compatibility.scs: Created, 943 entries
00:00:02.385 : [zipfs] Freightshaker Coronado SD DLC Steering Wheels Compatibility.scs: Created, 62 entries
00:00:02.386 : [zipfs] Freightshaker Coronado SD DLC Toys Compatibility.scs: Created, 270 entries
00:00:02.389 : [zipfs] Freightshaker Coronado SD Open Definition.scs: Created, 4012 entries
00:00:02.392 : [hashfs] Freightshaker Coronado SD Personal KEY.scs: Created, 196690 entries
00:00:02.393 : [zipfs] Freightshaker Coronado SD SISL Pack Compatibity.scs: Created, 920 entries
00:00:02.396 : [hashfs] Freightshaker Coronado SD.scs: Created, 210480 entries
00:00:02.396 : [hashfs] gmc sierrra hd 2024 by dn v17.2.26.scs: Created, 1817 entries
00:00:02.396 : <WARNING> [mods] No display_name defined in gmc sierrra hd 2024 by dn v17.2.26. Using package name instead.
00:00:02.397 : [zipfs] Gulf Oil combo.scs: Created, 31 entries
00:00:02.397 : [zipfs] Hater_Brighter_Headlights.scs: Created, 12 entries
00:00:02.398 : [zipfs] Haterbilt_Chrome_Darker.scs: Created, 18 entries
00:00:02.398 : [zipfs] Haterbilt_Chrome_New_Shine.scs: Created, 14 entries
00:00:02.400 : [zipfs] Haterbilt_ETS2_Cabin_Patch.scs: Created, 854 entries
00:00:02.401 : [zipfs] Haterbilt_Ol-Skool_Skinpack.scs: Created, 63 entries
00:00:02.401 : [zipfs] Haterbilt_Open_Def.scs: Created, 42 entries
00:00:02.413 : [zipfs] Haterbilt_v4.9.1_389viper2_ATS_ETS2_by_Hatreyu_Gaming.scs: Created, 20575 entries
00:00:02.414 : [zipfs] HICKLYFES_HATERBILT_PINUPS_SKINPACK.scs: Created, 63 entries
00:00:02.415 : [zipfs] HwyKillerCCpaint.scs: Created, 11 entries
00:00:02.415 : [zipfs] Jaspers.Dashboard_color_custom.scs: Created, 9 entries
00:00:02.416 : [zipfs] Jaspers.DEF_SISLs_Megapack.scs: Created, 904 entries
00:00:02.417 : [zipfs] Jaspers.DEF_Steering_Creations_Pack.scs: Created, 62 entries
00:00:02.417 : [hashfs] Jaspers.Kenworth_w900_series_v1.scs: Created, 7853 entries
00:00:02.418 : [hashfs] Jaspers.lightpack_v.05_100_brightness.scs: Created, 850 entries
00:00:02.418 : [zipfs] Jaspers.lowered_chassis.Kenworth_w900.scs: Created, 18 entries
00:00:02.420 : [zipfs] Jaspers.Real_Eaton_Fuller_Transmissions_CAST_Addon.scs: Created, 1748 entries
00:00:02.421 : [hashfs] Jaspers.Steering_wheels_v.0.4.scs: Created, 124 entries
00:00:02.421 : [hashfs] JonRuda-389-Lowered-Suspension.scs: Created, 21 entries
00:00:02.422 : [zipfs] K100 addons ratr0dev.scs: Created, 297 entries
00:00:02.422 : <WARNING> [mods] No valid categories defined for K100 addons ratr0dev. Setting defaults.
00:00:02.422 : <WARNING> [mods] No display_name defined in K100 addons ratr0dev. Using package name instead.
00:00:02.422 : [hashfs] KSW_LightsPack.scs: Created, 5037 entries
00:00:02.422 : <WARNING> [mods] Unknown category 'lights' defined for KSW_LightsPack. Ignoring.
00:00:02.422 : <WARNING> [mods] No valid categories defined for KSW_LightsPack. Setting defaults.
00:00:02.423 : [zipfs] KW W900 Highway Killer DLC Steering Wheels Compatibility.scs: Created, 62 entries
00:00:02.423 : [zipfs] KW W900 Highway Killer DLC Toys Compatibility.scs: Created, 286 entries
00:00:02.424 : [zipfs] KW W900 Highway Killer Realistic Headlights.scs: Created, 10 entries
00:00:02.426 : [zipfs] KW W900 Highway Killer SISL Pack Compatibility.scs: Created, 1018 entries
00:00:02.430 : [hashfs] KW W900 Highway Killer.scs: Created, 215492 entries
00:00:02.434 : [zipfs] KW220.scs: Created, 7166 entries
00:00:02.435 : [hashfs] LED_Mega_Pack_All_Trucks_Hatreyu_Gaming_v1.8.4.scs: Created, 3606 entries
00:00:02.435 : [zipfs] LED_Mega_Pack_Beacon_Patch.scs: Created, 14 entries
00:00:02.436 : [zipfs] LED_Mega_Pack_Old_Flares.scs: Created, 7 entries
00:00:02.436 : [zipfs] LED_Mega_Pack_Open_Def.scs: Created, 71 entries
00:00:02.437 : [zipfs] Lord G350 DLC Toys Compatibility.scs: Created, 210 entries
00:00:02.438 : [zipfs] Lord G350 SISL Pack Compatibility.scs: Created, 809 entries
00:00:02.442 : [hashfs] Lord G350.scs: Created, 201348 entries
00:00:02.443 : [zipfs] lowpro_tires_rd.scs: Created, 355 entries
00:00:02.446 : [zipfs] Modified_Peterbilt_389_144.scs: Created, 5127 entries
00:00:02.446 : <WARNING> [mods] No display_name defined in Modified_Peterbilt_389_144. Using package name instead.
00:00:02.447 : [zipfs] More American Cities (Colorado - v1.7).scs: Created, 301 entries
00:00:02.448 : [zipfs] More American Cities (Idaho - v1.7).scs: Created, 235 entries
00:00:02.448 : [zipfs] More American Cities (Nevada - v1.3).scs: Created, 161 entries
00:00:02.449 : [zipfs] More American Cities (Oklahoma - v1.6).scs: Created, 238 entries
00:00:02.449 : [zipfs] More American Cities (Oregon - v1.1).scs: Created, 283 entries
00:00:02.450 : [zipfs] More American Cities (Texas - v1.4).scs: Created, 764 entries
00:00:02.451 : [zipfs] More American Cities (Utah - v1.3).scs: Created, 223 entries
00:00:02.453 : [zipfs] More American Cities (v1.0).scs: Created, 2603 entries
00:00:02.453 : [zipfs] More American Cities (Washington - v1.5).scs: Created, 233 entries
00:00:02.455 : [zipfs] MrBadMae's RGB Headlights.scs: Created, 1103 entries
00:00:02.455 : <WARNING> [mods] No display_name defined in MrBadMae's RGB Headlights. Using package name instead.
00:00:02.455 : [zipfs] Night Moves Ruda Peterbilt 389 Flat Top.scs: Created, 35 entries
00:00:02.457 : [hashfs] overweight_trailers_and_cargo_pack_by_Jazzycat_v6.2.1_ats.scs: Created, 7698 entries
00:00:02.458 : [zipfs] Pearl Paint.scs: Created, 197 entries
00:00:02.458 : [zipfs] Pete 362 Cabover DLC Steering Wheels Compatibility.scs: Created, 62 entries
00:00:02.459 : [zipfs] Pete 362 Cabover DLC Toys Compatibility.scs: Created, 281 entries
00:00:02.462 : [hashfs] Pete 362 Cabover Personal KEY.scs: Created, 196884 entries
00:00:02.463 : [zipfs] Pete 362 Cabover Realistic Headlights.scs: Created, 10 entries
00:00:02.464 : [zipfs] Pete 362 Cabover SISL Pack Compatibility.scs: Created, 1008 entries
00:00:02.468 : [hashfs] Pete 362 Cabover.scs: Created, 206598 entries
00:00:02.468 : [zipfs] Pete 579 DLC Steering Wheels Compatibility.scs: Created, 62 entries
00:00:02.469 : [zipfs] Pete 579 DLC Toys Compatibility.scs: Created, 261 entries
00:00:02.470 : [zipfs] Pete 579 Open Definition.scs: Created, 1660 entries
00:00:02.473 : [hashfs] Pete 579 Personal KEY.scs: Created, 196659 entries
00:00:02.474 : [zipfs] Pete 579 SISL Pack Compatibility.scs: Created, 917 entries
00:00:02.477 : [hashfs] Pete 579.scs: Created, 203872 entries
00:00:02.478 : [zipfs] peterbilt.389xx.scs: Created, 239 entries
00:00:02.482 : [zipfs] Peterbilt_389_MF_f489a.scs: Created, 5635 entries
00:00:02.482 : <WARNING> [mods] No display_name defined in Peterbilt_389_MF_f489a. Using package name instead.
00:00:02.485 : [hashfs] Pickup Trailers.scs: Created, 207791 entries
00:00:02.485 : [hashfs] pickups wheel pack by DN v18.11.25.scs: Created, 540 entries
00:00:02.486 : <WARNING> [mods] Unknown category 'wheel' defined for pickups wheel pack by DN v18.11.25. Ignoring.
00:00:02.486 : <WARNING> [mods] No valid categories defined for pickups wheel pack by DN v18.11.25. Setting defaults.
00:00:02.486 : <WARNING> [mods] No display_name defined in pickups wheel pack by DN v18.11.25. Using package name instead.
00:00:02.486 : [hashfs] Pinga_389_v2.1.scs: Created, 16293 entries
00:00:02.487 : [hashfs] Pizzster_Modding_389_ATS_1.60.scs: Created, 5957 entries
00:00:02.487 : [zipfs] Pizzster_Modding_389_KEY.scs: Created, 8 entries
00:00:02.488 : [hashfs] Pizzster_Modding_389_SKIN_PACK.scs: Created, 259 entries
00:00:02.488 : [hashfs] Pizzster_Modding_389_Skinable_Logos_v2.scs: Created, 160 entries
00:00:02.488 : [hashfs] pj dump 16 feet by DN 18.11.25.scs: Created, 441 entries
00:00:02.489 : <WARNING> [mods] No display_name defined in pj dump 16 feet by DN 18.11.25. Using package name instead.
00:00:02.489 : [hashfs] Pj gooseneck trailer DN v18.11.25.scs: Created, 3641 entries
00:00:02.489 : <WARNING> [mods] Unknown category 'trucka' defined for Pj gooseneck trailer DN v18.11.25. Ignoring.
00:00:02.489 : <WARNING> [mods] No valid categories defined for Pj gooseneck trailer DN v18.11.25. Setting defaults.
00:00:02.489 : <WARNING> [mods] No display_name defined in Pj gooseneck trailer DN v18.11.25. Using package name instead.
00:00:02.489 : [hashfs] PM_Kenworth_W900_v2.2.scs: Created, 5902 entries
00:00:02.490 : [hashfs] pm_light_pack.scs: Created, 144 entries
00:00:02.492 : [zipfs] project3xx_146.scs: Created, 3379 entries
00:00:02.494 : [zipfs] RD_Moving_Ownable.scs: Created, 1590 entries
00:00:02.495 : [zipfs] realistic_rain_reflections_standalone_v1_2.scs: Created, 1069 entries
00:00:02.495 : [hashfs] Reboque_Big_Tex_V2_ATS_1.60_Jean_Rittono_BQ.scs: Created, 1827 entries
00:00:02.496 : [hashfs] Reforma_2_9_9_160.scs: Created, 4988 entries
00:00:02.497 : [hashfs] Reforma_Baja_Beta_4_4_160.scs: Created, 195 entries
00:00:02.497 : [hashfs] Reforma_Coahuila_Beta_2_9_160.scs: Created, 137 entries
00:00:02.502 : [hashfs] Reforma_MegaResources_v2_9_9_160.scs: Created, 27145 entries
00:00:02.503 : [hashfs] Reforma_Noreste_Beta_6_10_160.scs: Created, 63 entries
00:00:02.503 : [hashfs] Reforma_OtherMaps_Patch_37_160.scs: Created, 407 entries
00:00:02.504 : [hashfs] Reforma_Pacifico_Beta_5_3_160.scs: Created, 46 entries
00:00:02.504 : [hashfs] Reforma_ProMods_background_FIX_27_160.scs: Created, 24 entries
00:00:02.505 : [hashfs] Reforma_Sierra_Nevada_Remake_v1_16_160.scs: Created, 704 entries
00:00:02.505 : [zipfs] SCS_Company_Skins_for_Ruda_Trucks_and_Trailers.scs: Created, 263 entries
00:00:02.506 : [zipfs] C:/Users/len_f/OneDrive/Documents/American Truck Simulator/mod/Swc_Modding_Lights_Pack_0.2.6.scs: AEM       Ҳ PK
00:00:02.506 : [zipfs] Swc_Modding_Lights_Pack_0.2.6.scs: Created, 1217 entries
00:00:02.509 : [zipfs] The Godfather's Kenworth T Series Trucks Skins Pack.scs: Created, 3905 entries
00:00:02.509 : [hashfs] Tomb_Landoll_440_455B.scs: Created, 1358 entries
00:00:02.510 : [zipfs] Tomb_Lode_King_Cargo_Def.scs: Created, 33 entries
00:00:02.511 : [zipfs] Tomb_Lode_King_Open_Def.scs: Created, 58 entries
00:00:02.511 : [hashfs] Tomb_Lode_King_stepdeck.scs: Created, 1722 entries
00:00:02.514 : [hashfs] Trailer Pack Flatbed.scs: Created, 204376 entries
00:00:02.517 : [hashfs] Trailer Pack Hopper Bottom.scs: Created, 199484 entries
00:00:02.521 : [hashfs] Trailer Pack Livestock.scs: Created, 197541 entries
00:00:02.524 : [hashfs] Trailer Pack LowBoy.scs: Created, 201807 entries
00:00:02.527 : [hashfs] Trailer Pack Refrigerators.scs: Created, 203324 entries
00:00:02.530 : [hashfs] Trailer Pack Tanker.scs: Created, 198181 entries
00:00:02.534 : [hashfs] Trucks&Trailers Flares.scs: Created, 199112 entries
00:00:02.537 : [hashfs] Trucks&Trailers Wheels.scs: Created, 198286 entries
00:00:02.540 : [zipfs] Updated SCS In Game Company Trucks & Trailers.scs: Created, 2977 entries
00:00:02.540 : <WARNING> [mods] No display_name defined in Updated SCS In Game Company Trucks & Trailers. Using package name instead.
00:00:02.540 : [hashfs] Utility 3000R MX Sugoi Modding v1.1.scs: Created, 1587 entries
00:00:02.540 : [hashfs] Utility 3000R MX Sugoi Modding_SKIN.scs: Created, 326 entries
00:00:02.541 : <WARNING> [mods] No display_name defined in Utility 3000R MX Sugoi Modding_SKIN. Using package name instead.
00:00:02.541 : [mod_package_manager] Requesting Steam Workshop content..
00:00:02.648 : exec /home/config.cfg
00:00:02.648 : [sys] Executing /home/config.cfg ...
00:00:02.649 : uset r_hdr_display_gray_offset ""0""
00:00:02.649 : uset r_hdr_display_white ""238.856""
00:00:02.649 : uset r_hdr_display_black ""0.0099575""
00:00:02.649 : uset r_sdr_display_gray_offset ""0.0""
00:00:02.649 : uset r_sdr_display_white ""-1.0""
00:00:02.649 : uset r_sdr_display_black ""-1.0""
00:00:02.649 : uset r_far_shadow_disable ""0""
00:00:02.649 : uset r_show_sun_cascades ""0""
00:00:02.649 : uset r_tonemap_debug ""0""
00:00:02.649 : uset r_taa_modulated_drr_strength ""0.0""
00:00:02.649 : uset r_drr_strength ""8.0""
00:00:02.649 : uset r_use_depth_bounds ""1""
00:00:02.649 : uset r_hide_helpers ""0""
00:00:02.649 : uset o_openxr_right_bottom_override ""0.0""
00:00:02.649 : uset o_openxr_right_top_override ""0.0""
00:00:02.649 : uset o_openxr_right_right_override ""0.0""
00:00:02.649 : uset o_openxr_right_left_override ""0.0""
00:00:02.649 : uset o_openxr_left_bottom_override ""0.0""
00:00:02.649 : uset o_openxr_left_top_override ""0.0""
00:00:02.649 : uset o_openxr_left_right_override ""0.0""
00:00:02.649 : uset o_openxr_left_left_override ""0.0""
00:00:02.649 : uset o_openxr_max_vert_fov_override ""0.0""
00:00:02.649 : uset o_openxr_max_hor_fov_override ""0.0""
00:00:02.649 : uset o_openxr_init_duration_ms ""100""
00:00:02.649 : uset o_openxr_one_period_ahead ""0""
00:00:02.649 : uset o_openxr_acquire_after_begin ""1""
00:00:02.649 : uset o_openxr_async_wait ""0""
00:00:02.649 : uset o_openxr_external_loader ""0""
00:00:02.649 : uset o_openxr_force_symmetrical_fov ""0""
00:00:02.649 : uset o_openxr_log_changes ""0""
00:00:02.649 : uset o_openxr_debug_level ""0""
00:00:02.649 : uset o_openvr_any_adapter ""0""
00:00:02.649 : uset o_openvr_interleaved_reproject ""0""
00:00:02.649 : uset o_oculus_any_adapter ""0""
00:00:02.649 : uset s_sound_debug ""0""
00:00:02.649 : uset s_init_intro_music_mute ""0""
00:00:02.649 : uset s_init_intro_music_volume ""0.19""
00:00:02.649 : uset s_init_ui_music_mute ""0""
00:00:02.649 : uset s_init_ui_music_volume ""0.09""
00:00:02.649 : uset s_init_master_mute ""0""
00:00:02.649 : uset s_init_master_volume ""0.28""
00:00:02.649 : uset s_output_driver """"
00:00:02.649 : uset s_live_update ""0""
00:00:02.649 : uset s_suspend_sound ""1""
00:00:02.649 : uset g_mm_help_shown ""1""
00:00:02.649 : uset g_frame_image_fmt ""jpg""
00:00:02.649 : uset g_frames_path """"
00:00:02.649 : uset g_convoy_allow_load ""0""
00:00:02.649 : uset g_max_convoy_size ""8""
00:00:02.649 : uset g_last_hidden_dlc_widget_name """"
00:00:02.649 : uset g_last_seen_dlc_release_date ""1778745600""
00:00:02.649 : uset g_last_seen_patch_notes_hash ""1228957A73941606206914621955CEAEBED65254""
00:00:02.649 : uset g_academy_book_count ""3""
00:00:02.649 : uset g_anti_slip ""1""
00:00:02.649 : uset g_abs ""1""
00:00:02.649 : uset g_bumps ""1.0""
00:00:02.649 : uset g_editor_zoom_speed ""1.0""
00:00:02.649 : uset g_map_note_user_id ""0""
00:00:02.649 : uset g_color_feedback ""0""
00:00:02.649 : uset g_disable_hud_activation ""0""
00:00:02.649 : uset r_interior_raindrops ""0""
00:00:02.649 : uset g_interior_camera_zero_pitch ""0""
00:00:02.650 : uset r_multimon_exterior_in_aux ""0""
00:00:02.650 : uset r_multimon_interior_in_main ""1""
00:00:02.650 : uset r_multimon_rotation_aux ""0""
00:00:02.650 : uset r_multimon_rotation_right ""0""
00:00:02.650 : uset r_multimon_rotation_left ""0""
00:00:02.650 : uset r_multimon_rotation_center ""0""
00:00:02.650 : uset r_multimon_vert_offset_right ""0""
00:00:02.650 : uset r_multimon_vert_offset_left ""0""
00:00:02.650 : uset r_multimon_border_fov_right ""0""
00:00:02.650 : uset r_multimon_border_fov_left ""0""
00:00:02.650 : uset r_multimon_fov_vertical ""0""
00:00:02.650 : uset r_multimon_fov_horizontal ""50""
00:00:02.650 : uset r_multimon_mode ""0""
00:00:02.650 : uset r_buffer_page_size ""10""
00:00:02.650 : uset r_deferred_debug ""0""
00:00:02.650 : uset r_mirror_scale_y ""2""
00:00:02.650 : uset r_mirror_scale_x ""2""
00:00:02.650 : uset r_scale_y ""2""
00:00:02.650 : uset r_scale_x ""2""
00:00:02.650 : uset r_normal_maps ""1""
00:00:02.650 : uset r_sunshafts ""1""
00:00:02.650 : uset r_color_saturation ""1.0""
00:00:02.650 : uset r_color_yellow_blue ""0.0""
00:00:02.650 : uset r_color_magenta_green ""0.0""
00:00:02.650 : uset r_color_cyan_red ""0.0""
00:00:02.650 : uset r_color_correction ""1""
00:00:02.650 : uset r_light_flares ""1""
00:00:02.650 : uset r_cloud_shadows ""1""
00:00:02.650 : uset r_dof_filter_size ""0.5""
00:00:02.650 : uset r_dof_transition ""400.0""
00:00:02.650 : uset r_dof_start ""200.0""
00:00:02.650 : uset r_dof ""1""
00:00:02.650 : uset r_ssao ""3""
00:00:02.650 : uset r_taa_luma_sharpen ""1""
00:00:02.650 : uset r_taa_tuning ""0""
00:00:02.650 : uset r_aa ""4""
00:00:02.650 : uset r_interior_shadow ""1""
00:00:02.650 : uset r_fake_shadows ""2""
00:00:02.650 : uset r_sun_shadow_texture_size ""4096""
00:00:02.650 : uset r_sun_shadow_quality ""3""
00:00:02.650 : uset r_mirror_group ""3""
00:00:02.650 : uset r_mirror_view_distance ""400""
00:00:02.650 : uset r_deferred_mirrors ""2""
00:00:02.650 : uset r_nowmi ""0""
00:00:02.650 : uset r_startup_progress ""0""
00:00:02.650 : uset r_setup_done ""1""
00:00:02.650 : uset r_peak_brightness ""1.0""
00:00:02.650 : uset r_hmd_controller_shadows ""0""
00:00:02.650 : uset r_hmd_draw_controllers ""0""
00:00:02.650 : uset r_hmd_water_pixels_per_deg ""20.0""
00:00:02.650 : uset r_ipd_scale ""1.0""
00:00:02.650 : uset r_manual_stereo_mirror_mode ""1""
00:00:02.650 : uset r_manual_stereo_ui_lod_bias ""-0.75""
00:00:02.650 : uset r_manual_stereo_ui_mipmaps ""1""
00:00:02.650 : uset r_manual_stereo_ui_buffer_scale ""2.0""
00:00:02.650 : uset r_manual_stereo_buffer_scale ""1.0""
00:00:02.650 : uset r_manual_stereo_ui_pitch_game ""-10.0""
00:00:02.650 : uset r_manual_stereo_ui_yaw_game ""-40.0""
00:00:02.650 : uset r_manual_stereo_ui_pitch ""-30.0""
00:00:02.650 : uset r_manual_stereo_ui_yaw ""0.0""
00:00:02.650 : uset r_manual_stereo_ui_y_game ""-0.2""
00:00:02.650 : uset r_manual_stereo_ui_x_game ""0.5""
00:00:02.650 : uset r_manual_stereo_ui_y ""-0.5""
00:00:02.650 : uset r_manual_stereo_ui_x ""0.0""
00:00:02.650 : uset r_manual_stereo_ui_static_fov ""40""
00:00:02.650 : uset r_manual_stereo_ui_fov_game ""100""
00:00:02.650 : uset r_manual_stereo_ui_fov ""65""
00:00:02.650 : uset r_manual_stereo_ui_radius_game ""0.0""
00:00:02.650 : uset r_manual_stereo_ui_radius ""3.0""
00:00:02.651 : uset r_manual_stereo_ui_dist_game ""0.5""
00:00:02.651 : uset r_manual_stereo_ui_dist ""1""
00:00:02.651 : uset r_minimal_unfinished_frames ""0""
00:00:02.651 : uset r_no_frame_tracking ""0""
00:00:02.651 : uset r_mode_refresh ""0""
00:00:02.651 : uset r_mode_height ""1080""
00:00:02.651 : uset r_mode_width ""2560""
00:00:02.651 : uset r_path """"
00:00:02.651 : uset r_device ""dx11""
00:00:02.651 : uset i_cursor_semantic_force_spd_mlt ""0.35""
00:00:02.651 : uset i_cursor_force_spd_mlt ""0.75""
00:00:02.651 : uset i_controller_cursor_speed ""800.0""
00:00:02.651 : uset g_stream_exts "".ogg;.mp3""
00:00:02.651 : uset g_album_image ""0""
00:00:02.651 : uset g_thrustmaster ""1""
00:00:02.656 : uset g_tobii ""1""
00:00:02.656 : uset g_trackir ""1""
00:00:02.656 : uset g_lod_factor_pedestrian ""1.0""
00:00:02.656 : uset g_pedestrian ""1""
00:00:02.656 : uset g_light_span_factor ""1""
00:00:02.656 : uset g_light_distance_factor ""1""
00:00:02.656 : uset g_vehicle_flare_lights ""1""
00:00:02.656 : uset g_auto_traffic_headlights ""1""
00:00:02.656 : uset g_lod_factor_parked ""1.0""
00:00:02.656 : uset g_lod_factor_traffic ""1.0""
00:00:02.656 : uset g_traffic ""1.0""
00:00:02.656 : uset g_kdop_preview ""0""
00:00:02.656 : uset g_screenshot_on_bug_quality ""100""
00:00:02.656 : uset g_screenshot_on_bug ""0""
00:00:02.656 : uset g_debug_map_limits ""0""
00:00:02.656 : uset g_city_name_move ""0""
00:00:02.656 : uset g_assert_dump ""0""
00:00:02.656 : uset g_developer ""1""
00:00:02.656 : uset g_semantical_pause_inactivity ""120""
00:00:02.656 : uset g_pause_on_disconnect ""1""
00:00:02.656 : uset g_semantical_ff_inactivity ""300""
00:00:02.656 : uset g_steam_rich_presence ""1""
00:00:02.656 : uset g_steam_browser ""1""
00:00:02.656 : uset g_steam_screenshots ""2""
00:00:02.656 : uset g_artist_id ""0""
00:00:02.656 : uset g_save_format ""0""
00:00:02.656 : uset g_trailer_cables_mode ""2""
00:00:02.656 : uset g_intelligent_transmission ""0""
00:00:02.656 : uset g_spec_trans_refill_tank ""1""
00:00:02.656 : uset g_flyspeed ""100.0""
00:00:02.656 : uset g_online_loading_screens ""1""
00:00:02.656 : uset g_news ""1""
00:00:02.656 : uset g_lang_init ""en_us""
00:00:02.656 : uset g_col_offset_factor ""1.0""
00:00:02.656 : uset g_col_fill_backface ""0""
00:00:02.656 : uset g_col_fill_alpha ""0.0""
00:00:02.656 : uset g_colbox ""0""
00:00:02.656 : uset g_radio_saved_state ""0""
00:00:02.656 : uset g_radio_stream_safe ""0""
00:00:02.657 : uset g_radio_mode ""2""
00:00:02.657 : uset g_ignore_low_fps ""0""
00:00:02.657 : uset g_truck_light_specular ""1""
00:00:02.657 : uset g_gfx_all_scales ""0""
00:00:02.657 : uset g_gfx_advanced ""1""
00:00:02.657 : uset g_gfx_quality ""3""
00:00:02.657 : uset g_hq_3d_scale ""0.0""
00:00:02.657 : uset g_hq_3d_screenshot ""0""
00:00:02.657 : uset g_menu_aa_limit ""8""
00:00:02.657 : uset g_additional_water_fov ""20.0f""
00:00:02.657 : uset g_water_reflect_actor ""0""
00:00:02.657 : uset g_rain_sensor ""1""
00:00:02.657 : uset g_rain_reflect_hookups ""1""
00:00:02.657 : uset g_rain_reflect_actor ""1""
00:00:02.657 : uset g_rain_reflect_traffic ""1""
00:00:02.657 : uset g_rain_reflect_cache ""1""
00:00:02.657 : uset g_rain_reflection ""3""
00:00:02.657 : uset g_reflection_scale ""1""
00:00:02.657 : uset g_reflection ""3""
00:00:02.657 : uset g_grass_density ""2""
00:00:02.657 : uset g_veg_detail ""2""
00:00:02.657 : uset g_save_indicator ""1""
00:00:02.657 : uset g_game_version ""1.60.1.8""
00:00:02.657 : uset g_force_online_lscrs ""0""
00:00:02.657 : uset g_hw_info ""1""
00:00:02.657 : uset g_glass_debugging_level ""0""
00:00:02.657 : uset g_line_sort ""0""
00:00:02.657 : uset g_cargo_sort ""1""
00:00:02.657 : uset g_bloom_standard_deviation ""0.5""
00:00:02.657 : uset g_bloom_override ""0""
00:00:02.657 : uset g_bloom ""1.0""
00:00:02.657 : uset g_global_force_load_selector ""0""
00:00:02.657 : uset g_desktop_fadeout ""30""
00:00:02.657 : uset g_item_check_speed ""-1""
00:00:02.657 : uset g_debug_allocators ""-1""
00:00:02.657 : uset g_suspension_auto_reset ""1""
00:00:02.657 : uset g_upshift_coef ""0.3""
00:00:02.657 : uset g_downshift_coef ""0.8""
00:00:02.657 : uset g_minicon ""1""
00:00:02.657 : uset g_console_state ""1""
00:00:02.657 : uset g_console ""1""
00:00:02.657 : uset g_fps ""1""
00:00:02.657 : uset ui_tooltip_delay ""0.4""
00:00:02.657 : uset r_imgui_scale ""1.0""
00:00:02.657 : uset r_vulkan_runtime """"
00:00:02.657 : uset r_windowed_borderless ""-1""
00:00:02.657 : uset r_fullscreen_borderless ""-1""
00:00:02.657 : uset r_fullscreen ""1""
00:00:02.657 : uset r_output ""-1""
00:00:02.657 : uset r_adapter ""-1""
00:00:02.657 : uset r_vsync ""1""
00:00:02.657 : uset r_anisotropy_factor ""1""
00:00:02.657 : uset r_texture_detail ""0""
00:00:02.657 : uset cf_beacon_light ""1""
00:00:02.657 : uset cf_asus_aura ""1""
00:00:02.657 : uset cf_razer_chroma ""1""
00:00:02.657 : uset v_bug_break ""0""
00:00:02.657 : uset t_ignore_hmd_timing ""0""
00:00:02.657 : uset t_limit_fps_inactive ""30""
00:00:02.657 : uset t_limit_fps ""300""
00:00:02.657 : uset t_locked_fps ""0""
00:00:02.657 : uset t_averaging_window_duration ""100""
00:00:02.657 : uset t_averaging_window_length ""10""
00:00:02.673 : [lang] Language autodetection: 409
00:00:02.741 : Selected language: en_us
00:00:02.741 : American Truck Simulator init ver.1.60.1.8s (rev. 26c95e307fd5)
00:00:02.741 : [gfx] Detected r_device cvar with override of rendering device 'dx11'.
00:00:02.741 : [gfx] Selected rendering device 'dx11'.
00:00:02.755 : [nvapi] NVAPI initialized
00:00:02.757 : [gfx] AGS not detected. (6)
00:00:02.931 : [net]  LOG INFO: Started
00:00:02.940 : [ACHIEVEMENTS] Loaded achievement data with 130 achievements.
00:00:02.940 : Setting UI reference mode to: 1440x900...
00:00:02.942 : [dxgi] Detected following adapters:
00:00:02.944 : [dxgi] 0 - NVIDIA GeForce RTX 5060 (32.0.15.9621) [7896 MB]
00:00:02.947 : [dxgi] Using adapter: NVIDIA GeForce RTX 5060 (32.0.15.9621) [7896 MB]
00:00:02.948 : [gfx] Using the DXGI display backend
00:00:03.326 : [dx11] Using SM5X rendering path
00:00:03.327 : [dxgi] Selected swapchain color mode:
00:00:03.327 : [disp] bt2100_pq (hdr) - BT.2100 PQ - R10G10B10A2_UNORM +native
00:00:03.366 : [win] new windowed size: 116 1
00:00:03.366 : Window resize notification received: 116 1
00:00:03.366 : [dxgi] Resizing backbuffers: 116 1 (flags: 800)
00:00:03.368 : [dx11] Backbuffer acquired
00:00:03.369 : [dx11] Backbuffer released
00:00:03.369 : [dxgi] Resizing backbuffers: 1440 900 (flags: 800)
00:00:03.370 : [dx11] Backbuffer acquired
00:00:03.371 : [disp] Adapter 0:  on DXGI backend
00:00:03.371 : [disp] Display 0 : \\.\DISPLAY1 - CRTC @ (0, 0, 2560, 1080)
00:00:03.372 : [disp] Detected color modes:
00:00:03.372 : [disp] bt2100_pq (hdr) - BT.2100 PQ - R10G10B10A2_UNORM +native
00:00:03.372 : [disp] scrgb (hdr) - scRGB - R16G16B16A16_FLOAT +native
00:00:03.372 : [disp] srgb (sdr) - sRGB - B8G8R8A8_UNORM_SRGB +native
00:00:03.372 : [disp] bt709_lim (sdr) - BT.709 Limited - B8G8R8A8_UNORM +native
00:00:03.372 : [disp] Display MinLum: 0.010000, MaxLum 1499.000000, MaxAvgLum: 799.000000
00:00:03.372 : [disp] Display 1 : \\.\DISPLAY2 - CRTC @ (2560, 0, 1920, 1080)
00:00:03.372 : [disp] Detected color modes:
00:00:03.372 : [disp] srgb (sdr) - sRGB - B8G8R8A8_UNORM_SRGB +native
00:00:03.372 : [disp] bt709_lim (sdr) - BT.709 Limited - B8G8R8A8_UNORM +native
00:00:03.372 : [disp] Display MinLum: 0.500000, MaxLum 270.000000, MaxAvgLum: 270.000000
00:00:03.779 : [r_effect] Rescan took 0.4s
00:00:04.002 : [sound] Available drivers: #3
00:00:04.002 : [sound] Driver 0 = Speakers (Wireless Stereo Headset) (48000 Hz) ({938432cc-c9eb-f34e-0925-fc1771c2d8d3})
00:00:04.002 : [sound] Driver 1 = Speakers (High Definition Audio Device) (192000 Hz) ({7d1787a8-70f2-910d-3ca2-5f4fe358cbbc})
00:00:04.002 : [sound] Driver 2 = LG HDR WFHD (NVIDIA High Definition Audio) (48000 Hz) ({654f8a32-4207-1b13-e908-13ad49d5a440})
00:00:04.173 : [sound] Selecting default audio driver (0).
00:00:04.289 : Game is running on Steamdeck: no, g_steam_steamdeck_mode 0
00:00:04.302 : [di8] Initializing device '@@keyboard@@' as 'keyboard'
00:00:04.331 : [di8] Initializing device '@@i_mouse@@' as 'mouse'
00:00:04.580 : <WARNING> [di8] Device detection did take 249ms, disabling interactive detections
00:00:04.580 : [di8] Initializing device 'Controller (Racing Wheel Apex)' as '{943D6D70-5495-11F1-8001-444553540000}|{00A40F0D-0000-0000-0000-504944564944}'
00:00:04.582 : [di8] Axis input 'x' with name 'X Axis'
00:00:04.582 : [di8] Axis input 'y' with name 'Y Axis'
00:00:04.582 : [di8] Axis input 'z' with name 'Z Axis'
00:00:04.582 : [di8] Axis input 'rx' with name 'X Rotation'
00:00:04.582 : [di8] Axis input 'ry' with name 'Y Rotation'
00:00:04.582 : [di8] Button input 'pov1_up' with name 'Hat Switch @@up@@'
00:00:04.582 : [di8] Button input 'pov1_right' with name 'Hat Switch @@right@@'
00:00:04.582 : [di8] Button input 'pov1_down' with name 'Hat Switch @@down@@'
00:00:04.582 : [di8] Button input 'pov1_left' with name 'Hat Switch @@left@@'
00:00:04.582 : [di8] Axis input 'pov1_x' with name 'Hat Switch @@x@@'
00:00:04.582 : [di8] Axis input 'pov1_y' with name 'Hat Switch @@y@@'
00:00:04.582 : [di8] Vector input 'pov1' with name 'Hat Switch'
00:00:04.582 : [di8] Button input 'b1' with name 'Button 0'
00:00:04.582 : [di8] Button input 'b2' with name 'Button 1'
00:00:04.582 : [di8] Button input 'b3' with name 'Button 2'
00:00:04.582 : [di8] Button input 'b4' with name 'Button 3'
00:00:04.582 : [di8] Button input 'b5' with name 'Button 4'
00:00:04.582 : [di8] Button input 'b6' with name 'Button 5'
00:00:04.582 : [di8] Button input 'b7' with name 'Button 6'
00:00:04.583 : [di8] Button input 'b8' with name 'Button 7'
00:00:04.583 : [di8] Button input 'b9' with name 'Button 8'
00:00:04.583 : [di8] Button input 'b10' with name 'Button 9'
00:00:04.583 : [di8] Button input 'left' with name '@@left@@'
00:00:04.583 : [di8] Button input 'right' with name '@@right@@'
00:00:04.583 : [di8] Button input 'up' with name '@@up@@'
00:00:04.583 : [di8] Button input 'down' with name '@@down@@'
00:00:04.611 : Using 'xinput_gamepad_1' ('@@xinput_gamepad@@ 1') as ui_joy.
00:00:04.845 : [THINT] Tutorial hint data loaded successfully
00:00:04.859 : [dx11] Backbuffer released
00:00:04.864 : [win] new windowed size: 136 44
00:00:04.864 : Window resize notification received: 136 44
00:00:04.865 : [dxgi] Resizing backbuffers: 136 44 (flags: 800)
00:00:04.868 : [dx11] Backbuffer acquired
00:00:04.871 : [win] new windowed size: 2560 1080
00:00:04.871 : Window resize notification received: 2560 1080
00:00:04.871 : [dx11] Backbuffer released
00:00:04.871 : [dxgi] Resizing backbuffers: 2560 1080 (flags: 800)
00:00:04.874 : [dx11] Backbuffer acquired
00:00:04.875 : [dx11] Backbuffer released
00:00:04.875 : [dxgi] Resizing backbuffers: 2560 1080 (flags: 800)
00:00:04.878 : [dx11] Backbuffer acquired
00:00:04.891 : Banlist loading...
00:00:04.891 : === BAN LIST ===
00:00:04.891 : ================
00:00:04.898 : dispatch
00:00:04.898 : server_cfg
00:00:04.901 : exit
00:00:05.016 : Enforcing 'floor_reflection: false' in '/model/ats_main_menu_garage/garage.pmd' scene - there are no parts to be customized for reflection.
00:00:05.145 : [zipfs] ms2_content.zip: Created, 17 entries
00:00:05.146 : [zipfs] ms2_content.zip: Unmounted
00:00:05.147 : [zipfs] universal.zip: Created, 106 entries
00:00:05.148 : [zipfs] universal.zip: Unmounted
00:00:05.149 : [zipfs] ms2_content.zip: Created, 99 entries
00:00:05.149 : [zipfs] ms2_content.zip: Unmounted
00:00:05.151 : [zipfs] ms2_content.zip: Created, 19 entries
00:00:05.151 : [zipfs] ms2_content.zip: Unmounted
00:00:05.152 : [hashfs] rvm_g56.scs: Created, 26 entries
00:00:05.152 : [hashfs] rvm_g56.scs: Unmounted.
00:00:05.153 : [zipfs] heaven.zip: Created, 23 entries
00:00:05.153 : [zipfs] heaven.zip: Unmounted
00:00:05.155 : [zipfs] ms2_content.zip: Created, 47 entries
00:00:05.155 : [zipfs] ms2_content.zip: Unmounted
00:00:05.156 : [zipfs] universal.zip: Created, 46 entries
00:00:05.156 : [zipfs] universal.zip: Unmounted
00:00:05.163 : [zipfs] aiopack.zip: Created, 10759 entries
00:00:05.164 : [zipfs] aiopack.zip: Unmounted
00:00:05.164 : [zipfs] universal.zip: Created, 21 entries
00:00:05.165 : [zipfs] universal.zip: Unmounted
00:00:05.167 : [zipfs] universal.zip: Created, 23 entries
00:00:05.167 : [zipfs] universal.zip: Unmounted
00:00:05.170 : [zipfs] universal.zip: Created, 23 entries
00:00:05.170 : [zipfs] universal.zip: Unmounted
00:00:05.170 : [zipfs] universal.zip: Created, 23 entries
00:00:05.171 : [zipfs] universal.zip: Unmounted
00:00:05.172 : [zipfs] obel_bore_led_v19.zip: Created, 245 entries
00:00:05.172 : [zipfs] obel_bore_led_v19.zip: Unmounted
00:00:05.173 : [zipfs] universal.zip: Created, 31 entries
00:00:05.174 : [zipfs] universal.zip: Unmounted
00:00:05.175 : [zipfs] candy.zip: Created, 31 entries
00:00:05.175 : [zipfs] candy.zip: Unmounted
00:00:05.176 : [zipfs] universal.zip: Created, 43 entries
00:00:05.176 : [zipfs] universal.zip: Unmounted
00:00:05.178 : <ERROR> [fs] Failed to open file '/versions.sii' in the read_only mode.
00:00:05.178 : <ERROR> [unit] File '<MISSING><SYSFS>/versions.sii', line 8:
00:00:05.178 : <ERROR> Expecting end of file, found '{'
00:00:05.181 : [zipfs] universal.zip: Created, 23 entries
00:00:05.181 : [zipfs] universal.zip: Unmounted
00:00:05.182 : [zipfs] creamy.zip: Created, 35 entries
00:00:05.182 : [zipfs] creamy.zip: Unmounted
00:00:05.182 : [hashfs] universal.zip: Created, 82 entries
00:00:05.183 : [hashfs] universal.zip: Unmounted.
00:00:05.183 : <ERROR> [mod_package_manager] Unable to open location ""C:/SteamLibrary/steamapps/workshop/content/270880/2912091181/universal"" for reading manifest. (package name: mod_workshop_package.00000000AD92FC2D, published file id: 2912091181)
00:00:05.186 : [zipfs] ms2_content.zip: Created, 35 entries
00:00:05.186 : [zipfs] ms2_content.zip: Unmounted
00:00:05.187 : [zipfs] ms2_content.zip: Created, 131 entries
00:00:05.187 : [zipfs] ms2_content.zip: Unmounted
00:00:05.189 : [zipfs] jp_parts_v2.zip: Created, 509 entries
00:00:05.189 : [zipfs] jp_parts_v2.zip: Unmounted
00:00:05.189 : <WARNING> [mods] No valid categories defined for mod_workshop_package.00000000A9C47BF1. Setting defaults.
00:00:05.190 : [zipfs] universal.zip: Created, 238 entries
00:00:05.190 : [zipfs] universal.zip: Unmounted
00:00:05.191 : [zipfs] ms2_content.zip: Created, 27 entries
00:00:05.191 : [zipfs] ms2_content.zip: Unmounted
00:00:05.193 : [zipfs] universal.zip: Created, 33 entries
00:00:05.193 : [zipfs] universal.zip: Unmounted
00:00:05.194 : [hashfs] universal.zip: Created, 32 entries
00:00:05.194 : [hashfs] universal.zip: Unmounted.
00:00:05.194 : <ERROR> [mod_package_manager] Unable to open location ""C:/SteamLibrary/steamapps/workshop/content/270880/2946786320/universal"" for reading manifest. (package name: mod_workshop_package.00000000AFA46410, published file id: 2946786320)
00:00:05.195 : [zipfs] universal.zip: Created, 33 entries
00:00:05.195 : [zipfs] universal.zip: Unmounted
00:00:05.200 : [zipfs] latest.zip: Created, 4843 entries
00:00:05.200 : [zipfs] latest.zip: Unmounted
00:00:05.201 : [zipfs] universal.zip: Created, 21 entries
00:00:05.201 : [zipfs] universal.zip: Unmounted
00:00:05.202 : [zipfs] universal.zip: Created, 74 entries
00:00:05.202 : [zipfs] universal.zip: Unmounted
00:00:05.204 : [zipfs] universal.zip: Created, 23 entries
00:00:05.204 : [zipfs] universal.zip: Unmounted
00:00:05.204 : [zipfs] universal.zip: Created, 22 entries
00:00:05.204 : [zipfs] universal.zip: Unmounted
00:00:05.205 : [hashfs] universal.zip: Created, 18 entries
00:00:05.205 : <ERROR> [package] Device 'C:/SteamLibrary/steamapps/workshop/content/270880/2980848087/universal.zip' is either corrupted or contains unreachable entries.
00:00:05.205 : [hashfs] universal.zip: Unmounted.
00:00:05.205 : <ERROR> [mod_package_manager] Unable to open location ""C:/SteamLibrary/steamapps/workshop/content/270880/2980848087/universal"" for reading manifest. (package name: mod_workshop_package.00000000B1AC21D7, published file id: 2980848087)
00:00:05.205 : [hashfs] universal.zip: Created, 14 entries
00:00:05.205 : <ERROR> [package] Device 'C:/SteamLibrary/steamapps/workshop/content/270880/2865477350/universal.zip' is either corrupted or contains unreachable entries.
00:00:05.205 : [hashfs] universal.zip: Unmounted.
00:00:05.205 : <ERROR> [mod_package_manager] Unable to open location ""C:/SteamLibrary/steamapps/workshop/content/270880/2865477350/universal"" for reading manifest. (package name: mod_workshop_package.00000000AACBB6E6, published file id: 2865477350)
00:00:05.208 : [zipfs] 159.zip: Created, 2385 entries
00:00:05.209 : [zipfs] 159.zip: Unmounted
00:00:05.213 : [zipfs] 159.zip: Created, 2621 entries
00:00:05.213 : [zipfs] 159.zip: Unmounted
00:00:05.214 : [zipfs] universal.zip: Created, 15 entries
00:00:05.214 : [zipfs] universal.zip: Unmounted
00:00:05.216 : [zipfs] universal.zip: Created, 23 entries
00:00:05.217 : [zipfs] universal.zip: Unmounted
00:00:05.218 : <WARNING> [mods] No valid categories defined for mod_workshop_package.00000000CBA24652. Setting defaults.
00:00:05.219 : [zipfs] ms2_content.zip: Created, 51 entries
00:00:05.219 : [zipfs] ms2_content.zip: Unmounted
00:00:05.220 : [zipfs] universal.zip: Created, 47 entries
00:00:05.220 : [zipfs] universal.zip: Unmounted
00:00:05.220 : [zipfs] universal.zip: Created, 25 entries
00:00:05.220 : [zipfs] universal.zip: Unmounted
00:00:05.221 : [zipfs] universal.zip: Created, 33 entries
00:00:05.221 : [zipfs] universal.zip: Unmounted
00:00:05.222 : [zipfs] universal.zip: Created, 37 entries
00:00:05.222 : [zipfs] universal.zip: Unmounted
00:00:05.223 : [zipfs] universal.zip: Created, 35 entries
00:00:05.223 : <WARNING> [mods] No valid categories defined for mod_workshop_package.00000000B497A577. Setting defaults.
00:00:05.223 : [zipfs] universal.zip: Unmounted
00:00:05.223 : [zipfs] universal.zip: Created, 54 entries
00:00:05.224 : [zipfs] universal.zip: Unmounted
00:00:05.224 : [zipfs] ms2_content.zip: Created, 11 entries
00:00:05.224 : [zipfs] ms2_content.zip: Unmounted
00:00:05.225 : [hashfs] universal.scs: Created, 1138 entries
00:00:05.229 : [hashfs] universal.scs: Unmounted.
00:00:05.231 : [zipfs] gtmt800139.zip: Created, 1672 entries
00:00:05.231 : [zipfs] gtmt800139.zip: Unmounted
00:00:05.233 : [zipfs] gtmw900b139.zip: Created, 1548 entries
00:00:05.233 : [zipfs] gtmw900b139.zip: Unmounted
00:00:05.235 : [zipfs] ruda_579_389_digi_dash.zip: Created, 12 entries
00:00:05.235 : [zipfs] ruda_579_389_digi_dash.zip: Unmounted
00:00:05.236 : [zipfs] universal.zip: Created, 257 entries
00:00:05.236 : [zipfs] universal.zip: Unmounted
00:00:05.237 : [zipfs] universal.zip: Created, 77 entries
00:00:05.237 : [zipfs] universal.zip: Unmounted
00:00:05.238 : [zipfs] universal.zip: Created, 69 entries
00:00:05.238 : [zipfs] universal.zip: Unmounted
00:00:05.239 : [zipfs] k100e.zip: Created, 569 entries
00:00:05.239 : [zipfs] k100e.zip: Unmounted
00:00:05.239 : [zipfs] universal.zip: Created, 33 entries
00:00:05.239 : <WARNING> [mods] No valid categories defined for mod_workshop_package.00000000AF1533F6. Setting defaults.
00:00:05.239 : [zipfs] universal.zip: Unmounted
00:00:05.240 : [zipfs] universal.zip: Created, 60 entries
00:00:05.240 : [zipfs] universal.zip: Unmounted
00:00:05.241 : [hashfs] universal.zip: Created, 26 entries
00:00:05.241 : [hashfs] universal.zip: Unmounted.
00:00:05.241 : <ERROR> [mod_package_manager] Unable to open location ""C:/SteamLibrary/steamapps/workshop/content/270880/2905123539/universal"" for reading manifest. (package name: mod_workshop_package.00000000AD28AAD3, published file id: 2905123539)
00:00:05.244 : [zipfs] t680ng.zip: Created, 447 entries
00:00:05.244 : [zipfs] t680ng.zip: Unmounted
00:00:05.245 : [zipfs] ms2_content.zip: Created, 27 entries
00:00:05.245 : [zipfs] ms2_content.zip: Unmounted
00:00:05.246 : [zipfs] universal.zip: Created, 47 entries
00:00:05.247 : [zipfs] universal.zip: Unmounted
00:00:05.249 : [zipfs] 159.zip: Created, 1744 entries
00:00:05.249 : [zipfs] 159.zip: Unmounted
00:00:05.252 : [zipfs] ms2_content.zip: Created, 23 entries
00:00:05.252 : [zipfs] ms2_content.zip: Unmounted
00:00:05.253 : [zipfs] ms2_content.zip: Created, 31 entries
00:00:05.253 : [zipfs] ms2_content.zip: Unmounted
00:00:05.253 : [zipfs] ms2_content.zip: Created, 11 entries
00:00:05.253 : [zipfs] ms2_content.zip: Unmounted
00:00:05.254 : [zipfs] ms2_content.zip: Created, 51 entries
00:00:05.254 : [zipfs] ms2_content.zip: Unmounted
00:00:05.255 : [zipfs] ms2_content.zip: Created, 11 entries
00:00:05.255 : [zipfs] ms2_content.zip: Unmounted
00:00:05.256 : [zipfs] ms2_content.zip: Created, 35 entries
00:00:05.256 : [zipfs] ms2_content.zip: Unmounted
00:00:05.256 : [zipfs] ms2_content.zip: Created, 17 entries
00:00:05.257 : [zipfs] ms2_content.zip: Unmounted
00:00:05.257 : [zipfs] ms2_content.zip: Created, 47 entries
00:00:05.257 : [zipfs] ms2_content.zip: Unmounted
00:00:05.259 : [zipfs] ms2_content.zip: Created, 525 entries
00:00:05.259 : [zipfs] ms2_content.zip: Unmounted
00:00:05.260 : [zipfs] ms2_content.zip: Created, 27 entries
00:00:05.260 : [zipfs] ms2_content.zip: Unmounted
00:00:05.262 : [zipfs] ms2_content.zip: Created, 11 entries
00:00:05.262 : [zipfs] ms2_content.zip: Unmounted
00:00:05.263 : [zipfs] universal.zip: Created, 23 entries
00:00:05.263 : [zipfs] universal.zip: Unmounted
00:00:05.263 : [zipfs] universal.zip: Created, 23 entries
00:00:05.264 : [zipfs] universal.zip: Unmounted
00:00:05.265 : [hashfs] fm_trailers_v3.scs: Created, 149 entries
00:00:05.265 : [hashfs] fm_trailers_v3.scs: Unmounted.
00:00:05.266 : <WARNING> [mods] No valid categories defined for mod_workshop_package.00000000C5CA19F1. Setting defaults.
00:00:05.267 : [zipfs] mbe.zip: Created, 1079 entries
00:00:05.267 : [zipfs] mbe.zip: Unmounted
00:00:05.268 : [zipfs] universal.zip: Created, 23 entries
00:00:05.268 : [zipfs] universal.zip: Unmounted
00:00:05.268 : [zipfs] universal.zip: Created, 23 entries
00:00:05.269 : [zipfs] universal.zip: Unmounted
00:00:05.270 : [zipfs] universal.zip: Created, 23 entries
00:00:05.270 : [zipfs] universal.zip: Unmounted
00:00:05.271 : [zipfs] universal.zip: Created, 23 entries
00:00:05.271 : [zipfs] universal.zip: Unmounted
00:00:05.271 : [zipfs] ms2_content.zip: Created, 17 entries
00:00:05.272 : [zipfs] ms2_content.zip: Unmounted
00:00:05.273 : [zipfs] nascar_hauler_9_by_alexp.zip: Created, 726 entries
00:00:05.273 : [zipfs] nascar_hauler_9_by_alexp.zip: Unmounted
00:00:05.274 : [zipfs] ms2_content.zip: Created, 99 entries
00:00:05.275 : [zipfs] ms2_content.zip: Unmounted
00:00:05.275 : [zipfs] universal.zip: Created, 23 entries
00:00:05.275 : [zipfs] universal.zip: Unmounted
00:00:05.276 : [zipfs] universal.zip: Created, 25 entries
00:00:05.276 : [zipfs] universal.zip: Unmounted
00:00:05.277 : [zipfs] universal.zip: Created, 33 entries
00:00:05.277 : [zipfs] universal.zip: Unmounted
00:00:05.279 : [zipfs] universal.zip: Created, 33 entries
00:00:05.279 : [zipfs] universal.zip: Unmounted
00:00:05.280 : [zipfs] ms2_content.zip: Created, 76 entries
00:00:05.280 : [zipfs] ms2_content.zip: Unmounted
00:00:05.280 : [zipfs] universal.zip: Created, 13 entries
00:00:05.281 : [zipfs] universal.zip: Unmounted
00:00:05.281 : [zipfs] universal.zip: Created, 26 entries
00:00:05.281 : [zipfs] universal.zip: Unmounted
00:00:05.285 : [zipfs] peterbilt_352_362_project_41400.zip: Created, 4015 entries
00:00:05.285 : [zipfs] peterbilt_352_362_project_41400.zip: Unmounted
00:00:05.289 : [zipfs] universal.zip: Created, 7 entries
00:00:05.289 : [zipfs] universal.zip: Unmounted
00:00:05.290 : [hashfs] universal.scs: Created, 99 entries
00:00:05.291 : [hashfs] universal.scs: Unmounted.
00:00:05.295 : [zipfs] real_tires_mod_31.zip: Created, 1057 entries
00:00:05.295 : [zipfs] real_tires_mod_31.zip: Unmounted
00:00:05.296 : [zipfs] universal.zip: Created, 496 entries
00:00:05.297 : [zipfs] universal.zip: Unmounted
00:00:05.297 : [zipfs] universal.zip: Created, 68 entries
00:00:05.298 : [zipfs] universal.zip: Unmounted
00:00:05.298 : [zipfs] universal.zip: Created, 70 entries
00:00:05.298 : [zipfs] universal.zip: Unmounted
00:00:05.299 : [zipfs] universal.zip: Created, 74 entries
00:00:05.299 : [zipfs] universal.zip: Unmounted
00:00:05.300 : [zipfs] universal.zip: Created, 21 entries
00:00:05.300 : [zipfs] universal.zip: Unmounted
00:00:05.301 : [zipfs] universal.zip: Created, 23 entries
00:00:05.301 : [zipfs] universal.zip: Unmounted
00:00:05.302 : [zipfs] universal.zip: Created, 21 entries
00:00:05.302 : [zipfs] universal.zip: Unmounted
00:00:05.303 : [hashfs] universal.zip: Created, 36 entries
00:00:05.303 : <ERROR> [package] Device 'C:/SteamLibrary/steamapps/workshop/content/270880/2979201181/universal.zip' is either corrupted or contains unreachable entries.
00:00:05.303 : [hashfs] universal.zip: Unmounted.
00:00:05.303 : <ERROR> [mod_package_manager] Unable to open location ""C:/SteamLibrary/steamapps/workshop/content/270880/2979201181/universal"" for reading manifest. (package name: mod_workshop_package.00000000B193009D, published file id: 2979201181)
00:00:05.303 : [hashfs] universal.zip: Created, 49 entries
00:00:05.303 : [hashfs] universal.zip: Unmounted.
00:00:05.304 : <ERROR> [mod_package_manager] Unable to open location ""C:/SteamLibrary/steamapps/workshop/content/270880/2897653639/universal"" for reading manifest. (package name: mod_workshop_package.00000000ACB6AF87, published file id: 2897653639)
00:00:05.304 : [zipfs] universal.zip: Created, 78 entries
00:00:05.304 : [zipfs] universal.zip: Unmounted
00:00:05.305 : [hashfs] universal.zip: Created, 62 entries
00:00:05.305 : [hashfs] universal.zip: Unmounted.
00:00:05.305 : <ERROR> [mod_package_manager] Unable to open location ""C:/SteamLibrary/steamapps/workshop/content/270880/2865474397/universal"" for reading manifest. (package name: mod_workshop_package.00000000AACBAB5D, published file id: 2865474397)
00:00:05.306 : [zipfs] universal.zip: Created, 21 entries
00:00:05.306 : [zipfs] universal.zip: Unmounted
00:00:05.306 : [hashfs] universal.zip: Created, 51 entries
00:00:05.307 : [hashfs] universal.zip: Unmounted.
00:00:05.307 : <ERROR> [mod_package_manager] Unable to open location ""C:/SteamLibrary/steamapps/workshop/content/270880/2818214441/universal"" for reading manifest. (package name: mod_workshop_package.00000000A7FA8A29, published file id: 2818214441)
00:00:05.307 : [hashfs] universal.zip: Created, 62 entries
00:00:05.308 : [hashfs] universal.zip: Unmounted.
00:00:05.308 : <ERROR> [mod_package_manager] Unable to open location ""C:/SteamLibrary/steamapps/workshop/content/270880/2903905106/universal"" for reading manifest. (package name: mod_workshop_package.00000000AD161352, published file id: 2903905106)
00:00:05.308 : [hashfs] universal.zip: Created, 21 entries
00:00:05.308 : <ERROR> [package] Device 'C:/SteamLibrary/steamapps/workshop/content/270880/2968250237/universal.zip' is either corrupted or contains unreachable entries.
00:00:05.308 : [hashfs] universal.zip: Unmounted.
00:00:05.308 : <ERROR> [mod_package_manager] Unable to open location ""C:/SteamLibrary/steamapps/workshop/content/270880/2968250237/universal"" for reading manifest. (package name: mod_workshop_package.00000000B0EBE77D, published file id: 2968250237)
00:00:05.309 : [hashfs] universal.zip: Created, 43 entries
00:00:05.309 : <ERROR> [package] Device 'C:/SteamLibrary/steamapps/workshop/content/270880/2823674232/universal.zip' is either corrupted or contains unreachable entries.
00:00:05.309 : [hashfs] universal.zip: Unmounted.
00:00:05.309 : <ERROR> [mod_package_manager] Unable to open location ""C:/SteamLibrary/steamapps/workshop/content/270880/2823674232/universal"" for reading manifest. (package name: mod_workshop_package.00000000A84DD978, published file id: 2823674232)
00:00:05.309 : [hashfs] universal.zip: Created, 54 entries
00:00:05.309 : [hashfs] universal.zip: Unmounted.
00:00:05.309 : <ERROR> [mod_package_manager] Unable to open location ""C:/SteamLibrary/steamapps/workshop/content/270880/2895262653/universal"" for reading manifest. (package name: mod_workshop_package.00000000AC9233BD, published file id: 2895262653)
00:00:05.310 : [zipfs] universal.zip: Created, 52 entries
00:00:05.310 : [zipfs] universal.zip: Unmounted
00:00:05.311 : [hashfs] universal.zip: Created, 58 entries
00:00:05.311 : [hashfs] universal.zip: Unmounted.
00:00:05.311 : <ERROR> [mod_package_manager] Unable to open location ""C:/SteamLibrary/steamapps/workshop/content/270880/2819164305/universal"" for reading manifest. (package name: mod_workshop_package.00000000A8090891, published file id: 2819164305)
00:00:05.312 : [zipfs] universal.zip: Created, 181 entries
00:00:05.312 : <WARNING> [mods] No valid categories defined for mod_workshop_package.00000000D3E9C7D2. Setting defaults.
00:00:05.312 : [zipfs] universal.zip: Unmounted
00:00:05.312 : [zipfs] universal.zip: Created, 21 entries
00:00:05.313 : [zipfs] universal.zip: Unmounted
00:00:05.314 : [zipfs] universal.zip: Created, 951 entries
00:00:05.314 : [zipfs] universal.zip: Unmounted
00:00:05.315 : [zipfs] ms2_content.zip: Created, 683 entries
00:00:05.315 : [zipfs] ms2_content.zip: Unmounted
00:00:05.316 : [hashfs] universal.zip: Created, 48 entries
00:00:05.316 : <ERROR> [package] Device 'C:/SteamLibrary/steamapps/workshop/content/270880/2820915171/universal.zip' is either corrupted or contains unreachable entries.
00:00:05.316 : [hashfs] universal.zip: Unmounted.
00:00:05.316 : <ERROR> [mod_package_manager] Unable to open location ""C:/SteamLibrary/steamapps/workshop/content/270880/2820915171/universal"" for reading manifest. (package name: mod_workshop_package.00000000A823BFE3, published file id: 2820915171)
00:00:05.316 : [zipfs] ms2_content.zip: Created, 11 entries
00:00:05.317 : [zipfs] ms2_content.zip: Unmounted
00:00:05.320 : <WARNING> [mods] No valid categories defined for mod_workshop_package.00000000AF3C5CAA. Setting defaults.
00:00:05.322 : [zipfs] universal.zip: Created, 21 entries
00:00:05.322 : [zipfs] universal.zip: Unmounted
00:00:05.323 : [zipfs] ms2_content.zip: Created, 33 entries
00:00:05.323 : [zipfs] ms2_content.zip: Unmounted
00:00:05.324 : [zipfs] ms2_content.zip: Created, 67 entries
00:00:05.324 : [zipfs] ms2_content.zip: Unmounted
00:00:05.324 : [zipfs] universal.zip: Created, 45 entries
00:00:05.325 : [zipfs] universal.zip: Unmounted
00:00:05.325 : [hashfs] universal.zip: Created, 28 entries
00:00:05.325 : <ERROR> [package] Device 'C:/SteamLibrary/steamapps/workshop/content/270880/2815626058/universal.zip' is either corrupted or contains unreachable entries.
00:00:05.325 : [hashfs] universal.zip: Unmounted.
00:00:05.325 : <ERROR> [mod_package_manager] Unable to open location ""C:/SteamLibrary/steamapps/workshop/content/270880/2815626058/universal"" for reading manifest. (package name: mod_workshop_package.00000000A7D30B4A, published file id: 2815626058)
00:00:05.327 : [zipfs] universal.zip: Created, 27 entries
00:00:05.327 : [zipfs] universal.zip: Unmounted
00:00:05.328 : [zipfs] universal.zip: Created, 114 entries
00:00:05.328 : [zipfs] universal.zip: Unmounted
00:00:05.330 : [zipfs] latest.zip: Created, 658 entries
00:00:05.330 : [zipfs] latest.zip: Unmounted
00:00:05.331 : [hashfs] universal.zip: Created, 22 entries
00:00:05.331 : [hashfs] universal.zip: Unmounted.
00:00:05.331 : <ERROR> [mod_package_manager] Unable to open location ""C:/SteamLibrary/steamapps/workshop/content/270880/2941569575/universal"" for reading manifest. (package name: mod_workshop_package.00000000AF54CA27, published file id: 2941569575)
00:00:05.333 : [zipfs] ms2_content.zip: Created, 67 entries
00:00:05.333 : [zipfs] ms2_content.zip: Unmounted
00:00:05.358 : [zipfs] smp3_3_140_ats.zip: Created, 38167 entries
00:00:05.359 : [zipfs] smp3_3_140_ats.zip: Unmounted
00:00:05.360 : [zipfs] sisltrlscs132.zip: Created, 3 entries
00:00:05.360 : [zipfs] sisltrlscs132.zip: Unmounted
00:00:05.363 : [zipfs] sisltrlmain140.zip: Created, 2164 entries
00:00:05.363 : [zipfs] sisltrlmain140.zip: Unmounted
00:00:05.364 : [hashfs] sound.scs: Created, 1581 entries
00:00:05.368 : [hashfs] sound.scs: Unmounted.
00:00:05.369 : [zipfs] universal.zip: Created, 53 entries
00:00:05.369 : [zipfs] universal.zip: Unmounted
00:00:05.370 : [zipfs] universal.zip: Created, 23 entries
00:00:05.370 : [zipfs] universal.zip: Unmounted
00:00:05.371 : [zipfs] universal.zip: Created, 23 entries
00:00:05.371 : [zipfs] universal.zip: Unmounted
00:00:05.372 : [zipfs] ms2_content.zip: Created, 17 entries
00:00:05.372 : [zipfs] ms2_content.zip: Unmounted
00:00:05.374 : [zipfs] 0e8soi2.zip: Created, 127 entries
00:00:05.374 : [zipfs] 0e8soi2.zip: Unmounted
00:00:05.375 : [zipfs] universal.zip: Created, 56 entries
00:00:05.375 : [zipfs] universal.zip: Unmounted
00:00:05.377 : [hashfs] universal.scs: Created, 1491 entries
00:00:05.385 : [hashfs] universal.scs: Unmounted.
00:00:05.386 : [zipfs] universal.zip: Created, 26 entries
00:00:05.386 : [zipfs] universal.zip: Unmounted
00:00:05.388 : [zipfs] universal.zip: Created, 31 entries
00:00:05.388 : [zipfs] universal.zip: Unmounted
00:00:05.389 : [zipfs] ms2_content.zip: Created, 19 entries
00:00:05.389 : [zipfs] ms2_content.zip: Unmounted
00:00:05.389 : [zipfs] ms2_content.zip: Created, 59 entries
00:00:05.390 : [zipfs] ms2_content.zip: Unmounted
00:00:05.390 : [zipfs] ms2_content.zip: Created, 37 entries
00:00:05.390 : [zipfs] ms2_content.zip: Unmounted
00:00:05.391 : [zipfs] ms2_content.zip: Created, 21 entries
00:00:05.391 : <WARNING> [mods] No valid categories defined for mod_workshop_package.00000000CD342893. Setting defaults.
00:00:05.391 : [zipfs] ms2_content.zip: Unmounted
00:00:05.392 : [zipfs] ms2_content.zip: Created, 347 entries
00:00:05.392 : [zipfs] ms2_content.zip: Unmounted
00:00:05.393 : <WARNING> [mods] No valid categories defined for mod_workshop_package.000000008E3D5A4A. Setting defaults.
00:00:05.396 : [zipfs] ms2_content.zip: Created, 859 entries
00:00:05.396 : <WARNING> [mods] No valid categories defined for mod_workshop_package.00000000C796803A. Setting defaults.
00:00:05.396 : [zipfs] ms2_content.zip: Unmounted
00:00:05.397 : [zipfs] universal.zip: Created, 23 entries
00:00:05.397 : [zipfs] universal.zip: Unmounted
00:00:05.398 : [zipfs] universal.zip: Created, 31 entries
00:00:05.398 : [zipfs] universal.zip: Unmounted
00:00:05.400 : [zipfs] universal.zip: Created, 20 entries
00:00:05.400 : [zipfs] universal.zip: Unmounted
00:00:05.403 : [zipfs] scr_wheel_pack.zip: Created, 2269 entries
00:00:05.403 : [zipfs] scr_wheel_pack.zip: Unmounted
00:00:05.404 : [zipfs] scr_timpte_super_seal.zip: Created, 697 entries
00:00:05.404 : [zipfs] scr_timpte_super_seal.zip: Unmounted
00:00:05.407 : [zipfs] scr_tm_supervan90.zip: Created, 745 entries
00:00:05.408 : [zipfs] scr_tm_supervan90.zip: Unmounted
00:00:05.408 : [mod_package_manager] Received list of the steam workshop subscribed mods. (received 265 mods total, 248 loaded, 0 scheduled for download)
00:00:05.832 : mm_flush_repeatedly
00:00:05.832 : [hashfs] 1.6X.X_Kenworth_T680_2022_JG.scs: Unmounted.
00:00:05.832 : [hashfs] Utility 3000R MX Sugoi Modding_SKIN.scs: Unmounted.
00:00:05.832 : [hashfs] Utility 3000R MX Sugoi Modding v1.1.scs: Unmounted.
00:00:05.832 : [zipfs] Updated SCS In Game Company Trucks & Trailers.scs: Unmounted
00:00:05.832 : [hashfs] Trucks&Trailers Wheels.scs: Unmounted.
00:00:05.833 : [hashfs] Trucks&Trailers Flares.scs: Unmounted.
00:00:05.833 : [hashfs] Trailer Pack Tanker.scs: Unmounted.
00:00:05.834 : [hashfs] Trailer Pack Refrigerators.scs: Unmounted.
00:00:05.834 : [hashfs] Trailer Pack LowBoy.scs: Unmounted.
00:00:05.834 : [hashfs] Trailer Pack Livestock.scs: Unmounted.
00:00:05.834 : [hashfs] Trailer Pack Hopper Bottom.scs: Unmounted.
00:00:05.835 : [hashfs] Trailer Pack Flatbed.scs: Unmounted.
00:00:05.835 : [hashfs] Tomb_Lode_King_stepdeck.scs: Unmounted.
00:00:05.835 : [zipfs] Tomb_Lode_King_Open_Def.scs: Unmounted
00:00:05.835 : [zipfs] Tomb_Lode_King_Cargo_Def.scs: Unmounted
00:00:05.835 : [hashfs] Tomb_Landoll_440_455B.scs: Unmounted.
00:00:05.836 : [zipfs] The Godfather's Kenworth T Series Trucks Skins Pack.scs: Unmounted
00:00:05.836 : [zipfs] Swc_Modding_Lights_Pack_0.2.6.scs: Unmounted
00:00:05.836 : [zipfs] SCS_Company_Skins_for_Ruda_Trucks_and_Trailers.scs: Unmounted
00:00:05.836 : [hashfs] Reforma_Sierra_Nevada_Remake_v1_16_160.scs: Unmounted.
00:00:05.836 : [hashfs] Reforma_ProMods_background_FIX_27_160.scs: Unmounted.
00:00:05.836 : [hashfs] Reforma_Pacifico_Beta_5_3_160.scs: Unmounted.
00:00:05.836 : [hashfs] Reforma_OtherMaps_Patch_37_160.scs: Unmounted.
00:00:05.836 : [hashfs] Reforma_Noreste_Beta_6_10_160.scs: Unmounted.
00:00:05.836 : [hashfs] Reforma_MegaResources_v2_9_9_160.scs: Unmounted.
00:00:05.836 : [hashfs] Reforma_Coahuila_Beta_2_9_160.scs: Unmounted.
00:00:05.836 : [hashfs] Reforma_Baja_Beta_4_4_160.scs: Unmounted.
00:00:05.836 : [hashfs] Reforma_2_9_9_160.scs: Unmounted.
00:00:05.836 : [hashfs] Reboque_Big_Tex_V2_ATS_1.60_Jean_Rittono_BQ.scs: Unmounted.
00:00:05.836 : [zipfs] realistic_rain_reflections_standalone_v1_2.scs: Unmounted
00:00:05.837 : [zipfs] RD_Moving_Ownable.scs: Unmounted
00:00:05.837 : [zipfs] project3xx_146.scs: Unmounted
00:00:05.837 : [hashfs] pm_light_pack.scs: Unmounted.
00:00:05.837 : [hashfs] PM_Kenworth_W900_v2.2.scs: Unmounted.
00:00:05.837 : [hashfs] Pj gooseneck trailer DN v18.11.25.scs: Unmounted.
00:00:05.837 : [hashfs] pj dump 16 feet by DN 18.11.25.scs: Unmounted.
00:00:05.837 : [hashfs] Pizzster_Modding_389_Skinable_Logos_v2.scs: Unmounted.
00:00:05.837 : [hashfs] Pizzster_Modding_389_SKIN_PACK.scs: Unmounted.
00:00:05.837 : [zipfs] Pizzster_Modding_389_KEY.scs: Unmounted
00:00:05.837 : [hashfs] Pizzster_Modding_389_ATS_1.60.scs: Unmounted.
00:00:05.837 : [hashfs] Pinga_389_v2.1.scs: Unmounted.
00:00:05.837 : [hashfs] pickups wheel pack by DN v18.11.25.scs: Unmounted.
00:00:05.837 : [hashfs] Pickup Trailers.scs: Unmounted.
00:00:05.837 : [zipfs] Peterbilt_389_MF_f489a.scs: Unmounted
00:00:05.838 : [zipfs] peterbilt.389xx.scs: Unmounted
00:00:05.838 : [hashfs] Pete 579.scs: Unmounted.
00:00:05.838 : [zipfs] Pete 579 SISL Pack Compatibility.scs: Unmounted
00:00:05.838 : [hashfs] Pete 579 Personal KEY.scs: Unmounted.
00:00:05.838 : [zipfs] Pete 579 Open Definition.scs: Unmounted
00:00:05.838 : [zipfs] Pete 579 DLC Toys Compatibility.scs: Unmounted
00:00:05.838 : [zipfs] Pete 579 DLC Steering Wheels Compatibility.scs: Unmounted
00:00:05.839 : [hashfs] Pete 362 Cabover.scs: Unmounted.
00:00:05.839 : [zipfs] Pete 362 Cabover SISL Pack Compatibility.scs: Unmounted
00:00:05.839 : [zipfs] Pete 362 Cabover Realistic Headlights.scs: Unmounted
00:00:05.839 : [hashfs] Pete 362 Cabover Personal KEY.scs: Unmounted.
00:00:05.839 : [zipfs] Pete 362 Cabover DLC Toys Compatibility.scs: Unmounted
00:00:05.840 : [zipfs] Pete 362 Cabover DLC Steering Wheels Compatibility.scs: Unmounted
00:00:05.840 : [zipfs] Pearl Paint.scs: Unmounted
00:00:05.840 : [hashfs] overweight_trailers_and_cargo_pack_by_Jazzycat_v6.2.1_ats.scs: Unmounted.
00:00:05.840 : [zipfs] Night Moves Ruda Peterbilt 389 Flat Top.scs: Unmounted
00:00:05.840 : [zipfs] MrBadMae's RGB Headlights.scs: Unmounted
00:00:05.840 : [zipfs] More American Cities (Washington - v1.5).scs: Unmounted
00:00:05.840 : [zipfs] More American Cities (v1.0).scs: Unmounted
00:00:05.840 : [zipfs] More American Cities (Utah - v1.3).scs: Unmounted
00:00:05.840 : [zipfs] More American Cities (Texas - v1.4).scs: Unmounted
00:00:05.840 : [zipfs] More American Cities (Oregon - v1.1).scs: Unmounted
00:00:05.840 : [zipfs] More American Cities (Oklahoma - v1.6).scs: Unmounted
00:00:05.840 : [zipfs] More American Cities (Nevada - v1.3).scs: Unmounted
00:00:05.840 : [zipfs] More American Cities (Idaho - v1.7).scs: Unmounted
00:00:05.840 : [zipfs] More American Cities (Colorado - v1.7).scs: Unmounted
00:00:05.840 : [zipfs] Modified_Peterbilt_389_144.scs: Unmounted
00:00:05.840 : [zipfs] lowpro_tires_rd.scs: Unmounted
00:00:05.840 : [hashfs] Lord G350.scs: Unmounted.
00:00:05.841 : [zipfs] Lord G350 SISL Pack Compatibility.scs: Unmounted
00:00:05.841 : [zipfs] Lord G350 DLC Toys Compatibility.scs: Unmounted
00:00:05.841 : [zipfs] LED_Mega_Pack_Open_Def.scs: Unmounted
00:00:05.841 : [zipfs] LED_Mega_Pack_Old_Flares.scs: Unmounted
00:00:05.841 : [zipfs] LED_Mega_Pack_Beacon_Patch.scs: Unmounted
00:00:05.841 : [hashfs] LED_Mega_Pack_All_Trucks_Hatreyu_Gaming_v1.8.4.scs: Unmounted.
00:00:05.841 : [zipfs] KW220.scs: Unmounted
00:00:05.841 : [hashfs] KW W900 Highway Killer.scs: Unmounted.
00:00:05.841 : [zipfs] KW W900 Highway Killer SISL Pack Compatibility.scs: Unmounted
00:00:05.842 : [zipfs] KW W900 Highway Killer Realistic Headlights.scs: Unmounted
00:00:05.842 : [zipfs] KW W900 Highway Killer DLC Toys Compatibility.scs: Unmounted
00:00:05.842 : [zipfs] KW W900 Highway Killer DLC Steering Wheels Compatibility.scs: Unmounted
00:00:05.842 : [hashfs] KSW_LightsPack.scs: Unmounted.
00:00:05.842 : [zipfs] K100 addons ratr0dev.scs: Unmounted
00:00:05.842 : [hashfs] JonRuda-389-Lowered-Suspension.scs: Unmounted.
00:00:05.842 : [hashfs] Jaspers.Steering_wheels_v.0.4.scs: Unmounted.
00:00:05.842 : [zipfs] Jaspers.Real_Eaton_Fuller_Transmissions_CAST_Addon.scs: Unmounted
00:00:05.842 : [zipfs] Jaspers.lowered_chassis.Kenworth_w900.scs: Unmounted
00:00:05.842 : [hashfs] Jaspers.lightpack_v.05_100_brightness.scs: Unmounted.
00:00:05.842 : [hashfs] Jaspers.Kenworth_w900_series_v1.scs: Unmounted.
00:00:05.842 : [zipfs] Jaspers.DEF_Steering_Creations_Pack.scs: Unmounted
00:00:05.842 : [zipfs] Jaspers.DEF_SISLs_Megapack.scs: Unmounted
00:00:05.842 : [zipfs] Jaspers.Dashboard_color_custom.scs: Unmounted
00:00:05.842 : [zipfs] HwyKillerCCpaint.scs: Unmounted
00:00:05.842 : [zipfs] HICKLYFES_HATERBILT_PINUPS_SKINPACK.scs: Unmounted
00:00:05.842 : [zipfs] Haterbilt_v4.9.1_389viper2_ATS_ETS2_by_Hatreyu_Gaming.scs: Unmounted
00:00:05.842 : [zipfs] Haterbilt_Open_Def.scs: Unmounted
00:00:05.842 : [zipfs] Haterbilt_Ol-Skool_Skinpack.scs: Unmounted
00:00:05.842 : [zipfs] Haterbilt_ETS2_Cabin_Patch.scs: Unmounted
00:00:05.843 : [zipfs] Haterbilt_Chrome_New_Shine.scs: Unmounted
00:00:05.843 : [zipfs] Haterbilt_Chrome_Darker.scs: Unmounted
00:00:05.843 : [zipfs] Hater_Brighter_Headlights.scs: Unmounted
00:00:05.843 : [zipfs] Gulf Oil combo.scs: Unmounted
00:00:05.843 : [hashfs] gmc sierrra hd 2024 by dn v17.2.26.scs: Unmounted.
00:00:05.843 : [hashfs] Freightshaker Coronado SD.scs: Unmounted.
00:00:05.843 : [zipfs] Freightshaker Coronado SD SISL Pack Compatibity.scs: Unmounted
00:00:05.843 : [hashfs] Freightshaker Coronado SD Personal KEY.scs: Unmounted.
00:00:05.844 : [zipfs] Freightshaker Coronado SD Open Definition.scs: Unmounted
00:00:05.844 : [zipfs] Freightshaker Coronado SD DLC Toys Compatibility.scs: Unmounted
00:00:05.844 : [zipfs] Freightshaker Coronado SD DLC Steering Wheels Compatibility.scs: Unmounted
00:00:05.844 : [zipfs] Freightshaker Classic XL SISL Pack Compatibility.scs: Unmounted
00:00:05.844 : [zipfs] Freightshaker Classic XL Realistic Headlights.scs: Unmounted
00:00:05.844 : [hashfs] Freightshaker Classic XL Personal KEY.scs: Unmounted.
00:00:05.844 : [zipfs] Freightshaker Classic XL DLC Toys Compatibility.scs: Unmounted
00:00:05.845 : [zipfs] Freightshaker Classic XL DLC Steering Wheels Compatibility.scs: Unmounted
00:00:05.845 : [hashfs] Freightshaker Classic XL ATS.scs: Unmounted.
00:00:05.845 : [zipfs] Freightshaker Cascadia 125 SISL Pack Compatibility.scs: Unmounted
00:00:05.845 : [zipfs] Freightshaker Cascadia 125 Realistic Headlights.scs: Unmounted
00:00:05.845 : [hashfs] Freightshaker Cascadia 125 Personal KEY.scs: Unmounted.
00:00:05.846 : [zipfs] Freightshaker Cascadia 125 Open Definition.scs: Unmounted
00:00:05.846 : [zipfs] Freightshaker Cascadia 125 DLC Toys Compatibility.scs: Unmounted
00:00:05.846 : [zipfs] Freightshaker Cascadia 125 DLC Steering Wheels Compatibility.scs: Unmounted
00:00:05.846 : [hashfs] Freightshaker Cascadia 125 ATS.scs: Unmounted.
00:00:05.847 : [zipfs] Freightliner_FLC_Renenate.scs: Unmounted
00:00:05.847 : [zipfs] Freightliner_FLB_Renenate.scs: Unmounted
00:00:05.847 : [zipfs] Freightliner Cascadia Enhanced v1.5.5.2.scs: Unmounted
00:00:05.847 : [zipfs] flatline_lights_renenate.scs: Unmounted
00:00:05.847 : [hashfs] Engine Sounds.scs: Unmounted.
00:00:05.847 : [zipfs] DNA_v1.7.8.scs: Unmounted
00:00:05.848 : [zipfs] DNA_C2C_ATS_Exp_Connections_v1.4.0.1.scs: Unmounted
00:00:05.848 : [hashfs] DLC Wrecker.scs: Unmounted.
00:00:05.848 : [zipfs] Custom Skin Pack Kenworth W990.scs: Unmounted
00:00:05.848 : [zipfs] CT_Bullrack.scs: Unmounted
00:00:05.848 : [zipfs] Coast_to_Coast_v2.23.60.0.scs: Unmounted
00:00:05.848 : [hashfs] BladeShop_LTL_9000_ATS_1.60.scs: Unmounted.
00:00:05.848 : [hashfs] benson enclosed trailer v20.11.25.scs: Unmounted.
00:00:05.848 : [zipfs] ATS_Expansion_v22.0_1.60.scs: Unmounted
00:00:05.849 : [zipfs] ATS_Expansion_v22.0_1.60.scs: Unmounted
00:00:05.849 : [hashfs] ATS_1.61_TRAILER_ARCTIC_LOGS_TRAILERS_v9.0_LITE_by_CyrusTheVirus.scs: Unmounted.
00:00:05.849 : [hashfs] ATS_1.60_TRAILER_TRANSCRAFT_TRAILERS_COLLECTION_v2.0_LITE_by_CyrusTheVirus.scs.scs: Unmounted.
00:00:05.849 : [hashfs] ATS_1.60_TRAILER_GREAT_DANE_COLLECTION_v4.0_LITE_by_CyrusTheVirus.scs: Unmounted.
00:00:05.849 : [hashfs] ATS_1.60_TRAILER_ASPEN_OILFIELD_HIGHBOY_v1.0_LITE_by_CyrusTheVirus.scs: Unmounted.
00:00:05.849 : [zipfs] ATS Exp Cargo Addon 090826 PE.scs: Unmounted
00:00:05.849 : [hashfs] alka kenworth w990.custom.1.60.scs: Unmounted.
00:00:05.849 : [zipfs] alka kenworth w990 custom.1.60.x_key and open def.scs: Unmounted
00:00:05.849 : [hashfs] ai_traffic_pack_by_Jazzycat_v16.6.7_ats.scs: Unmounted.
00:00:05.849 : [zipfs] 3XX PNW Truck and Trailer V3.7.scs: Unmounted
00:00:05.849 : [zipfs] 30in_wheelpack_v2.scs: Unmounted
00:00:05.849 : [zipfs] 24in_wheelpack.scs: Unmounted
00:00:05.896 : [fs] device C:/SteamLibrary/steamapps/common/American Truck Simulator/dlc_ar.scs mounted to scs pool.
00:00:05.896 : [fs] device C:/SteamLibrary/steamapps/common/American Truck Simulator/dlc_arizona.scs mounted to scs pool.
00:00:05.896 : [fs] device C:/SteamLibrary/steamapps/common/American Truck Simulator/dlc_bobcat.scs mounted to scs pool.
00:00:05.896 : [fs] device C:/SteamLibrary/steamapps/common/American Truck Simulator/dlc_christmas.scs mounted to scs pool.
00:00:05.896 : [fs] device C:/SteamLibrary/steamapps/common/American Truck Simulator/dlc_co.scs mounted to scs pool.
00:00:05.896 : [fs] device C:/SteamLibrary/steamapps/common/American Truck Simulator/dlc_dragon.scs mounted to scs pool.
00:00:05.897 : [fs] device C:/SteamLibrary/steamapps/common/American Truck Simulator/dlc_farm_machinery.scs mounted to scs pool.
00:00:05.897 : [fs] device C:/SteamLibrary/steamapps/common/American Truck Simulator/dlc_forest_harvesting.scs mounted to scs pool.
00:00:05.897 : [fs] device C:/SteamLibrary/steamapps/common/American Truck Simulator/dlc_freightliner_cascadia2019.scs mounted to scs pool.
00:00:05.897 : [fs] device C:/SteamLibrary/steamapps/common/American Truck Simulator/dlc_freightliner_cascadia2024.scs mounted to scs pool.
00:00:05.897 : [fs] device C:/SteamLibrary/steamapps/common/American Truck Simulator/dlc_goodyear.scs mounted to scs pool.
00:00:05.897 : [fs] device C:/SteamLibrary/steamapps/common/American Truck Simulator/dlc_halloween.scs mounted to scs pool.
00:00:05.897 : [fs] device C:/SteamLibrary/steamapps/common/American Truck Simulator/dlc_heavy_cargo.scs mounted to scs pool.
00:00:05.897 : [fs] device C:/SteamLibrary/steamapps/common/American Truck Simulator/dlc_ia.scs mounted to scs pool.
00:00:05.897 : [fs] device C:/SteamLibrary/steamapps/common/American Truck Simulator/dlc_id.scs mounted to scs pool.
00:00:05.897 : [fs] device C:/SteamLibrary/steamapps/common/American Truck Simulator/dlc_il.scs mounted to scs pool.
00:00:05.897 : [fs] device C:/SteamLibrary/steamapps/common/American Truck Simulator/dlc_international_9900i.scs mounted to scs pool.
00:00:05.897 : [fs] device C:/SteamLibrary/steamapps/common/American Truck Simulator/dlc_international_lonestar.scs mounted to scs pool.
00:00:05.897 : [fs] device C:/SteamLibrary/steamapps/common/American Truck Simulator/dlc_international_lt.scs mounted to scs pool.
00:00:05.897 : [fs] device C:/SteamLibrary/steamapps/common/American Truck Simulator/dlc_jcb.scs mounted to scs pool.
00:00:05.897 : [fs] device C:/SteamLibrary/steamapps/common/American Truck Simulator/dlc_kenworth_t680.scs mounted to scs pool.
00:00:05.897 : [fs] device C:/SteamLibrary/steamapps/common/American Truck Simulator/dlc_kenworth_t680_2022.scs mounted to scs pool.
00:00:05.897 : [fs] device C:/SteamLibrary/steamapps/common/American Truck Simulator/dlc_kenworth_w900.scs mounted to scs pool.
00:00:05.898 : [fs] device C:/SteamLibrary/steamapps/common/American Truck Simulator/dlc_krone_agriculture.scs mounted to scs pool.
00:00:05.898 : [fs] device C:/SteamLibrary/steamapps/common/American Truck Simulator/dlc_ks.scs mounted to scs pool.
00:00:05.898 : [fs] device C:/SteamLibrary/steamapps/common/American Truck Simulator/dlc_la.scs mounted to scs pool.
00:00:05.898 : [fs] device C:/SteamLibrary/steamapps/common/American Truck Simulator/dlc_lodeking.scs mounted to scs pool.
00:00:05.898 : [fs] device C:/SteamLibrary/steamapps/common/American Truck Simulator/dlc_mack_anthem.scs mounted to scs pool.
00:00:05.898 : [fs] device C:/SteamLibrary/steamapps/common/American Truck Simulator/dlc_mack_pinnacle.scs mounted to scs pool.
00:00:05.898 : [fs] device C:/SteamLibrary/steamapps/common/American Truck Simulator/dlc_michelin.scs mounted to scs pool.
00:00:05.898 : [fs] device C:/SteamLibrary/steamapps/common/American Truck Simulator/dlc_mo.scs mounted to scs pool.
00:00:05.898 : [fs] device C:/SteamLibrary/steamapps/common/American Truck Simulator/dlc_mt.scs mounted to scs pool.
00:00:05.898 : [fs] device C:/SteamLibrary/steamapps/common/American Truck Simulator/dlc_ne.scs mounted to scs pool.
00:00:05.898 : [fs] device C:/SteamLibrary/steamapps/common/American Truck Simulator/dlc_neon.scs mounted to scs pool.
00:00:05.898 : [fs] device C:/SteamLibrary/steamapps/common/American Truck Simulator/dlc_nevada.scs mounted to scs pool.
00:00:05.898 : [fs] device C:/SteamLibrary/steamapps/common/American Truck Simulator/dlc_nm.scs mounted to scs pool.
00:00:05.899 : [fs] device C:/SteamLibrary/steamapps/common/American Truck Simulator/dlc_ok.scs mounted to scs pool.
00:00:05.899 : [fs] device C:/SteamLibrary/steamapps/common/American Truck Simulator/dlc_or.scs mounted to scs pool.
00:00:05.899 : [fs] device C:/SteamLibrary/steamapps/common/American Truck Simulator/dlc_oversize.scs mounted to scs pool.
00:00:05.899 : [fs] device C:/SteamLibrary/steamapps/common/American Truck Simulator/dlc_peterbilt_389.scs mounted to scs pool.
00:00:05.899 : [fs] device C:/SteamLibrary/steamapps/common/American Truck Simulator/dlc_peterbilt_579.scs mounted to scs pool.
00:00:05.899 : [fs] device C:/SteamLibrary/steamapps/common/American Truck Simulator/dlc_pink_ribbon.scs mounted to scs pool.
00:00:05.899 : [fs] device C:/SteamLibrary/steamapps/common/American Truck Simulator/dlc_rims.scs mounted to scs pool.
00:00:05.899 : [fs] device C:/SteamLibrary/steamapps/common/American Truck Simulator/dlc_sci_st_wheels.scs mounted to scs pool.
00:00:05.899 : [fs] device C:/SteamLibrary/steamapps/common/American Truck Simulator/dlc_space.scs mounted to scs pool.
00:00:05.899 : [fs] device C:/SteamLibrary/steamapps/common/American Truck Simulator/dlc_sports.scs mounted to scs pool.
00:00:05.899 : [fs] device C:/SteamLibrary/steamapps/common/American Truck Simulator/dlc_steampunk.scs mounted to scs pool.
00:00:05.899 : [fs] device C:/SteamLibrary/steamapps/common/American Truck Simulator/dlc_stripes.scs mounted to scs pool.
00:00:05.899 : [fs] device C:/SteamLibrary/steamapps/common/American Truck Simulator/dlc_toys.scs mounted to scs pool.
00:00:05.899 : [fs] device C:/SteamLibrary/steamapps/common/American Truck Simulator/dlc_tx.scs mounted to scs pool.
00:00:05.899 : [fs] device C:/SteamLibrary/steamapps/common/American Truck Simulator/dlc_ut.scs mounted to scs pool.
00:00:05.899 : [fs] device C:/SteamLibrary/steamapps/common/American Truck Simulator/dlc_valentine.scs mounted to scs pool.
00:00:05.900 : [fs] device C:/SteamLibrary/steamapps/common/American Truck Simulator/dlc_volvo_construction.scs mounted to scs pool.
00:00:05.900 : [fs] device C:/SteamLibrary/steamapps/common/American Truck Simulator/dlc_volvo_vnl.scs mounted to scs pool.
00:00:05.900 : [fs] device C:/SteamLibrary/steamapps/common/American Truck Simulator/dlc_volvo_vnl2018.scs mounted to scs pool.
00:00:05.900 : [fs] device C:/SteamLibrary/steamapps/common/American Truck Simulator/dlc_volvo_vnl2025.scs mounted to scs pool.
00:00:05.900 : [fs] device C:/SteamLibrary/steamapps/common/American Truck Simulator/dlc_volvo_vnr_e.scs mounted to scs pool.
00:00:05.900 : [fs] device C:/SteamLibrary/steamapps/common/American Truck Simulator/dlc_w900_tuning.scs mounted to scs pool.
00:00:05.900 : [fs] device C:/SteamLibrary/steamapps/common/American Truck Simulator/dlc_wa.scs mounted to scs pool.
00:00:05.900 : [fs] device C:/SteamLibrary/steamapps/common/American Truck Simulator/dlc_western.scs mounted to scs pool.
00:00:05.900 : [fs] device C:/SteamLibrary/steamapps/common/American Truck Simulator/dlc_westernstar_49x.scs mounted to scs pool.
00:00:05.900 : [fs] device C:/SteamLibrary/steamapps/common/American Truck Simulator/dlc_westernstar_5700xe.scs mounted to scs pool.
00:00:05.900 : [fs] device C:/SteamLibrary/steamapps/common/American Truck Simulator/dlc_westernstar_57x.scs mounted to scs pool.
00:00:05.900 : [fs] device C:/SteamLibrary/steamapps/common/American Truck Simulator/dlc_wy.scs mounted to scs pool.
00:00:05.944 : [ufs] scs pool: 69 packs, 374368 files, 28291 dirs
00:00:05.950 : uset s_cbeffects_mute ""0""
00:00:05.950 : uset s_voiceover_mute ""0""
00:00:05.950 : uset s_intro_music_mute ""0""
00:00:05.950 : uset s_ui_music_mute ""0""
00:00:05.950 : uset s_ui_mute ""0""
00:00:05.950 : uset s_navigation_mute ""0""
00:00:05.950 : uset s_music_mute ""0""
00:00:05.950 : uset s_radio_mute ""0""
00:00:05.950 : uset s_interior_mute ""0""
00:00:05.950 : uset s_ambient_mute ""0""
00:00:05.950 : uset s_world_mute ""0""
00:00:05.950 : uset s_traffic_mute ""0""
00:00:05.950 : uset s_trailer_mute ""0""
00:00:05.950 : uset s_truck_noise_mute ""0""
00:00:05.950 : uset s_truck_effects_mute ""0""
00:00:05.950 : uset s_truck_turbo_mute ""0""
00:00:05.950 : uset s_truck_exhaust_mute ""0""
00:00:05.950 : uset s_truck_engine_mute ""0""
00:00:05.950 : uset s_master_mute ""0""
00:00:05.950 : uset s_cbeffects_volume ""0.5""
00:00:05.950 : uset s_voiceover_volume ""0.5""
00:00:05.950 : uset s_intro_music_volume ""0.19""
00:00:05.950 : uset s_ui_music_volume ""0.09""
00:00:05.950 : uset s_ui_volume ""0.5""
00:00:05.950 : uset s_navigation_volume ""0.5""
00:00:05.950 : uset s_music_volume ""0.3""
00:00:05.951 : uset s_radio_volume ""0.5""
00:00:05.951 : uset s_interior_volume ""0.5""
00:00:05.951 : uset s_ambient_volume ""0.5""
00:00:05.951 : uset s_world_volume ""0.5""
00:00:05.951 : uset s_traffic_volume ""0.5""
00:00:05.951 : uset s_trailer_volume ""0.74""
00:00:05.951 : uset s_truck_noise_volume ""0.5""
00:00:05.951 : uset s_truck_effects_volume ""0.63""
00:00:05.951 : uset s_truck_turbo_volume ""0.89""
00:00:05.951 : uset s_truck_exhaust_volume ""0.77""
00:00:05.951 : uset s_truck_engine_volume ""0.75""
00:00:05.951 : uset s_master_volume ""0.28""
00:00:05.951 : uset r_interior ""1""
00:00:05.951 : uset r_steering_wheel ""1""
00:00:05.951 : uset g_eye_preset_5 """"
00:00:05.951 : uset g_eye_preset_4 """"
00:00:05.951 : uset g_eye_preset_3 """"
00:00:05.951 : uset g_eye_preset_2 """"
00:00:05.951 : uset g_eye_preset_1 """"
00:00:05.951 : uset g_eye_enable ""0""
00:00:05.951 : uset g_cam_interior_zoom ""0""
00:00:05.951 : uset g_cam_window_block ""0.0""
00:00:05.951 : uset g_toy_physics ""1""
00:00:05.951 : uset g_cam_auto_move_interior_mult ""1.6""
00:00:05.951 : uset g_cam_auto_move_speed ""0.0""
00:00:05.951 : uset g_cam_auto_center_delay ""0.0""
00:00:05.951 : uset g_cam_steering_reverse ""1""
00:00:05.951 : uset g_cam_steering_value ""1.0""
00:00:05.951 : uset g_cam_steering ""0""
00:00:05.951 : uset g_pedal_clutch_range ""1.0""
00:00:05.951 : uset g_brake_intensity ""1.0""
00:00:05.951 : uset g_steer_anim_range ""900""
00:00:05.951 : uset g_steer_autocenter ""1""
00:00:05.951 : uset g_clutch_brake ""0.0""
00:00:05.951 : uset g_hshifter_synchronized ""1""
00:00:05.951 : uset g_hshifter_split ""3""
00:00:05.951 : uset g_hshifter_layout_shifting ""1""
00:00:05.951 : uset g_hshifter_layout ""splitter""
00:00:05.951 : uset g_trans ""0""
00:00:05.951 : uset g_baked_vehicle ""1""
00:00:05.951 : uset g_force_economy_reset ""0""
00:00:05.951 : uset g_input_configured ""0""
00:00:05.951 : uset s_reverb_world ""1""
00:00:05.952 : uset s_reverb_cabin ""1""
00:00:05.952 : uset s_noise_aero ""1""
00:00:05.952 : uset s_noise_windows ""1""
00:00:05.952 : uset s_rumble_enabled ""1""
00:00:05.952 : uset s_reverse_enabled ""1""
00:00:05.952 : uset s_cb_radio_beep_type ""roger01""
00:00:05.952 : uset s_cb_radio_beep_own ""0""
00:00:05.952 : uset s_cb_radio_beep_enabled ""1""
00:00:05.952 : uset s_cb_radio_noise_enabled ""1""
00:00:05.952 : uset g_show_returning_player_prompt ""1""
00:00:05.952 : uset g_last_played_hours ""496448""
00:00:05.952 : uset g_show_tutorial_hints ""1""
00:00:05.952 : uset g_mp_name_tags ""1""
00:00:05.952 : uset g_chat_fade_out_timer ""5""
00:00:05.952 : uset g_chat_partial_fade_out ""0""
00:00:05.952 : uset g_chat_activate ""1""
00:00:05.952 : uset g_chat_close_automatic ""0""
00:00:05.952 : uset g_disable_beacons ""0""
00:00:05.952 : uset g_show_game_blockers ""1""
00:00:05.952 : uset g_show_game_elements ""1""
00:00:05.952 : uset g_hmd_no_3d_background ""0""
00:00:05.952 : uset g_hmd_no_special_menu ""0""
00:00:05.952 : uset g_hmd_reduced_cabin_movement ""1""
00:00:05.952 : uset g_hmd_no_artifical_movement ""0""
00:00:05.952 : uset g_eye_pause_gaze ""3000""
00:00:05.952 : uset g_eye_pause ""0""
00:00:05.952 : uset g_cam_blinker ""0""
00:00:05.952 : uset g_camera_horizon_lock ""0.5""
00:00:05.952 : uset g_cam_physics_value ""1.0""
00:00:05.952 : uset g_cam_physics ""1""
00:00:05.952 : uset g_blind_spot ""1""
00:00:05.952 : uset g_throttle_double_tap ""1""
00:00:05.952 : uset g_lane_assistant ""2""
00:00:05.952 : uset g_emergency_brake_mode ""1""
00:00:05.952 : uset g_emergency_brake ""0""
00:00:05.952 : uset g_acc ""40""
00:00:05.952 : uset g_auto_diff_lock ""1""
00:00:05.952 : uset g_automatic_high_beams ""1""
00:00:05.952 : uset g_automatic_headlights ""1""
00:00:05.952 : uset g_blinker_auto_off ""1""
00:00:05.952 : uset g_cruise_control_smart ""10""
00:00:05.952 : uset g_cruise_control_grid ""5.0""
00:00:05.952 : uset g_adaptive_shift ""0.0""
00:00:05.952 : uset g_fuel_simulation ""1""
00:00:05.952 : uset g_hardcore_simulation ""0""
00:00:05.952 : uset g_reg_setting ""reg_setting.usa""
00:00:05.952 : uset g_brake_light_all ""0""
00:00:05.952 : uset g_use_speed_limiter ""0""
00:00:05.952 : uset g_hud_speed_warning ""0""
00:00:05.952 : uset g_hud_speed_limit ""1""
00:00:05.952 : uset g_axle_drop_auto ""1""
00:00:05.952 : uset g_engine_start_auto ""1""
00:00:05.952 : uset g_hill_brake_assist ""1""
00:00:05.952 : uset g_motor_brake_auto ""1""
00:00:05.952 : uset g_retarder_auto ""1""
00:00:05.952 : uset g_cabin_suspension_stiffness ""0.82""
00:00:05.952 : uset g_suspension_stiffness ""0.85""
00:00:05.952 : uset g_trailer_stability ""0.395""
00:00:05.952 : uset g_driveshaft_torque ""1""
00:00:05.952 : uset g_truck_stability ""0.45""
00:00:05.952 : uset g_mpg ""0""
00:00:05.952 : uset g_gallon ""1""
00:00:05.952 : uset g_psi ""1""
00:00:05.952 : uset g_fahrenheit ""1""
00:00:05.952 : uset g_pounds ""lb_only""
00:00:05.952 : uset g_mph ""1""
00:00:05.952 : uset g_road_events ""1.0""
00:00:05.953 : uset g_detours ""1.0""
00:00:05.953 : uset g_online_billboards ""1""
00:00:05.953 : uset g_name_localization_secondary ""0""
00:00:05.953 : uset g_name_localization ""1""
00:00:05.953 : uset g_lang_set ""1""
00:00:05.953 : uset g_lang ""en_us""
00:00:05.953 : uset g_cutscenes ""1""
00:00:05.953 : uset g_phys_mirrors ""0""
00:00:05.953 : uset g_world_map_zoom ""4""
00:00:05.953 : uset g_cargo_load_require_park_brake ""0""
00:00:05.953 : uset g_cargo_load_require_engine_off ""1""
00:00:05.953 : uset g_relocate_truck_and_driver_tog ""1""
00:00:05.953 : uset g_desktop_tour ""0""
00:00:05.953 : uset g_event_desktop_bcg_change ""0""
00:00:05.953 : uset g_event_desktop_bcg_restore ""config""
00:00:05.953 : uset g_last_event_desktop_bcg_change ""0""
00:00:05.953 : uset g_show_always_wotr_event ""0""
00:00:05.953 : uset g_last_wotr_event_start ""0""
00:00:05.953 : uset g_multiplayer_backup_index ""-1""
00:00:05.953 : uset g_autoload_ignore_autosave ""0""
00:00:05.953 : uset g_start_in_truck ""0""
00:00:05.953 : uset g_park_brake_init ""0""
00:00:05.953 : uset g_trailer_advanced_coupling ""0""
00:00:05.953 : uset g_parking_difficulty ""0""
00:00:05.953 : uset g_simple_parking_doubles ""1""
00:00:05.953 : uset g_speed_warning ""0""
00:00:05.953 : uset g_voice_navigation_pack """"
00:00:05.953 : uset g_voice_navigation ""0""
00:00:05.953 : uset g_job_distance ""1.0""
00:00:05.953 : uset g_job_distance_limit ""-1.0""
00:00:05.953 : uset g_income_factor ""1.0""
00:00:05.953 : uset g_currency ""0""
00:00:05.953 : uset g_bad_weather_factor ""0.07""
00:00:05.953 : uset g_truck_analysis_fold ""0""
00:00:05.953 : uset g_desktop_rnd ""1""
00:00:05.953 : uset g_desktop_bcg ""config.waves""
00:00:05.953 : uset g_ui_map_align ""1""
00:00:05.953 : uset g_gps_routing_mode ""0""
00:00:05.953 : uset g_gps_navigation ""3""
00:00:05.953 : uset g_heavy_cargo_popup ""1""
00:00:05.953 : uset g_hud_notifications_keep_hidden ""0""
00:00:05.953 : uset g_mirrors_keep_hidden ""0""
00:00:05.953 : uset g_mirrors_visibility_setup ""10""
00:00:05.953 : uset g_mirrors ""2""
00:00:05.953 : uset g_adviser_eta ""1""
00:00:05.953 : uset g_adviser_radio_widget_visibili ""3""
00:00:05.953 : uset g_adviser_running_message ""1""
00:00:05.953 : uset g_adviser_auto_parking ""1""
00:00:05.953 : uset g_adviser_keep_hidden ""0""
00:00:05.953 : uset g_adviser_alpha ""0.8""
00:00:05.953 : uset g_adviser ""-1""
00:00:05.953 : uset g_desktop_tutorial ""1""
00:00:05.953 : uset g_mandatory_break ""1""
00:00:05.953 : uset g_fatigue ""1""
00:00:05.953 : uset g_time_zones ""0""
00:00:05.953 : uset g_police ""1""
00:00:05.953 : uset g_subtitles ""0""
00:00:05.953 : uset g_clock_24 ""0""
00:00:05.954 : [GET FILES] File /home/steam_profiles/6672616E6B2E646967676133/ffb_lut.sii does not exist.
00:00:05.990 : [GET FILES] File /steam/profiles/6672616E6B2E646967676133/quick_replies.sii does not exist.
00:00:06.052 : [THINT] Reset progress of all hints
00:00:06.052 : [THINT] Loading tutorial hint save data...
00:00:06.054 : [THINT] Tutorial hint save data loaded successfully
00:00:06.054 : Set profile finished: 'frank.digga3'
00:00:06.054 : Profile type: PC_steam_cloud
00:00:06.143 : New profile selected: 'frank.digga3'
00:00:10.070 : [hashfs] 1.6X.X_Kenworth_T680_2022_JG.scs: Created, 1610 entries
00:00:10.072 : [zipfs] 24in_wheelpack.scs: Created, 2024 entries
00:00:10.073 : [zipfs] 30in_wheelpack_v2.scs: Created, 902 entries
00:00:10.074 : [zipfs] 3XX PNW Truck and Trailer V3.7.scs: Created, 1585 entries
00:00:10.077 : [hashfs] ai_traffic_pack_by_Jazzycat_v16.6.7_ats.scs: Created, 12259 entries
00:00:10.078 : [zipfs] alka kenworth w990 custom.1.60.x_key and open def.scs: Created, 692 entries
00:00:10.078 : <ERROR> [mods] Cannot find '/description.txt' description file for mod 'alka kenworth w990 custom.1.60.x_key and open def'.
00:00:10.078 : [hashfs] alka kenworth w990.custom.1.60.scs: Created, 9604 entries
00:00:10.078 : <ERROR> [mods] Cannot find '/description.txt' description file for mod 'alka kenworth w990.custom.1.60'.
00:00:10.108 : [zipfs] ATS Exp Cargo Addon 090826 PE.scs: Created, 61370 entries
00:00:10.108 : <WARNING> [mods] No display_name defined in ATS Exp Cargo Addon 090826 PE. Using package name instead.
00:00:10.108 : [hashfs] ATS_1.60_TRAILER_ASPEN_OILFIELD_HIGHBOY_v1.0_LITE_by_CyrusTheVirus.scs: Created, 979 entries
00:00:10.109 : [hashfs] ATS_1.60_TRAILER_GREAT_DANE_COLLECTION_v4.0_LITE_by_CyrusTheVirus.scs: Created, 5305 entries
00:00:10.111 : [hashfs] ATS_1.60_TRAILER_TRANSCRAFT_TRAILERS_COLLECTION_v2.0_LITE_by_CyrusTheVirus.scs.scs: Created, 3726 entries
00:00:10.112 : [hashfs] ATS_1.61_TRAILER_ARCTIC_LOGS_TRAILERS_v9.0_LITE_by_CyrusTheVirus.scs: Created, 1378 entries
00:00:10.124 : [zipfs] ATS_Expansion_v22.0_1.60.scs: Created, 21467 entries
00:00:10.134 : [zipfs] ATS_Expansion_v22.0_1.60.scs: Created, requested subdirectory: base, 21467 entries (21464 entries in requested subdirectory)
00:00:10.134 : [hashfs] benson enclosed trailer v20.11.25.scs: Created, 166 entries
00:00:10.134 : <WARNING> [mods] No display_name defined in benson enclosed trailer v20.11.25. Using package name instead.
00:00:10.135 : [hashfs] BladeShop_LTL_9000_ATS_1.60.scs: Created, 6993 entries
00:00:10.157 : [zipfs] Coast_to_Coast_v2.23.60.0.scs: Created, 46865 entries
00:00:10.158 : [zipfs] CT_Bullrack.scs: Created, 1557 entries
00:00:10.159 : [zipfs] Custom Skin Pack Kenworth W990.scs: Created, 35 entries
00:00:10.162 : [hashfs] DLC Wrecker.scs: Created, 202918 entries
00:00:10.163 : [zipfs] DNA_C2C_ATS_Exp_Connections_v1.4.0.1.scs: Created, 178 entries
00:00:10.175 : [zipfs] DNA_v1.7.8.scs: Created, 26015 entries
00:00:10.179 : [hashfs] Engine Sounds.scs: Created, 196742 entries
00:00:10.180 : [zipfs] flatline_lights_renenate.scs: Created, 716 entries
00:00:10.186 : [zipfs] Freightliner Cascadia Enhanced v1.5.5.2.scs: Created, 9407 entries
00:00:10.193 : [zipfs] Freightliner_FLB_Renenate.scs: Created, 15953 entries
00:00:10.194 : <WARNING> [mods] No display_name defined in Freightliner_FLB_Renenate. Using package name instead.
00:00:10.197 : [zipfs] Freightliner_FLC_Renenate.scs: Created, 5983 entries
00:00:10.200 : [hashfs] Freightshaker Cascadia 125 ATS.scs: Created, 209892 entries
00:00:10.201 : [zipfs] Freightshaker Cascadia 125 DLC Steering Wheels Compatibility.scs: Created, 62 entries
00:00:10.202 : [zipfs] Freightshaker Cascadia 125 DLC Toys Compatibility.scs: Created, 266 entries
00:00:10.204 : [zipfs] Freightshaker Cascadia 125 Open Definition.scs: Created, 3019 entries
00:00:10.207 : [hashfs] Freightshaker Cascadia 125 Personal KEY.scs: Created, 196620 entries
00:00:10.208 : [zipfs] Freightshaker Cascadia 125 Realistic Headlights.scs: Created, 10 entries
00:00:10.209 : [zipfs] Freightshaker Cascadia 125 SISL Pack Compatibility.scs: Created, 902 entries
00:00:10.212 : [hashfs] Freightshaker Classic XL ATS.scs: Created, 209744 entries
00:00:10.213 : [zipfs] Freightshaker Classic XL DLC Steering Wheels Compatibility.scs: Created, 62 entries
00:00:10.213 : [zipfs] Freightshaker Classic XL DLC Toys Compatibility.scs: Created, 267 entries
00:00:10.216 : [hashfs] Freightshaker Classic XL Personal KEY.scs: Created, 196665 entries
00:00:10.217 : [zipfs] Freightshaker Classic XL Realistic Headlights.scs: Created, 10 entries
00:00:10.218 : [zipfs] Freightshaker Classic XL SISL Pack Compatibility.scs: Created, 943 entries
00:00:10.219 : [zipfs] Freightshaker Coronado SD DLC Steering Wheels Compatibility.scs: Created, 62 entries
00:00:10.220 : [zipfs] Freightshaker Coronado SD DLC Toys Compatibility.scs: Created, 270 entries
00:00:10.222 : [zipfs] Freightshaker Coronado SD Open Definition.scs: Created, 4012 entries
00:00:10.225 : [hashfs] Freightshaker Coronado SD Personal KEY.scs: Created, 196690 entries
00:00:10.227 : [zipfs] Freightshaker Coronado SD SISL Pack Compatibity.scs: Created, 920 entries
00:00:10.230 : [hashfs] Freightshaker Coronado SD.scs: Created, 210480 entries
00:00:10.230 : [hashfs] gmc sierrra hd 2024 by dn v17.2.26.scs: Created, 1817 entries
00:00:10.231 : <WARNING> [mods] No display_name defined in gmc sierrra hd 2024 by dn v17.2.26. Using package name instead.
00:00:10.231 : [zipfs] Gulf Oil combo.scs: Created, 31 entries
00:00:10.232 : [zipfs] Hater_Brighter_Headlights.scs: Created, 12 entries
00:00:10.232 : [zipfs] Haterbilt_Chrome_Darker.scs: Created, 18 entries
00:00:10.233 : [zipfs] Haterbilt_Chrome_New_Shine.scs: Created, 14 entries
00:00:10.234 : [zipfs] Haterbilt_ETS2_Cabin_Patch.scs: Created, 854 entries
00:00:10.234 : [zipfs] Haterbilt_Ol-Skool_Skinpack.scs: Created, 63 entries
00:00:10.235 : [zipfs] Haterbilt_Open_Def.scs: Created, 42 entries
00:00:10.247 : [zipfs] Haterbilt_v4.9.1_389viper2_ATS_ETS2_by_Hatreyu_Gaming.scs: Created, 20575 entries
00:00:10.247 : [zipfs] HICKLYFES_HATERBILT_PINUPS_SKINPACK.scs: Created, 63 entries
00:00:10.248 : [zipfs] HwyKillerCCpaint.scs: Created, 11 entries
00:00:10.249 : [zipfs] Jaspers.Dashboard_color_custom.scs: Created, 9 entries
00:00:10.250 : [zipfs] Jaspers.DEF_SISLs_Megapack.scs: Created, 904 entries
00:00:10.250 : [zipfs] Jaspers.DEF_Steering_Creations_Pack.scs: Created, 62 entries
00:00:10.251 : [hashfs] Jaspers.Kenworth_w900_series_v1.scs: Created, 7853 entries
00:00:10.251 : [hashfs] Jaspers.lightpack_v.05_100_brightness.scs: Created, 850 entries
00:00:10.252 : [zipfs] Jaspers.lowered_chassis.Kenworth_w900.scs: Created, 18 entries
00:00:10.254 : [zipfs] Jaspers.Real_Eaton_Fuller_Transmissions_CAST_Addon.scs: Created, 1748 entries
00:00:10.254 : [hashfs] Jaspers.Steering_wheels_v.0.4.scs: Created, 124 entries
00:00:10.255 : [hashfs] JonRuda-389-Lowered-Suspension.scs: Created, 21 entries
00:00:10.256 : [zipfs] K100 addons ratr0dev.scs: Created, 297 entries
00:00:10.256 : <WARNING> [mods] No valid categories defined for K100 addons ratr0dev. Setting defaults.
00:00:10.256 : <WARNING> [mods] No display_name defined in K100 addons ratr0dev. Using package name instead.
00:00:10.256 : [hashfs] KSW_LightsPack.scs: Created, 5037 entries
00:00:10.256 : <WARNING> [mods] Unknown category 'lights' defined for KSW_LightsPack. Ignoring.
00:00:10.256 : <WARNING> [mods] No valid categories defined for KSW_LightsPack. Setting defaults.
00:00:10.257 : [zipfs] KW W900 Highway Killer DLC Steering Wheels Compatibility.scs: Created, 62 entries
00:00:10.257 : [zipfs] KW W900 Highway Killer DLC Toys Compatibility.scs: Created, 286 entries
00:00:10.258 : [zipfs] KW W900 Highway Killer Realistic Headlights.scs: Created, 10 entries
00:00:10.259 : [zipfs] KW W900 Highway Killer SISL Pack Compatibility.scs: Created, 1018 entries
00:00:10.262 : [hashfs] KW W900 Highway Killer.scs: Created, 215492 entries
00:00:10.267 : [zipfs] KW220.scs: Created, 7166 entries
00:00:10.268 : [hashfs] LED_Mega_Pack_All_Trucks_Hatreyu_Gaming_v1.8.4.scs: Created, 3606 entries
00:00:10.268 : [zipfs] LED_Mega_Pack_Beacon_Patch.scs: Created, 14 entries
00:00:10.269 : [zipfs] LED_Mega_Pack_Old_Flares.scs: Created, 7 entries
00:00:10.269 : [zipfs] LED_Mega_Pack_Open_Def.scs: Created, 71 entries
00:00:10.270 : [zipfs] Lord G350 DLC Toys Compatibility.scs: Created, 210 entries
00:00:10.271 : [zipfs] Lord G350 SISL Pack Compatibility.scs: Created, 809 entries
00:00:10.274 : [hashfs] Lord G350.scs: Created, 201348 entries
00:00:10.275 : [zipfs] lowpro_tires_rd.scs: Created, 355 entries
00:00:10.278 : [zipfs] Modified_Peterbilt_389_144.scs: Created, 5127 entries
00:00:10.278 : <WARNING> [mods] No display_name defined in Modified_Peterbilt_389_144. Using package name instead.
00:00:10.279 : [zipfs] More American Cities (Colorado - v1.7).scs: Created, 301 entries
00:00:10.279 : [zipfs] More American Cities (Idaho - v1.7).scs: Created, 235 entries
00:00:10.280 : [zipfs] More American Cities (Nevada - v1.3).scs: Created, 161 entries
00:00:10.281 : [zipfs] More American Cities (Oklahoma - v1.6).scs: Created, 238 entries
00:00:10.281 : [zipfs] More American Cities (Oregon - v1.1).scs: Created, 283 entries
00:00:10.282 : [zipfs] More American Cities (Texas - v1.4).scs: Created, 764 entries
00:00:10.283 : [zipfs] More American Cities (Utah - v1.3).scs: Created, 223 entries
00:00:10.284 : [zipfs] More American Cities (v1.0).scs: Created, 2603 entries
00:00:10.285 : [zipfs] More American Cities (Washington - v1.5).scs: Created, 233 entries
00:00:10.286 : [zipfs] MrBadMae's RGB Headlights.scs: Created, 1103 entries
00:00:10.286 : <WARNING> [mods] No display_name defined in MrBadMae's RGB Headlights. Using package name instead.
00:00:10.287 : [zipfs] Night Moves Ruda Peterbilt 389 Flat Top.scs: Created, 35 entries
00:00:10.288 : [hashfs] overweight_trailers_and_cargo_pack_by_Jazzycat_v6.2.1_ats.scs: Created, 7698 entries
00:00:10.289 : [zipfs] Pearl Paint.scs: Created, 197 entries
00:00:10.289 : [zipfs] Pete 362 Cabover DLC Steering Wheels Compatibility.scs: Created, 62 entries
00:00:10.290 : [zipfs] Pete 362 Cabover DLC Toys Compatibility.scs: Created, 281 entries
00:00:10.293 : [hashfs] Pete 362 Cabover Personal KEY.scs: Created, 196884 entries
00:00:10.294 : [zipfs] Pete 362 Cabover Realistic Headlights.scs: Created, 10 entries
00:00:10.295 : [zipfs] Pete 362 Cabover SISL Pack Compatibility.scs: Created, 1008 entries
00:00:10.298 : [hashfs] Pete 362 Cabover.scs: Created, 206598 entries
00:00:10.298 : [zipfs] Pete 579 DLC Steering Wheels Compatibility.scs: Created, 62 entries
00:00:10.299 : [zipfs] Pete 579 DLC Toys Compatibility.scs: Created, 261 entries
00:00:10.301 : [zipfs] Pete 579 Open Definition.scs: Created, 1660 entries
00:00:10.304 : [hashfs] Pete 579 Personal KEY.scs: Created, 196659 entries
00:00:10.305 : [zipfs] Pete 579 SISL Pack Compatibility.scs: Created, 917 entries
00:00:10.308 : [hashfs] Pete 579.scs: Created, 203872 entries
00:00:10.308 : [zipfs] peterbilt.389xx.scs: Created, 239 entries
00:00:10.312 : [zipfs] Peterbilt_389_MF_f489a.scs: Created, 5635 entries
00:00:10.312 : <WARNING> [mods] No display_name defined in Peterbilt_389_MF_f489a. Using package name instead.
00:00:10.315 : [hashfs] Pickup Trailers.scs: Created, 207791 entries
00:00:10.316 : [hashfs] pickups wheel pack by DN v18.11.25.scs: Created, 540 entries
00:00:10.316 : <WARNING> [mods] Unknown category 'wheel' defined for pickups wheel pack by DN v18.11.25. Ignoring.
00:00:10.316 : <WARNING> [mods] No valid categories defined for pickups wheel pack by DN v18.11.25. Setting defaults.
00:00:10.316 : <WARNING> [mods] No display_name defined in pickups wheel pack by DN v18.11.25. Using package name instead.
00:00:10.316 : [hashfs] Pinga_389_v2.1.scs: Created, 16293 entries
00:00:10.317 : [hashfs] Pizzster_Modding_389_ATS_1.60.scs: Created, 5957 entries
00:00:10.317 : [zipfs] Pizzster_Modding_389_KEY.scs: Created, 8 entries
00:00:10.318 : [hashfs] Pizzster_Modding_389_SKIN_PACK.scs: Created, 259 entries
00:00:10.318 : [hashfs] Pizzster_Modding_389_Skinable_Logos_v2.scs: Created, 160 entries
00:00:10.319 : [hashfs] pj dump 16 feet by DN 18.11.25.scs: Created, 441 entries
00:00:10.319 : <WARNING> [mods] No display_name defined in pj dump 16 feet by DN 18.11.25. Using package name instead.
00:00:10.319 : [hashfs] Pj gooseneck trailer DN v18.11.25.scs: Created, 3641 entries
00:00:10.319 : <WARNING> [mods] Unknown category 'trucka' defined for Pj gooseneck trailer DN v18.11.25. Ignoring.
00:00:10.319 : <WARNING> [mods] No valid categories defined for Pj gooseneck trailer DN v18.11.25. Setting defaults.
00:00:10.319 : <WARNING> [mods] No display_name defined in Pj gooseneck trailer DN v18.11.25. Using package name instead.
00:00:10.320 : [hashfs] PM_Kenworth_W900_v2.2.scs: Created, 5902 entries
00:00:10.320 : [hashfs] pm_light_pack.scs: Created, 144 entries
00:00:10.322 : [zipfs] project3xx_146.scs: Created, 3379 entries
00:00:10.324 : [zipfs] RD_Moving_Ownable.scs: Created, 1590 entries
00:00:10.325 : [zipfs] realistic_rain_reflections_standalone_v1_2.scs: Created, 1069 entries
00:00:10.325 : [hashfs] Reboque_Big_Tex_V2_ATS_1.60_Jean_Rittono_BQ.scs: Created, 1827 entries
00:00:10.326 : [hashfs] Reforma_2_9_9_160.scs: Created, 4988 entries
00:00:10.326 : [hashfs] Reforma_Baja_Beta_4_4_160.scs: Created, 195 entries
00:00:10.327 : [hashfs] Reforma_Coahuila_Beta_2_9_160.scs: Created, 137 entries
00:00:10.332 : [hashfs] Reforma_MegaResources_v2_9_9_160.scs: Created, 27145 entries
00:00:10.333 : [hashfs] Reforma_Noreste_Beta_6_10_160.scs: Created, 63 entries
00:00:10.333 : [hashfs] Reforma_OtherMaps_Patch_37_160.scs: Created, 407 entries
00:00:10.333 : [hashfs] Reforma_Pacifico_Beta_5_3_160.scs: Created, 46 entries
00:00:10.334 : [hashfs] Reforma_ProMods_background_FIX_27_160.scs: Created, 24 entries
00:00:10.334 : [hashfs] Reforma_Sierra_Nevada_Remake_v1_16_160.scs: Created, 704 entries
00:00:10.335 : [zipfs] SCS_Company_Skins_for_Ruda_Trucks_and_Trailers.scs: Created, 263 entries
00:00:10.336 : [zipfs] C:/Users/len_f/OneDrive/Documents/American Truck Simulator/mod/Swc_Modding_Lights_Pack_0.2.6.scs: AEM       Ҳ PK
00:00:10.336 : [zipfs] Swc_Modding_Lights_Pack_0.2.6.scs: Created, 1217 entries
00:00:10.338 : [zipfs] The Godfather's Kenworth T Series Trucks Skins Pack.scs: Created, 3905 entries
00:00:10.338 : [hashfs] Tomb_Landoll_440_455B.scs: Created, 1358 entries
00:00:10.339 : [zipfs] Tomb_Lode_King_Cargo_Def.scs: Created, 33 entries
00:00:10.340 : [zipfs] Tomb_Lode_King_Open_Def.scs: Created, 58 entries
00:00:10.340 : [hashfs] Tomb_Lode_King_stepdeck.scs: Created, 1722 entries
00:00:10.343 : [hashfs] Trailer Pack Flatbed.scs: Created, 204376 entries
00:00:10.346 : [hashfs] Trailer Pack Hopper Bottom.scs: Created, 199484 entries
00:00:10.350 : [hashfs] Trailer Pack Livestock.scs: Created, 197541 entries
00:00:10.354 : [hashfs] Trailer Pack LowBoy.scs: Created, 201807 entries
00:00:10.357 : [hashfs] Trailer Pack Refrigerators.scs: Created, 203324 entries
00:00:10.360 : [hashfs] Trailer Pack Tanker.scs: Created, 198181 entries
00:00:10.364 : [hashfs] Trucks&Trailers Flares.scs: Created, 199112 entries
00:00:10.368 : [hashfs] Trucks&Trailers Wheels.scs: Created, 198286 entries
00:00:10.371 : [zipfs] Updated SCS In Game Company Trucks & Trailers.scs: Created, 2977 entries
00:00:10.371 : <WARNING> [mods] No display_name defined in Updated SCS In Game Company Trucks & Trailers. Using package name instead.
00:00:10.372 : [hashfs] Utility 3000R MX Sugoi Modding v1.1.scs: Created, 1587 entries
00:00:10.372 : [hashfs] Utility 3000R MX Sugoi Modding_SKIN.scs: Created, 326 entries
00:00:10.372 : <WARNING> [mods] No display_name defined in Utility 3000R MX Sugoi Modding_SKIN. Using package name instead.
00:00:10.373 : [zipfs] ms2_content.zip: Created, 17 entries
00:00:10.373 : [fs] device C:/SteamLibrary/steamapps/workshop/content/270880/3611587874/ms2_content.zip mounted to mod pool.
00:00:10.373 : [zipfs] ms2_content.zip: Unmounted
00:00:10.373 : [fs] device C:/SteamLibrary/steamapps/workshop/content/270880/3586729407/universal mounted to mod pool.
00:00:10.375 : [zipfs] universal.zip: Created, 106 entries
00:00:10.375 : [fs] device C:/SteamLibrary/steamapps/workshop/content/270880/2978655703/universal.zip mounted to mod pool.
00:00:10.375 : [zipfs] universal.zip: Unmounted
00:00:10.375 : [fs] device C:/SteamLibrary/steamapps/workshop/content/270880/2032768269/379x_140 mounted to mod pool.
00:00:10.383 : [zipfs] ms2_content.zip: Created, 99 entries
00:00:10.383 : [fs] device C:/SteamLibrary/steamapps/workshop/content/270880/3154805845/ms2_content.zip mounted to mod pool.
00:00:10.383 : [zipfs] ms2_content.zip: Unmounted
00:00:10.383 : [fs] device C:/SteamLibrary/steamapps/workshop/content/270880/2759531818/universal mounted to mod pool.
00:00:10.384 : [zipfs] ms2_content.zip: Created, 19 entries
00:00:10.384 : [fs] device C:/SteamLibrary/steamapps/workshop/content/270880/3275236668/ms2_content.zip mounted to mod pool.
00:00:10.384 : [zipfs] ms2_content.zip: Unmounted
00:00:10.384 : [hashfs] rvm_g56.scs: Created, 26 entries
00:00:10.384 : [fs] device C:/SteamLibrary/steamapps/workshop/content/270880/3431683644/rvm_g56.scs mounted to mod pool.
00:00:10.384 : [hashfs] rvm_g56.scs: Unmounted.
00:00:10.385 : [zipfs] heaven.zip: Created, 23 entries
00:00:10.385 : [fs] device C:/SteamLibrary/steamapps/workshop/content/270880/3042946388/heaven.zip mounted to mod pool.
00:00:10.385 : [zipfs] heaven.zip: Unmounted
00:00:10.385 : [fs] device C:/SteamLibrary/steamapps/workshop/content/270880/2799805078/universal mounted to mod pool.
00:00:10.386 : [fs] device C:/SteamLibrary/steamapps/workshop/content/270880/3415531506/universal mounted to mod pool.
00:00:10.387 : [zipfs] ms2_content.zip: Created, 47 entries
00:00:10.387 : [fs] device C:/SteamLibrary/steamapps/workshop/content/270880/3722451036/ms2_content.zip mounted to mod pool.
00:00:10.387 : [zipfs] ms2_content.zip: Unmounted
00:00:10.388 : [zipfs] universal.zip: Created, 46 entries
00:00:10.389 : [fs] device C:/SteamLibrary/steamapps/workshop/content/270880/3017782381/universal.zip mounted to mod pool.
00:00:10.389 : [zipfs] universal.zip: Unmounted
00:00:10.543 : [zipfs] aiopack.zip: Created, 10759 entries
00:00:10.544 : [fs] device C:/SteamLibrary/steamapps/workshop/content/270880/2915996022/aiopack.zip mounted to mod pool.
00:00:10.544 : [zipfs] aiopack.zip: Unmounted
00:00:10.545 : [zipfs] universal.zip: Created, 21 entries
00:00:10.545 : [fs] device C:/SteamLibrary/steamapps/workshop/content/270880/1884840084/universal.zip mounted to mod pool.
00:00:10.545 : [zipfs] universal.zip: Unmounted
00:00:10.545 : [fs] device C:/SteamLibrary/steamapps/workshop/content/270880/3047617915/drivers mounted to mod pool.
00:00:10.546 : [fs] device C:/SteamLibrary/steamapps/workshop/content/270880/1710048753/universal mounted to mod pool.
00:00:10.546 : [fs] device C:/SteamLibrary/steamapps/workshop/content/270880/2675896683/universal mounted to mod pool.
00:00:10.547 : [zipfs] universal.zip: Created, 23 entries
00:00:10.547 : [fs] device C:/SteamLibrary/steamapps/workshop/content/270880/2852327550/universal.zip mounted to mod pool.
00:00:10.547 : [zipfs] universal.zip: Unmounted
00:00:10.547 : [fs] device C:/SteamLibrary/steamapps/workshop/content/270880/916489351/universal mounted to mod pool.
00:00:10.548 : [fs] device C:/SteamLibrary/steamapps/workshop/content/270880/1605538434/universal mounted to mod pool.
00:00:10.548 : [fs] device C:/SteamLibrary/steamapps/workshop/content/270880/3602945760/universal mounted to mod pool.
00:00:10.549 : [zipfs] universal.zip: Created, 23 entries
00:00:10.549 : [fs] device C:/SteamLibrary/steamapps/workshop/content/270880/2872370959/universal.zip mounted to mod pool.
00:00:10.549 : [zipfs] universal.zip: Unmounted
00:00:10.549 : [zipfs] universal.zip: Created, 23 entries
00:00:10.550 : [fs] device C:/SteamLibrary/steamapps/workshop/content/270880/2779026298/universal.zip mounted to mod pool.
00:00:10.550 : [zipfs] universal.zip: Unmounted
00:00:10.550 : [fs] device C:/SteamLibrary/steamapps/workshop/content/270880/2646695960/latest mounted to mod pool.
00:00:10.553 : [zipfs] obel_bore_led_v19.zip: Created, 245 entries
00:00:10.553 : [fs] device C:/SteamLibrary/steamapps/workshop/content/270880/1317972379/obel_bore_led_v19.zip mounted to mod pool.
00:00:10.553 : [zipfs] obel_bore_led_v19.zip: Unmounted
00:00:10.554 : [fs] device C:/SteamLibrary/steamapps/workshop/content/270880/2776975757/ms2_content mounted to mod pool.
00:00:10.554 : [zipfs] universal.zip: Created, 31 entries
00:00:10.554 : [fs] device C:/SteamLibrary/steamapps/workshop/content/270880/3350295758/universal.zip mounted to mod pool.
00:00:10.554 : [zipfs] universal.zip: Unmounted
00:00:10.555 : [fs] device C:/SteamLibrary/steamapps/workshop/content/270880/3006377097/universal mounted to mod pool.
00:00:10.555 : [zipfs] candy.zip: Created, 31 entries
00:00:10.555 : [fs] device C:/SteamLibrary/steamapps/workshop/content/270880/3021999701/candy.zip mounted to mod pool.
00:00:10.555 : [zipfs] candy.zip: Unmounted
00:00:10.557 : [zipfs] universal.zip: Created, 43 entries
00:00:10.557 : [fs] device C:/SteamLibrary/steamapps/workshop/content/270880/3576476105/universal.zip mounted to mod pool.
00:00:10.557 : [zipfs] universal.zip: Unmounted
00:00:10.557 : [fs] device C:/SteamLibrary/steamapps/workshop/content/270880/941760365/universal mounted to mod pool.
00:00:10.558 : [fs] device C:/SteamLibrary/steamapps/workshop/content/270880/3175916835/universal mounted to mod pool.
00:00:10.558 : [fs] device C:/SteamLibrary/steamapps/workshop/content/270880/2500854625/universal mounted to mod pool.
00:00:10.558 : [fs] device C:/SteamLibrary/steamapps/workshop/content/270880/3355438236/universal mounted to mod pool.
00:00:10.558 : [fs] device C:/SteamLibrary/steamapps/workshop/content/270880/3238905093/universal mounted to mod pool.
00:00:10.559 : [fs] device C:/SteamLibrary/steamapps/workshop/content/270880/3013687427/universal mounted to mod pool.
00:00:10.559 : [fs] device C:/SteamLibrary/steamapps/workshop/content/270880/2621083959/universal mounted to mod pool.
00:00:10.560 : [zipfs] universal.zip: Created, 23 entries
00:00:10.560 : [fs] device C:/SteamLibrary/steamapps/workshop/content/270880/3351136817/universal.zip mounted to mod pool.
00:00:10.560 : [zipfs] universal.zip: Unmounted
00:00:10.560 : [zipfs] creamy.zip: Created, 35 entries
00:00:10.561 : [fs] device C:/SteamLibrary/steamapps/workshop/content/270880/3016370976/creamy.zip mounted to mod pool.
00:00:10.561 : [zipfs] creamy.zip: Unmounted
00:00:10.561 : [fs] device C:/SteamLibrary/steamapps/workshop/content/270880/3025843004/universal mounted to mod pool.
00:00:10.561 : [fs] device C:/SteamLibrary/steamapps/workshop/content/270880/3528602490/universal mounted to mod pool.
00:00:10.562 : [fs] device C:/SteamLibrary/steamapps/workshop/content/270880/3264213855/universal mounted to mod pool.
00:00:10.562 : [fs] device C:/SteamLibrary/steamapps/workshop/content/270880/3109207522/universal mounted to mod pool.
00:00:10.563 : [zipfs] ms2_content.zip: Created, 35 entries
00:00:10.563 : [fs] device C:/SteamLibrary/steamapps/workshop/content/270880/3046599704/ms2_content.zip mounted to mod pool.
00:00:10.563 : [zipfs] ms2_content.zip: Unmounted
00:00:10.563 : [fs] device C:/SteamLibrary/steamapps/workshop/content/270880/1813458515/universal mounted to mod pool.
00:00:10.573 : [zipfs] ms2_content.zip: Created, 131 entries
00:00:10.573 : [fs] device C:/SteamLibrary/steamapps/workshop/content/270880/3160869858/ms2_content.zip mounted to mod pool.
00:00:10.573 : [zipfs] ms2_content.zip: Unmounted
00:00:10.573 : [fs] device C:/SteamLibrary/steamapps/workshop/content/270880/2776481212/custom005 mounted to mod pool.
00:00:10.580 : [zipfs] jp_parts_v2.zip: Created, 509 entries
00:00:10.580 : [fs] device C:/SteamLibrary/steamapps/workshop/content/270880/2376620893/jp_parts_v2.zip mounted to mod pool.
00:00:10.580 : [zipfs] jp_parts_v2.zip: Unmounted
00:00:10.580 : [fs] device C:/SteamLibrary/steamapps/workshop/content/270880/2848226289/universal mounted to mod pool.
00:00:10.583 : [zipfs] universal.zip: Created, 238 entries
00:00:10.583 : [fs] device C:/SteamLibrary/steamapps/workshop/content/270880/3415721059/universal.zip mounted to mod pool.
00:00:10.583 : [zipfs] universal.zip: Unmounted
00:00:10.585 : [zipfs] ms2_content.zip: Created, 27 entries
00:00:10.585 : [fs] device C:/SteamLibrary/steamapps/workshop/content/270880/3772653813/ms2_content.zip mounted to mod pool.
00:00:10.585 : [zipfs] ms2_content.zip: Unmounted
00:00:10.585 : [fs] device C:/SteamLibrary/steamapps/workshop/content/270880/2042307332/universal mounted to mod pool.
00:00:10.586 : [fs] device C:/SteamLibrary/steamapps/workshop/content/270880/2965630286/universal mounted to mod pool.
00:00:10.586 : [fs] device C:/SteamLibrary/steamapps/workshop/content/270880/3196785461/universal mounted to mod pool.
00:00:10.587 : [zipfs] universal.zip: Created, 33 entries
00:00:10.587 : [fs] device C:/SteamLibrary/steamapps/workshop/content/270880/2972000937/universal.zip mounted to mod pool.
00:00:10.588 : [zipfs] universal.zip: Unmounted
00:00:10.588 : [fs] device C:/SteamLibrary/steamapps/workshop/content/270880/2895812970/universal mounted to mod pool.
00:00:10.589 : [zipfs] universal.zip: Created, 33 entries
00:00:10.589 : [fs] device C:/SteamLibrary/steamapps/workshop/content/270880/2882609382/universal.zip mounted to mod pool.
00:00:10.589 : [zipfs] universal.zip: Unmounted
00:00:10.589 : [fs] device C:/SteamLibrary/steamapps/workshop/content/270880/3131927334/universal mounted to mod pool.
00:00:10.649 : [zipfs] latest.zip: Created, 4843 entries
00:00:10.650 : [fs] device C:/SteamLibrary/steamapps/workshop/content/270880/2951717330/latest.zip mounted to mod pool.
00:00:10.650 : [zipfs] latest.zip: Unmounted
00:00:10.650 : [fs] device C:/SteamLibrary/steamapps/workshop/content/270880/3544708249/universal mounted to mod pool.
00:00:10.651 : [zipfs] universal.zip: Created, 21 entries
00:00:10.651 : [fs] device C:/SteamLibrary/steamapps/workshop/content/270880/2889253962/universal.zip mounted to mod pool.
00:00:10.651 : [zipfs] universal.zip: Unmounted
00:00:10.653 : [zipfs] universal.zip: Created, 74 entries
00:00:10.653 : [fs] device C:/SteamLibrary/steamapps/workshop/content/270880/3370385763/universal.zip mounted to mod pool.
00:00:10.653 : [zipfs] universal.zip: Unmounted
00:00:10.653 : [fs] device C:/SteamLibrary/steamapps/workshop/content/270880/2478206919/universal mounted to mod pool.
00:00:10.653 : [fs] device C:/SteamLibrary/steamapps/workshop/content/270880/2676844333/universal mounted to mod pool.
00:00:10.654 : [zipfs] universal.zip: Created, 23 entries
00:00:10.654 : [fs] device C:/SteamLibrary/steamapps/workshop/content/270880/1078703905/universal.zip mounted to mod pool.
00:00:10.654 : [zipfs] universal.zip: Unmounted
00:00:10.654 : [zipfs] universal.zip: Created, 22 entries
00:00:10.654 : [fs] device C:/SteamLibrary/steamapps/workshop/content/270880/2819646077/universal.zip mounted to mod pool.
00:00:10.655 : [zipfs] universal.zip: Unmounted
00:00:10.655 : [fs] device C:/SteamLibrary/steamapps/workshop/content/270880/2883883618/universal mounted to mod pool.
00:00:10.655 : [fs] device C:/SteamLibrary/steamapps/workshop/content/270880/2791903998/whelen_legacy mounted to mod pool.
00:00:10.718 : [zipfs] 159.zip: Created, 2385 entries
00:00:10.718 : [fs] device C:/SteamLibrary/steamapps/workshop/content/270880/2113006265/159.zip mounted to mod pool.
00:00:10.718 : [zipfs] 159.zip: Unmounted
00:00:10.718 : [fs] device C:/SteamLibrary/steamapps/workshop/content/270880/2597265808/universal mounted to mod pool.
00:00:10.718 : [fs] device C:/SteamLibrary/steamapps/workshop/content/270880/3349451331/universal mounted to mod pool.
00:00:10.719 : [fs] device C:/SteamLibrary/steamapps/workshop/content/270880/3355811573/universal mounted to mod pool.
00:00:10.719 : [fs] device C:/SteamLibrary/steamapps/workshop/content/270880/1379627743/universal mounted to mod pool.
00:00:10.850 : [zipfs] 159.zip: Created, 2621 entries
00:00:10.850 : [fs] device C:/SteamLibrary/steamapps/workshop/content/270880/867643690/159.zip mounted to mod pool.
00:00:10.850 : [zipfs] 159.zip: Unmounted
00:00:10.851 : [zipfs] universal.zip: Created, 15 entries
00:00:10.851 : [fs] device C:/SteamLibrary/steamapps/workshop/content/270880/2627613002/universal.zip mounted to mod pool.
00:00:10.851 : [zipfs] universal.zip: Unmounted
00:00:10.851 : [fs] device C:/SteamLibrary/steamapps/workshop/content/270880/1114594290/universal mounted to mod pool.
00:00:10.851 : [fs] device C:/SteamLibrary/steamapps/workshop/content/270880/2875335212/universal mounted to mod pool.
00:00:10.852 : [fs] device C:/SteamLibrary/steamapps/workshop/content/270880/2846720153/universal mounted to mod pool.
00:00:10.853 : [zipfs] universal.zip: Created, 23 entries
00:00:10.853 : [fs] device C:/SteamLibrary/steamapps/workshop/content/270880/3258713525/universal.zip mounted to mod pool.
00:00:10.853 : [zipfs] universal.zip: Unmounted
00:00:10.853 : [fs] device C:/SteamLibrary/steamapps/workshop/content/270880/3620095861/latest mounted to mod pool.
00:00:10.853 : [fs] device C:/SteamLibrary/steamapps/workshop/content/270880/3459467655/universal mounted to mod pool.
00:00:10.853 : [fs] device C:/SteamLibrary/steamapps/workshop/content/270880/3416409682/universal mounted to mod pool.
00:00:10.854 : [zipfs] ms2_content.zip: Created, 51 entries
00:00:10.854 : [fs] device C:/SteamLibrary/steamapps/workshop/content/270880/3287835751/ms2_content.zip mounted to mod pool.
00:00:10.854 : [zipfs] ms2_content.zip: Unmounted
00:00:10.855 : [zipfs] universal.zip: Created, 47 entries
00:00:10.855 : [fs] device C:/SteamLibrary/steamapps/workshop/content/270880/3024373504/universal.zip mounted to mod pool.
00:00:10.855 : [zipfs] universal.zip: Unmounted
00:00:10.856 : [zipfs] universal.zip: Created, 25 entries
00:00:10.856 : [fs] device C:/SteamLibrary/steamapps/workshop/content/270880/3024376442/universal.zip mounted to mod pool.
00:00:10.856 : [zipfs] universal.zip: Unmounted
00:00:10.856 : [zipfs] universal.zip: Created, 33 entries
00:00:10.857 : [fs] device C:/SteamLibrary/steamapps/workshop/content/270880/3035411045/universal.zip mounted to mod pool.
00:00:10.857 : [zipfs] universal.zip: Unmounted
00:00:10.857 : [zipfs] universal.zip: Created, 37 entries
00:00:10.857 : [fs] device C:/SteamLibrary/steamapps/workshop/content/270880/3029838046/universal.zip mounted to mod pool.
00:00:10.857 : [zipfs] universal.zip: Unmounted
00:00:10.858 : [zipfs] universal.zip: Created, 35 entries
00:00:10.858 : [fs] device C:/SteamLibrary/steamapps/workshop/content/270880/3029837175/universal.zip mounted to mod pool.
00:00:10.858 : [zipfs] universal.zip: Unmounted
00:00:10.859 : [zipfs] universal.zip: Created, 54 entries
00:00:10.859 : [fs] device C:/SteamLibrary/steamapps/workshop/content/270880/3025669105/universal.zip mounted to mod pool.
00:00:10.859 : [zipfs] universal.zip: Unmounted
00:00:10.859 : [zipfs] ms2_content.zip: Created, 11 entries
00:00:10.859 : [fs] device C:/SteamLibrary/steamapps/workshop/content/270880/3282142427/ms2_content.zip mounted to mod pool.
00:00:10.859 : [zipfs] ms2_content.zip: Unmounted
00:00:10.860 : [hashfs] universal.scs: Created, 1138 entries
00:00:10.864 : [fs] device C:/SteamLibrary/steamapps/workshop/content/270880/3607234862/universal.scs mounted to mod pool.
00:00:10.864 : [hashfs] universal.scs: Unmounted.
00:00:10.884 : [zipfs] gtmt800139.zip: Created, 1672 entries
00:00:10.884 : [fs] device C:/SteamLibrary/steamapps/workshop/content/270880/1387205658/gtmt800139.zip mounted to mod pool.
00:00:10.884 : [zipfs] gtmt800139.zip: Unmounted
00:00:10.905 : [zipfs] gtmw900b139.zip: Created, 1548 entries
00:00:10.905 : [fs] device C:/SteamLibrary/steamapps/workshop/content/270880/1378683697/gtmw900b139.zip mounted to mod pool.
00:00:10.905 : [zipfs] gtmw900b139.zip: Unmounted
00:00:10.906 : [fs] device C:/SteamLibrary/steamapps/workshop/content/270880/3247725947/universal mounted to mod pool.
00:00:10.906 : [fs] device C:/SteamLibrary/steamapps/workshop/content/270880/2698417437/universal mounted to mod pool.
00:00:10.906 : [zipfs] ruda_579_389_digi_dash.zip: Created, 12 entries
00:00:10.906 : [fs] device C:/SteamLibrary/steamapps/workshop/content/270880/3648893619/ruda_579_389_digi_dash.zip mounted to mod pool.
00:00:10.906 : [zipfs] ruda_579_389_digi_dash.zip: Unmounted
00:00:10.910 : [zipfs] universal.zip: Created, 257 entries
00:00:10.910 : [fs] device C:/SteamLibrary/steamapps/workshop/content/270880/3152022196/universal.zip mounted to mod pool.
00:00:10.910 : [zipfs] universal.zip: Unmounted
00:00:10.912 : [zipfs] universal.zip: Created, 77 entries
00:00:10.912 : [fs] device C:/SteamLibrary/steamapps/workshop/content/270880/3163073214/universal.zip mounted to mod pool.
00:00:10.912 : [zipfs] universal.zip: Unmounted
00:00:10.914 : [zipfs] universal.zip: Created, 69 entries
00:00:10.914 : [fs] device C:/SteamLibrary/steamapps/workshop/content/270880/3229804792/universal.zip mounted to mod pool.
00:00:10.915 : [zipfs] universal.zip: Unmounted
00:00:10.939 : [zipfs] k100e.zip: Created, 569 entries
00:00:10.939 : [fs] device C:/SteamLibrary/steamapps/workshop/content/270880/2892703367/k100e.zip mounted to mod pool.
00:00:10.939 : [zipfs] k100e.zip: Unmounted
00:00:10.941 : [zipfs] universal.zip: Created, 33 entries
00:00:10.941 : [fs] device C:/SteamLibrary/steamapps/workshop/content/270880/2937402358/universal.zip mounted to mod pool.
00:00:10.941 : [zipfs] universal.zip: Unmounted
00:00:10.942 : [zipfs] universal.zip: Created, 60 entries
00:00:10.942 : [fs] device C:/SteamLibrary/steamapps/workshop/content/270880/2944261753/universal.zip mounted to mod pool.
00:00:10.942 : [zipfs] universal.zip: Unmounted
00:00:10.942 : [fs] device C:/SteamLibrary/steamapps/workshop/content/270880/1815959194/universal mounted to mod pool.
00:00:10.943 : [fs] device C:/SteamLibrary/steamapps/workshop/content/270880/3126108346/latest mounted to mod pool.
00:00:10.943 : [fs] device C:/SteamLibrary/steamapps/workshop/content/270880/3121862946/universal mounted to mod pool.
00:00:10.943 : [fs] device C:/SteamLibrary/steamapps/workshop/content/270880/3691942485/universal mounted to mod pool.
00:00:10.948 : [zipfs] t680ng.zip: Created, 447 entries
00:00:10.949 : [fs] device C:/SteamLibrary/steamapps/workshop/content/270880/3118543343/t680ng.zip mounted to mod pool.
00:00:10.949 : [zipfs] t680ng.zip: Unmounted
00:00:10.949 : [zipfs] ms2_content.zip: Created, 27 entries
00:00:10.949 : [fs] device C:/SteamLibrary/steamapps/workshop/content/270880/3460297877/ms2_content.zip mounted to mod pool.
00:00:10.949 : [zipfs] ms2_content.zip: Unmounted
00:00:10.950 : [fs] device C:/SteamLibrary/steamapps/workshop/content/270880/1810486155/w990enhance_v2029 mounted to mod pool.
00:00:10.951 : [zipfs] universal.zip: Created, 47 entries
00:00:10.951 : [fs] device C:/SteamLibrary/steamapps/workshop/content/270880/2842293318/universal.zip mounted to mod pool.
00:00:10.951 : [zipfs] universal.zip: Unmounted
00:00:10.951 : [fs] device C:/SteamLibrary/steamapps/workshop/content/270880/3707214062/universal mounted to mod pool.
00:00:10.974 : [zipfs] 159.zip: Created, 1744 entries
00:00:10.995 : [zipfs] 159.zip: Created, requested subdirectory: base, 1744 entries (1741 entries in requested subdirectory)
00:00:10.996 : [fs] device C:/SteamLibrary/steamapps/workshop/content/270880/1781104022/159.zip mounted to mod pool.
00:00:10.996 : [fs] device C:/SteamLibrary/steamapps/workshop/content/270880/1781104022/159.zip mounted to mod pool.
00:00:10.996 : [zipfs] 159.zip: Unmounted
00:00:10.996 : [zipfs] 159.zip: Unmounted
00:00:10.996 : [fs] device C:/SteamLibrary/steamapps/workshop/content/270880/2852646840/universal mounted to mod pool.
00:00:10.996 : [fs] device C:/SteamLibrary/steamapps/workshop/content/270880/2758820454/universal mounted to mod pool.
00:00:10.997 : [fs] device C:/SteamLibrary/steamapps/workshop/content/270880/815196483/universal mounted to mod pool.
00:00:10.997 : [zipfs] ms2_content.zip: Created, 23 entries
00:00:10.998 : [fs] device C:/SteamLibrary/steamapps/workshop/content/270880/3404171846/ms2_content.zip mounted to mod pool.
00:00:10.998 : [zipfs] ms2_content.zip: Unmounted
00:00:10.998 : [zipfs] ms2_content.zip: Created, 31 entries
00:00:10.998 : [fs] device C:/SteamLibrary/steamapps/workshop/content/270880/3364213960/ms2_content.zip mounted to mod pool.
00:00:10.999 : [zipfs] ms2_content.zip: Unmounted
00:00:10.999 : [zipfs] ms2_content.zip: Created, 11 entries
00:00:10.999 : [fs] device C:/SteamLibrary/steamapps/workshop/content/270880/3365705258/ms2_content.zip mounted to mod pool.
00:00:10.999 : [zipfs] ms2_content.zip: Unmounted
00:00:11.000 : [zipfs] ms2_content.zip: Created, 51 entries
00:00:11.001 : [fs] device C:/SteamLibrary/steamapps/workshop/content/270880/3257632190/ms2_content.zip mounted to mod pool.
00:00:11.001 : [zipfs] ms2_content.zip: Unmounted
00:00:11.001 : [zipfs] ms2_content.zip: Created, 11 entries
00:00:11.001 : [fs] device C:/SteamLibrary/steamapps/workshop/content/270880/3365704336/ms2_content.zip mounted to mod pool.
00:00:11.001 : [zipfs] ms2_content.zip: Unmounted
00:00:11.004 : [zipfs] ms2_content.zip: Created, 35 entries
00:00:11.005 : [fs] device C:/SteamLibrary/steamapps/workshop/content/270880/3225406120/ms2_content.zip mounted to mod pool.
00:00:11.005 : [zipfs] ms2_content.zip: Unmounted
00:00:11.005 : [zipfs] ms2_content.zip: Created, 17 entries
00:00:11.006 : [fs] device C:/SteamLibrary/steamapps/workshop/content/270880/3575151771/ms2_content.zip mounted to mod pool.
00:00:11.006 : [zipfs] ms2_content.zip: Unmounted
00:00:11.007 : [zipfs] ms2_content.zip: Created, 47 entries
00:00:11.007 : [fs] device C:/SteamLibrary/steamapps/workshop/content/270880/3347787703/ms2_content.zip mounted to mod pool.
00:00:11.007 : [zipfs] ms2_content.zip: Unmounted
00:00:11.007 : [fs] device C:/SteamLibrary/steamapps/workshop/content/270880/2678671894/universal mounted to mod pool.
00:00:11.015 : [zipfs] ms2_content.zip: Created, 525 entries
00:00:11.015 : [fs] device C:/SteamLibrary/steamapps/workshop/content/270880/3737987207/ms2_content.zip mounted to mod pool.
00:00:11.015 : [zipfs] ms2_content.zip: Unmounted
00:00:11.018 : [zipfs] ms2_content.zip: Created, 27 entries
00:00:11.018 : [fs] device C:/SteamLibrary/steamapps/workshop/content/270880/3357431661/ms2_content.zip mounted to mod pool.
00:00:11.018 : [zipfs] ms2_content.zip: Unmounted
00:00:11.018 : [fs] device C:/SteamLibrary/steamapps/workshop/content/270880/2535838716/universal mounted to mod pool.
00:00:11.019 : [fs] device C:/SteamLibrary/steamapps/workshop/content/270880/2840804285/latest mounted to mod pool.
00:00:11.019 : [fs] device C:/SteamLibrary/steamapps/workshop/content/270880/2635484358/latest mounted to mod pool.
00:00:11.020 : [zipfs] ms2_content.zip: Created, 11 entries
00:00:11.020 : [fs] device C:/SteamLibrary/steamapps/workshop/content/270880/3117543500/ms2_content.zip mounted to mod pool.
00:00:11.020 : [zipfs] ms2_content.zip: Unmounted
00:00:11.021 : [zipfs] universal.zip: Created, 23 entries
00:00:11.021 : [fs] device C:/SteamLibrary/steamapps/workshop/content/270880/2845717502/universal.zip mounted to mod pool.
00:00:11.021 : [zipfs] universal.zip: Unmounted
00:00:11.022 : [zipfs] universal.zip: Created, 23 entries
00:00:11.022 : [fs] device C:/SteamLibrary/steamapps/workshop/content/270880/2870018932/universal.zip mounted to mod pool.
00:00:11.022 : [zipfs] universal.zip: Unmounted
00:00:11.022 : [fs] device C:/SteamLibrary/steamapps/workshop/content/270880/3552373146/lb_cargo_eyt_26218 mounted to mod pool.
00:00:11.022 : [hashfs] fm_trailers_v3.scs: Created, 149 entries
00:00:11.023 : [hashfs] fm_trailers_v3.scs: Created, 149 entries
00:00:11.023 : [hashfs] fm_trailers_v3.scs: Created, 149 entries
00:00:11.023 : [fs] device C:/SteamLibrary/steamapps/workshop/content/270880/3456476547/fm_trailers_v3.scs mounted to mod pool.
00:00:11.023 : [fs] device C:/SteamLibrary/steamapps/workshop/content/270880/3456476547/fm_trailers_v3.scs mounted to mod pool.
00:00:11.023 : [fs] device C:/SteamLibrary/steamapps/workshop/content/270880/3456476547/fm_trailers_v3.scs mounted to mod pool.
00:00:11.024 : [hashfs] fm_trailers_v3.scs: Unmounted.
00:00:11.024 : [hashfs] fm_trailers_v3.scs: Unmounted.
00:00:11.024 : [hashfs] fm_trailers_v3.scs: Unmounted.
00:00:11.024 : [fs] device C:/SteamLibrary/steamapps/workshop/content/270880/3318356465/universal mounted to mod pool.
00:00:11.040 : [zipfs] mbe.zip: Created, 1079 entries
00:00:11.040 : [fs] device C:/SteamLibrary/steamapps/workshop/content/270880/3611296949/mbe.zip mounted to mod pool.
00:00:11.041 : [zipfs] mbe.zip: Unmounted
00:00:11.041 : [zipfs] universal.zip: Created, 23 entries
00:00:11.041 : [fs] device C:/SteamLibrary/steamapps/workshop/content/270880/2664958871/universal.zip mounted to mod pool.
00:00:11.041 : [zipfs] universal.zip: Unmounted
00:00:11.042 : [zipfs] universal.zip: Created, 23 entries
00:00:11.042 : [fs] device C:/SteamLibrary/steamapps/workshop/content/270880/2494913240/universal.zip mounted to mod pool.
00:00:11.042 : [zipfs] universal.zip: Unmounted
00:00:11.043 : [fs] device C:/SteamLibrary/steamapps/workshop/content/270880/2493570673/universal mounted to mod pool.
00:00:11.043 : [zipfs] universal.zip: Created, 23 entries
00:00:11.043 : [fs] device C:/SteamLibrary/steamapps/workshop/content/270880/2872811336/universal.zip mounted to mod pool.
00:00:11.043 : [zipfs] universal.zip: Unmounted
00:00:11.044 : [zipfs] universal.zip: Created, 23 entries
00:00:11.044 : [fs] device C:/SteamLibrary/steamapps/workshop/content/270880/2894364226/universal.zip mounted to mod pool.
00:00:11.044 : [zipfs] universal.zip: Unmounted
00:00:11.045 : [zipfs] ms2_content.zip: Created, 17 entries
00:00:11.045 : [fs] device C:/SteamLibrary/steamapps/workshop/content/270880/3118670256/ms2_content.zip mounted to mod pool.
00:00:11.045 : [zipfs] ms2_content.zip: Unmounted
00:00:11.045 : [fs] device C:/SteamLibrary/steamapps/workshop/content/270880/843502049/package mounted to mod pool.
00:00:11.056 : [zipfs] nascar_hauler_9_by_alexp.zip: Created, 726 entries
00:00:11.056 : [fs] device C:/SteamLibrary/steamapps/workshop/content/270880/2634244257/nascar_hauler_9_by_alexp.zip mounted to mod pool.
00:00:11.056 : [zipfs] nascar_hauler_9_by_alexp.zip: Unmounted
00:00:11.057 : [fs] device C:/SteamLibrary/steamapps/workshop/content/270880/3118465099/universal mounted to mod pool.
00:00:11.066 : [zipfs] ms2_content.zip: Created, 99 entries
00:00:11.066 : [fs] device C:/SteamLibrary/steamapps/workshop/content/270880/3304845085/ms2_content.zip mounted to mod pool.
00:00:11.066 : [zipfs] ms2_content.zip: Unmounted
00:00:11.067 : [zipfs] universal.zip: Created, 23 entries
00:00:11.067 : [fs] device C:/SteamLibrary/steamapps/workshop/content/270880/2726983966/universal.zip mounted to mod pool.
00:00:11.067 : [zipfs] universal.zip: Unmounted
00:00:11.068 : [zipfs] universal.zip: Created, 25 entries
00:00:11.068 : [fs] device C:/SteamLibrary/steamapps/workshop/content/270880/2871655138/universal.zip mounted to mod pool.
00:00:11.068 : [zipfs] universal.zip: Unmounted
00:00:11.069 : [zipfs] universal.zip: Created, 33 entries
00:00:11.069 : [fs] device C:/SteamLibrary/steamapps/workshop/content/270880/2871655527/universal.zip mounted to mod pool.
00:00:11.069 : [zipfs] universal.zip: Unmounted
00:00:11.069 : [fs] device C:/SteamLibrary/steamapps/workshop/content/270880/2945111586/universal mounted to mod pool.
00:00:11.070 : [zipfs] universal.zip: Created, 33 entries
00:00:11.070 : [fs] device C:/SteamLibrary/steamapps/workshop/content/270880/1662851773/universal.zip mounted to mod pool.
00:00:11.070 : [zipfs] universal.zip: Unmounted
00:00:11.072 : [zipfs] ms2_content.zip: Created, 76 entries
00:00:11.072 : [fs] device C:/SteamLibrary/steamapps/workshop/content/270880/3120991731/ms2_content.zip mounted to mod pool.
00:00:11.072 : [zipfs] ms2_content.zip: Unmounted
00:00:11.073 : [zipfs] universal.zip: Created, 13 entries
00:00:11.073 : [fs] device C:/SteamLibrary/steamapps/workshop/content/270880/2884106336/universal.zip mounted to mod pool.
00:00:11.073 : [zipfs] universal.zip: Unmounted
00:00:11.074 : [zipfs] universal.zip: Created, 26 entries
00:00:11.074 : [fs] device C:/SteamLibrary/steamapps/workshop/content/270880/2883953715/universal.zip mounted to mod pool.
00:00:11.074 : [zipfs] universal.zip: Unmounted
00:00:11.075 : [fs] device C:/SteamLibrary/steamapps/workshop/content/270880/730811799/universal mounted to mod pool.
00:00:11.262 : [zipfs] peterbilt_352_362_project_41400.zip: Created, 4015 entries
00:00:11.262 : [fs] device C:/SteamLibrary/steamapps/workshop/content/270880/2435980341/peterbilt_352_362_project_41400.zip mounted to mod pool.
00:00:11.262 : [zipfs] peterbilt_352_362_project_41400.zip: Unmounted
00:00:11.262 : [fs] device C:/SteamLibrary/steamapps/workshop/content/270880/3345504099/universal mounted to mod pool.
00:00:11.263 : [fs] device C:/SteamLibrary/steamapps/workshop/content/270880/2643227032/universal mounted to mod pool.
00:00:11.263 : [fs] device C:/SteamLibrary/steamapps/workshop/content/270880/665243424/chromeviper mounted to mod pool.
00:00:11.263 : [fs] device C:/SteamLibrary/steamapps/workshop/content/270880/3532914327/universal mounted to mod pool.
00:00:11.263 : [fs] device C:/SteamLibrary/steamapps/workshop/content/270880/950119070/universal mounted to mod pool.
00:00:11.264 : [zipfs] universal.zip: Created, 7 entries
00:00:11.264 : [fs] device C:/SteamLibrary/steamapps/workshop/content/270880/1988082716/universal.zip mounted to mod pool.
00:00:11.264 : [zipfs] universal.zip: Unmounted
00:00:11.264 : [hashfs] universal.scs: Created, 99 entries
00:00:11.265 : [fs] device C:/SteamLibrary/steamapps/workshop/content/270880/3413940077/universal.scs mounted to mod pool.
00:00:11.265 : [hashfs] universal.scs: Unmounted.
00:00:11.266 : [fs] device C:/SteamLibrary/steamapps/workshop/content/270880/2502358623/universal mounted to mod pool.
00:00:11.326 : [zipfs] real_tires_mod_31.zip: Created, 1057 entries
00:00:11.326 : [fs] device C:/SteamLibrary/steamapps/workshop/content/270880/646589577/real_tires_mod_31.zip mounted to mod pool.
00:00:11.326 : [zipfs] real_tires_mod_31.zip: Unmounted
00:00:11.326 : [fs] device C:/SteamLibrary/steamapps/workshop/content/270880/3103055868/universal mounted to mod pool.
00:00:11.332 : [zipfs] universal.zip: Created, 496 entries
00:00:11.332 : [fs] device C:/SteamLibrary/steamapps/workshop/content/270880/3636229199/universal.zip mounted to mod pool.
00:00:11.333 : [zipfs] universal.zip: Unmounted
00:00:11.334 : [zipfs] universal.zip: Created, 68 entries
00:00:11.334 : [fs] device C:/SteamLibrary/steamapps/workshop/content/270880/3452144050/universal.zip mounted to mod pool.
00:00:11.334 : [zipfs] universal.zip: Unmounted
00:00:11.335 : [zipfs] universal.zip: Created, 70 entries
00:00:11.335 : [fs] device C:/SteamLibrary/steamapps/workshop/content/270880/3452736994/universal.zip mounted to mod pool.
00:00:11.335 : [zipfs] universal.zip: Unmounted
00:00:11.339 : [zipfs] universal.zip: Created, 74 entries
00:00:11.339 : [fs] device C:/SteamLibrary/steamapps/workshop/content/270880/3452737573/universal.zip mounted to mod pool.
00:00:11.340 : [zipfs] universal.zip: Unmounted
00:00:11.340 : [zipfs] universal.zip: Created, 21 entries
00:00:11.340 : [fs] device C:/SteamLibrary/steamapps/workshop/content/270880/3452161838/universal.zip mounted to mod pool.
00:00:11.340 : [zipfs] universal.zip: Unmounted
00:00:11.341 : [zipfs] universal.zip: Created, 23 entries
00:00:11.341 : [fs] device C:/SteamLibrary/steamapps/workshop/content/270880/2489519182/universal.zip mounted to mod pool.
00:00:11.341 : [zipfs] universal.zip: Unmounted
00:00:11.342 : [fs] device C:/SteamLibrary/steamapps/workshop/content/270880/2626143691/universal mounted to mod pool.
00:00:11.342 : [zipfs] universal.zip: Created, 21 entries
00:00:11.342 : [fs] device C:/SteamLibrary/steamapps/workshop/content/270880/2178311057/universal.zip mounted to mod pool.
00:00:11.343 : [zipfs] universal.zip: Unmounted
00:00:11.344 : [zipfs] universal.zip: Created, 78 entries
00:00:11.344 : [fs] device C:/SteamLibrary/steamapps/workshop/content/270880/2818196687/universal.zip mounted to mod pool.
00:00:11.344 : [zipfs] universal.zip: Unmounted
00:00:11.345 : [zipfs] universal.zip: Created, 21 entries
00:00:11.345 : [fs] device C:/SteamLibrary/steamapps/workshop/content/270880/2894675944/universal.zip mounted to mod pool.
00:00:11.345 : [zipfs] universal.zip: Unmounted
00:00:11.346 : [zipfs] universal.zip: Created, 52 entries
00:00:11.346 : [fs] device C:/SteamLibrary/steamapps/workshop/content/270880/2818126045/universal.zip mounted to mod pool.
00:00:11.346 : [zipfs] universal.zip: Unmounted
00:00:11.349 : [zipfs] universal.zip: Created, 181 entries
00:00:11.349 : [fs] device C:/SteamLibrary/steamapps/workshop/content/270880/3555313618/universal.zip mounted to mod pool.
00:00:11.349 : [zipfs] universal.zip: Unmounted
00:00:11.350 : [zipfs] universal.zip: Created, 21 entries
00:00:11.350 : [fs] device C:/SteamLibrary/steamapps/workshop/content/270880/2882711356/universal.zip mounted to mod pool.
00:00:11.350 : [zipfs] universal.zip: Unmounted
00:00:11.394 : [zipfs] universal.zip: Created, 951 entries
00:00:11.394 : [fs] device C:/SteamLibrary/steamapps/workshop/content/270880/3073723615/universal.zip mounted to mod pool.
00:00:11.394 : [zipfs] universal.zip: Unmounted
00:00:11.403 : [zipfs] ms2_content.zip: Created, 683 entries
00:00:11.403 : [fs] device C:/SteamLibrary/steamapps/workshop/content/270880/3306584488/ms2_content.zip mounted to mod pool.
00:00:11.403 : [zipfs] ms2_content.zip: Unmounted
00:00:11.404 : [zipfs] ms2_content.zip: Created, 11 entries
00:00:11.404 : [fs] device C:/SteamLibrary/steamapps/workshop/content/270880/3562121417/ms2_content.zip mounted to mod pool.
00:00:11.404 : [zipfs] ms2_content.zip: Unmounted
00:00:11.404 : [fs] device C:/SteamLibrary/steamapps/workshop/content/270880/2830347043/classic_custom_stripes_1 mounted to mod pool.
00:00:11.404 : [fs] device C:/SteamLibrary/steamapps/workshop/content/270880/2830524606/classic_custom_stripes_3 mounted to mod pool.
00:00:11.405 : [fs] device C:/SteamLibrary/steamapps/workshop/content/270880/2833242452/classic_custom_stripes_4 mounted to mod pool.
00:00:11.405 : [fs] device C:/SteamLibrary/steamapps/workshop/content/270880/2829973082/classic_two_tone mounted to mod pool.
00:00:11.405 : [fs] device C:/SteamLibrary/steamapps/workshop/content/270880/2837347760/universal mounted to mod pool.
00:00:11.406 : [fs] device C:/SteamLibrary/steamapps/workshop/content/270880/2837463002/universal mounted to mod pool.
00:00:11.406 : [fs] device C:/SteamLibrary/steamapps/workshop/content/270880/2939968682/universal mounted to mod pool.
00:00:11.406 : [fs] device C:/SteamLibrary/steamapps/workshop/content/270880/2831976469/universal mounted to mod pool.
00:00:11.406 : [fs] device C:/SteamLibrary/steamapps/workshop/content/270880/2831958164/universal mounted to mod pool.
00:00:11.407 : [zipfs] universal.zip: Created, 21 entries
00:00:11.407 : [fs] device C:/SteamLibrary/steamapps/workshop/content/270880/3360334553/universal.zip mounted to mod pool.
00:00:11.407 : [zipfs] universal.zip: Unmounted
00:00:11.408 : [zipfs] ms2_content.zip: Created, 33 entries
00:00:11.408 : [fs] device C:/SteamLibrary/steamapps/workshop/content/270880/3549511435/ms2_content.zip mounted to mod pool.
00:00:11.408 : [zipfs] ms2_content.zip: Unmounted
00:00:11.410 : [zipfs] ms2_content.zip: Created, 67 entries
00:00:11.410 : [fs] device C:/SteamLibrary/steamapps/workshop/content/270880/3498392370/ms2_content.zip mounted to mod pool.
00:00:11.410 : [zipfs] ms2_content.zip: Unmounted
00:00:11.411 : [zipfs] universal.zip: Created, 45 entries
00:00:11.411 : [fs] device C:/SteamLibrary/steamapps/workshop/content/270880/3302305373/universal.zip mounted to mod pool.
00:00:11.411 : [zipfs] universal.zip: Unmounted
00:00:11.411 : [fs] device C:/SteamLibrary/steamapps/workshop/content/270880/2749381639/universal mounted to mod pool.
00:00:11.411 : [fs] device C:/SteamLibrary/steamapps/workshop/content/270880/3352340034/universal mounted to mod pool.
00:00:11.412 : [fs] device C:/SteamLibrary/steamapps/workshop/content/270880/3500404122/tankerrework mounted to mod pool.
00:00:11.412 : [zipfs] universal.zip: Created, 27 entries
00:00:11.413 : [fs] device C:/SteamLibrary/steamapps/workshop/content/270880/3518813415/universal.zip mounted to mod pool.
00:00:11.413 : [zipfs] universal.zip: Unmounted
00:00:11.414 : [zipfs] universal.zip: Created, 114 entries
00:00:11.414 : [fs] device C:/SteamLibrary/steamapps/workshop/content/270880/3435434720/universal.zip mounted to mod pool.
00:00:11.414 : [zipfs] universal.zip: Unmounted
00:00:11.414 : [fs] device C:/SteamLibrary/steamapps/workshop/content/270880/3344433603/universal mounted to mod pool.
00:00:11.415 : [fs] device C:/SteamLibrary/steamapps/workshop/content/270880/2645291980/universal mounted to mod pool.
00:00:11.421 : [zipfs] latest.zip: Created, 658 entries
00:00:11.427 : [zipfs] latest.zip: Created, requested subdirectory: base, 658 entries (519 entries in requested subdirectory)
00:00:11.428 : [zipfs] latest.zip: Created, requested subdirectory: dlc_neon, 658 entries (37 entries in requested subdirectory)
00:00:11.429 : [zipfs] latest.zip: Created, requested subdirectory: dlc_stripes, 658 entries (99 entries in requested subdirectory)
00:00:11.430 : [fs] device C:/SteamLibrary/steamapps/workshop/content/270880/3026091521/latest.zip mounted to mod pool.
00:00:11.430 : [fs] device C:/SteamLibrary/steamapps/workshop/content/270880/3026091521/latest.zip mounted to mod pool.
00:00:11.430 : [fs] device C:/SteamLibrary/steamapps/workshop/content/270880/3026091521/latest.zip mounted to mod pool.
00:00:11.430 : [fs] device C:/SteamLibrary/steamapps/workshop/content/270880/3026091521/latest.zip mounted to mod pool.
00:00:11.430 : [zipfs] latest.zip: Unmounted
00:00:11.430 : [zipfs] latest.zip: Unmounted
00:00:11.430 : [zipfs] latest.zip: Unmounted
00:00:11.430 : [zipfs] latest.zip: Unmounted
00:00:11.430 : [fs] device C:/SteamLibrary/steamapps/workshop/content/270880/2521194135/universal mounted to mod pool.
00:00:11.431 : [zipfs] ms2_content.zip: Created, 67 entries
00:00:11.432 : [fs] device C:/SteamLibrary/steamapps/workshop/content/270880/3374413564/ms2_content.zip mounted to mod pool.
00:00:11.432 : [zipfs] ms2_content.zip: Unmounted
00:00:11.432 : [fs] device C:/SteamLibrary/steamapps/workshop/content/270880/966124471/universal mounted to mod pool.
00:00:11.463 : [zipfs] base.zip: Created, 929 entries
00:00:11.465 : [zipfs] dlc_bobcat.zip: Created, 28 entries
00:00:11.469 : [zipfs] dlc_farm_machinery.zip: Created, 95 entries
00:00:11.470 : [zipfs] dlc_oversize.zip: Created, 15 entries
00:00:11.472 : [zipfs] dlc_volvo_construction.zip: Created, 42 entries
00:00:11.472 : [fs] device C:/SteamLibrary/steamapps/workshop/content/270880/3456313255/scp_260303 mounted to mod pool.
00:00:11.472 : [fs] device C:/SteamLibrary/steamapps/workshop/content/270880/3456313255/scp_260303/base.zip mounted to mod pool.
00:00:11.472 : [fs] device C:/SteamLibrary/steamapps/workshop/content/270880/3456313255/scp_260303/dlc_bobcat.zip mounted to mod pool.
00:00:11.472 : [fs] device C:/SteamLibrary/steamapps/workshop/content/270880/3456313255/scp_260303/dlc_farm_machinery.zip mounted to mod pool.
00:00:11.472 : [fs] device C:/SteamLibrary/steamapps/workshop/content/270880/3456313255/scp_260303/dlc_oversize.zip mounted to mod pool.
00:00:11.472 : [fs] device C:/SteamLibrary/steamapps/workshop/content/270880/3456313255/scp_260303/dlc_volvo_construction.zip mounted to mod pool.
00:00:11.473 : [zipfs] dlc_volvo_construction.zip: Unmounted
00:00:11.473 : [zipfs] dlc_oversize.zip: Unmounted
00:00:11.473 : [zipfs] dlc_farm_machinery.zip: Unmounted
00:00:11.473 : [zipfs] dlc_bobcat.zip: Unmounted
00:00:11.473 : [zipfs] base.zip: Unmounted
00:00:12.029 : [zipfs] smp3_3_140_ats.zip: Created, 38167 entries
00:00:12.030 : [fs] device C:/SteamLibrary/steamapps/workshop/content/270880/652225351/smp3_3_140_ats.zip mounted to mod pool.
00:00:12.030 : [zipfs] smp3_3_140_ats.zip: Unmounted
00:00:12.032 : [zipfs] sisltrlscs132.zip: Created, 3 entries
00:00:12.032 : [fs] device C:/SteamLibrary/steamapps/workshop/content/270880/1296258886/sisltrlscs132.zip mounted to mod pool.
00:00:12.032 : [zipfs] sisltrlscs132.zip: Unmounted
00:00:12.060 : [zipfs] sisltrlmain140.zip: Created, 2164 entries
00:00:12.061 : [fs] device C:/SteamLibrary/steamapps/workshop/content/270880/1296243811/sisltrlmain140.zip mounted to mod pool.
00:00:12.061 : [zipfs] sisltrlmain140.zip: Unmounted
00:00:12.061 : [hashfs] sound.scs: Created, 1581 entries
00:00:12.066 : [fs] device C:/SteamLibrary/steamapps/workshop/content/270880/830663438/sound.scs mounted to mod pool.
00:00:12.066 : [hashfs] sound.scs: Unmounted.
00:00:12.067 : [zipfs] universal.zip: Created, 53 entries
00:00:12.067 : [fs] device C:/SteamLibrary/steamapps/workshop/content/270880/3433658882/universal.zip mounted to mod pool.
00:00:12.067 : [zipfs] universal.zip: Unmounted
00:00:12.067 : [fs] device C:/SteamLibrary/steamapps/workshop/content/270880/2272856032/universal mounted to mod pool.
00:00:12.068 : [zipfs] universal.zip: Created, 23 entries
00:00:12.068 : [fs] device C:/SteamLibrary/steamapps/workshop/content/270880/3003444074/universal.zip mounted to mod pool.
00:00:12.068 : [zipfs] universal.zip: Unmounted
00:00:12.069 : [zipfs] universal.zip: Created, 23 entries
00:00:12.069 : [fs] device C:/SteamLibrary/steamapps/workshop/content/270880/1329508684/universal.zip mounted to mod pool.
00:00:12.069 : [zipfs] universal.zip: Unmounted
00:00:12.070 : [zipfs] ms2_content.zip: Created, 17 entries
00:00:12.070 : [fs] device C:/SteamLibrary/steamapps/workshop/content/270880/3117921628/ms2_content.zip mounted to mod pool.
00:00:12.070 : [zipfs] ms2_content.zip: Unmounted
00:00:12.070 : [fs] device C:/SteamLibrary/steamapps/workshop/content/270880/2891302992/universal mounted to mod pool.
00:00:12.072 : [zipfs] 0e8soi2.zip: Created, 127 entries
00:00:12.072 : [fs] device C:/SteamLibrary/steamapps/workshop/content/270880/2561489945/0e8soi2.zip mounted to mod pool.
00:00:12.072 : [zipfs] 0e8soi2.zip: Unmounted
00:00:12.072 : [fs] device C:/SteamLibrary/steamapps/workshop/content/270880/3729391863/universal mounted to mod pool.
00:00:12.073 : [zipfs] universal.zip: Created, 56 entries
00:00:12.073 : [fs] device C:/SteamLibrary/steamapps/workshop/content/270880/2833249966/universal.zip mounted to mod pool.
00:00:12.073 : [zipfs] universal.zip: Unmounted
00:00:12.074 : [fs] device C:/SteamLibrary/steamapps/workshop/content/270880/2916096373/universal mounted to mod pool.
00:00:12.074 : [hashfs] universal.scs: Created, 1491 entries
00:00:12.081 : [fs] device C:/SteamLibrary/steamapps/workshop/content/270880/3611359247/universal.scs mounted to mod pool.
00:00:12.081 : [hashfs] universal.scs: Unmounted.
00:00:12.082 : [zipfs] universal.zip: Created, 26 entries
00:00:12.082 : [fs] device C:/SteamLibrary/steamapps/workshop/content/270880/1682810031/universal.zip mounted to mod pool.
00:00:12.082 : [zipfs] universal.zip: Unmounted
00:00:12.082 : [fs] device C:/SteamLibrary/steamapps/workshop/content/270880/1676917121/universal mounted to mod pool.
00:00:12.083 : [fs] device C:/SteamLibrary/steamapps/workshop/content/270880/1806376959/universal mounted to mod pool.
00:00:12.083 : [fs] device C:/SteamLibrary/steamapps/workshop/content/270880/1837026609/universal mounted to mod pool.
00:00:12.085 : [zipfs] universal.zip: Created, 31 entries
00:00:12.085 : [fs] device C:/SteamLibrary/steamapps/workshop/content/270880/2999838808/universal.zip mounted to mod pool.
00:00:12.085 : [zipfs] universal.zip: Unmounted
00:00:12.086 : [zipfs] ms2_content.zip: Created, 19 entries
00:00:12.086 : [fs] device C:/SteamLibrary/steamapps/workshop/content/270880/3100353184/ms2_content.zip mounted to mod pool.
00:00:12.086 : [zipfs] ms2_content.zip: Unmounted
00:00:12.088 : [zipfs] ms2_content.zip: Created, 59 entries
00:00:12.088 : [fs] device C:/SteamLibrary/steamapps/workshop/content/270880/3165068630/ms2_content.zip mounted to mod pool.
00:00:12.088 : [zipfs] ms2_content.zip: Unmounted
00:00:12.089 : [zipfs] ms2_content.zip: Created, 37 entries
00:00:12.089 : [fs] device C:/SteamLibrary/steamapps/workshop/content/270880/3030436988/ms2_content.zip mounted to mod pool.
00:00:12.089 : [zipfs] ms2_content.zip: Unmounted
00:00:12.090 : [zipfs] ms2_content.zip: Created, 21 entries
00:00:12.090 : [fs] device C:/SteamLibrary/steamapps/workshop/content/270880/3442747539/ms2_content.zip mounted to mod pool.
00:00:12.090 : [zipfs] ms2_content.zip: Unmounted
00:00:12.096 : [zipfs] ms2_content.zip: Created, 347 entries
00:00:12.096 : [fs] device C:/SteamLibrary/steamapps/workshop/content/270880/3701625244/ms2_content.zip mounted to mod pool.
00:00:12.096 : [zipfs] ms2_content.zip: Unmounted
00:00:12.096 : [fs] device C:/SteamLibrary/steamapps/workshop/content/270880/777354374/universal mounted to mod pool.
00:00:12.096 : [fs] device C:/SteamLibrary/steamapps/workshop/content/270880/2386385482/universal mounted to mod pool.
00:00:12.097 : [fs] device C:/SteamLibrary/steamapps/workshop/content/270880/3727676287/universal mounted to mod pool.
00:00:12.097 : [fs] device C:/SteamLibrary/steamapps/workshop/content/270880/3732257542/universal mounted to mod pool.
00:00:12.136 : [zipfs] ms2_content.zip: Created, 859 entries
00:00:12.136 : [fs] device C:/SteamLibrary/steamapps/workshop/content/270880/3348529210/ms2_content.zip mounted to mod pool.
00:00:12.136 : [zipfs] ms2_content.zip: Unmounted
00:00:12.137 : [fs] device C:/SteamLibrary/steamapps/workshop/content/270880/2914601934/universal mounted to mod pool.
00:00:12.137 : [zipfs] universal.zip: Created, 23 entries
00:00:12.138 : [fs] device C:/SteamLibrary/steamapps/workshop/content/270880/3312623242/universal.zip mounted to mod pool.
00:00:12.138 : [zipfs] universal.zip: Unmounted
00:00:12.138 : [fs] device C:/SteamLibrary/steamapps/workshop/content/270880/2806496225/universal mounted to mod pool.
00:00:12.138 : [zipfs] universal.zip: Created, 31 entries
00:00:12.138 : [fs] device C:/SteamLibrary/steamapps/workshop/content/270880/2931518992/universal.zip mounted to mod pool.
00:00:12.139 : [zipfs] universal.zip: Unmounted
00:00:12.139 : [fs] device C:/SteamLibrary/steamapps/workshop/content/270880/2798782894/universal mounted to mod pool.
00:00:12.139 : [fs] device C:/SteamLibrary/steamapps/workshop/content/270880/1774827107/satmap_names_2068 mounted to mod pool.
00:00:12.140 : [zipfs] universal.zip: Created, 20 entries
00:00:12.140 : [fs] device C:/SteamLibrary/steamapps/workshop/content/270880/2883882932/universal.zip mounted to mod pool.
00:00:12.140 : [zipfs] universal.zip: Unmounted
00:00:12.166 : [zipfs] scr_wheel_pack.zip: Created, 2269 entries
00:00:12.166 : [fs] device C:/SteamLibrary/steamapps/workshop/content/270880/651067966/scr_wheel_pack.zip mounted to mod pool.
00:00:12.166 : [zipfs] scr_wheel_pack.zip: Unmounted
00:00:12.175 : [zipfs] scr_timpte_super_seal.zip: Created, 697 entries
00:00:12.175 : [fs] device C:/SteamLibrary/steamapps/workshop/content/270880/2758819524/scr_timpte_super_seal.zip mounted to mod pool.
00:00:12.175 : [zipfs] scr_timpte_super_seal.zip: Unmounted
00:00:12.199 : [zipfs] scr_tm_supervan90.zip: Created, 745 entries
00:00:12.199 : [fs] device C:/SteamLibrary/steamapps/workshop/content/270880/1165035373/scr_tm_supervan90.zip mounted to mod pool.
00:00:12.199 : [zipfs] scr_tm_supervan90.zip: Unmounted
00:00:12.283 : <WARNING> [mods] Unknown category 'lights' defined for KSW_LightsPack. Ignoring.
00:00:12.283 : <WARNING> [mods] No valid categories defined for KSW_LightsPack. Setting defaults.
00:00:12.283 : [fs] device C:/Users/len_f/OneDrive/Documents/American Truck Simulator/mod/KSW_LightsPack.scs mounted to mod pool.
00:00:12.283 : [mod_package_manager] Mod ""Lights Pack KSW"" has been mounted. (package_name: KSW_LightsPack, version: 1.6x.X, source: User mods)
00:00:12.284 : [fs] device C:/SteamLibrary/steamapps/workshop/content/270880/3006377097/universal mounted to mod pool.
00:00:12.284 : [mod_package_manager] Mod ""Camera Mod"" has been mounted. (package_name: mod_workshop_package.00000000B331AC89, version: 1.4.0, source: Steam Workshop)
00:00:12.284 : [fs] device C:/Users/len_f/OneDrive/Documents/American Truck Simulator/mod/realistic_rain_reflections_standalone_v1_2.scs mounted to mod pool.
00:00:12.284 : [mod_package_manager] Mod ""Realistic Rain Reflections Standalone v1.2"" has been mounted. (package_name: realistic_rain_reflections_standalone_v1_2, version: 1.2, source: User mods)
00:00:12.284 : [zipfs] ms2_content.zip: Created, 27 entries
00:00:12.284 : [fs] device C:/SteamLibrary/steamapps/workshop/content/270880/3460297877/ms2_content.zip mounted to mod pool.
00:00:12.285 : [mod_package_manager] Mod ""Kenworth T680 Windscreen Decal"" has been mounted. (package_name: mod_workshop_package.00000000CE3FF495, version: 1.0, source: Steam Workshop)
00:00:12.285 : [fs] device C:/SteamLibrary/steamapps/workshop/content/270880/941760365/universal mounted to mod pool.
00:00:12.285 : [mod_package_manager] Mod ""CAT - Heavy Cargo"" has been mounted. (package_name: mod_workshop_package.0000000038221F6D, version: 1.1, source: Steam Workshop)
00:00:12.285 : <WARNING> [mods] No valid categories defined for K100 addons ratr0dev. Setting defaults.
00:00:12.285 : <WARNING> [mods] No display_name defined in K100 addons ratr0dev. Using package name instead.
00:00:12.285 : [fs] device C:/Users/len_f/OneDrive/Documents/American Truck Simulator/mod/K100 addons ratr0dev.scs mounted to mod pool.
00:00:12.285 : [mod_package_manager] Mod ""K100 addons ratr0dev"" has been mounted. (package_name: K100 addons ratr0dev, version: 1.0, source: User mods)
00:00:12.286 : [fs] device C:/SteamLibrary/steamapps/workshop/content/270880/3047617915/drivers mounted to mod pool.
00:00:12.286 : [mod_package_manager] Mod ""Beautiful & Stunning Female Drivers"" has been mounted. (package_name: mod_workshop_package.00000000B5A6F57B, version: 2.0.0, source: Steam Workshop)
00:00:12.286 : [zipfs] universal.zip: Created, 7 entries
00:00:12.287 : [fs] device C:/SteamLibrary/steamapps/workshop/content/270880/1988082716/universal.zip mounted to mod pool.
00:00:12.287 : [mod_package_manager] Mod ""Quick Gates For ATS"" has been mounted. (package_name: mod_workshop_package.00000000767FBC1C, version: 1.60, source: Steam Workshop)
00:00:12.287 : [fs] device C:/Users/len_f/OneDrive/Documents/American Truck Simulator/mod/Swc_Modding_Lights_Pack_0.2.6.scs mounted to mod pool.
00:00:12.287 : [mod_package_manager] Mod ""Light Pack for Swc Mods"" has been mounted. (package_name: Swc_Modding_Lights_Pack_0.2.6, version: 0.2.6, source: User mods)
00:00:12.287 : <WARNING> [mods] No display_name defined in ATS Exp Cargo Addon 090826 PE. Using package name instead.
00:00:12.287 : [fs] device C:/Users/len_f/OneDrive/Documents/American Truck Simulator/mod/ATS Exp Cargo Addon 090826 PE.scs mounted to mod pool.
00:00:12.287 : [mod_package_manager] Mod ""ATS Exp Cargo Addon 090826 PE"" has been mounted. (package_name: ATS Exp Cargo Addon 090826 PE, version: ATS Expansion Cargo Addon, source: User mods)
00:00:12.352 : [hashfs] KSW_LightsPack.scs: Unmounted.
00:00:12.353 : [zipfs] ATS Exp Cargo Addon 090826 PE.scs: Unmounted
00:00:12.353 : [zipfs] Swc_Modding_Lights_Pack_0.2.6.scs: Unmounted
00:00:12.353 : [zipfs] universal.zip: Unmounted
00:00:12.354 : [zipfs] K100 addons ratr0dev.scs: Unmounted
00:00:12.354 : [zipfs] ms2_content.zip: Unmounted
00:00:12.354 : [zipfs] realistic_rain_reflections_standalone_v1_2.scs: Unmounted
00:00:12.355 : [fs] device C:/Users/len_f/OneDrive/Documents/American Truck Simulator/mod/Jaspers.Real_Eaton_Fuller_Transmissions_CAST_Addon.scs mounted to mod pool.
00:00:12.355 : [mod_package_manager] Mod ""Real Eaton Fuller Transmissions CAST Addon"" has been mounted. (package_name: Jaspers.Real_Eaton_Fuller_Transmissions_CAST_Addon, version: 22.10.4, source: User mods)
00:00:12.359 : [zipfs] Jaspers.Real_Eaton_Fuller_Transmissions_CAST_Addon.scs: Unmounted
00:00:12.562 : [zipfs] ms2_content.zip: Created, 859 entries
00:00:12.562 : [fs] device C:/SteamLibrary/steamapps/workshop/content/270880/3348529210/ms2_content.zip mounted to mod pool.
00:00:12.562 : [mod_package_manager] Mod ""W900 72'cab custom skins"" has been mounted. (package_name: mod_workshop_package.00000000C796803A, version: , source: Steam Workshop)
00:00:12.563 : [fs] device C:/SteamLibrary/steamapps/workshop/content/270880/3732257542/universal mounted to mod pool.
00:00:12.563 : [mod_package_manager] Mod ""Volvo VNL 2025 Improved Dashboard"" has been mounted. (package_name: mod_workshop_package.00000000DE75BB06, version: 1.0, source: Steam Workshop)
00:00:12.563 : [fs] device C:/SteamLibrary/steamapps/workshop/content/270880/3727676287/universal mounted to mod pool.
00:00:12.563 : [mod_package_manager] Mod ""Volvo VNL 2025 Add-ons"" has been mounted. (package_name: mod_workshop_package.00000000DE2FD37F, version: 1.1.8, source: Steam Workshop)
00:00:12.564 : [zipfs] base.zip: Created, 929 entries
00:00:12.565 : [zipfs] dlc_bobcat.zip: Created, 28 entries
00:00:12.565 : [zipfs] dlc_farm_machinery.zip: Created, 95 entries
00:00:12.565 : [zipfs] dlc_oversize.zip: Created, 15 entries
00:00:12.566 : [zipfs] dlc_volvo_construction.zip: Created, 42 entries
00:00:12.566 : [fs] device C:/SteamLibrary/steamapps/workshop/content/270880/3456313255/scp_260303 mounted to mod pool.
00:00:12.566 : [mod_package_manager] Mod ""Sineptorros Cargo Pack 1.54+"" has been mounted. (package_name: mod_workshop_package.00000000CE0327A7, version: 1.2 Release 1, source: Steam Workshop)
00:00:12.566 : [fs] device C:/SteamLibrary/steamapps/workshop/content/270880/3707214062/universal mounted to mod pool.
00:00:12.566 : [mod_package_manager] Mod ""Kenworth W990 Custom Sleeper 76 - Edición Baja Style"" has been mounted. (package_name: mod_workshop_package.00000000DCF798EE, version: 1.2.5, source: Steam Workshop)
00:00:12.566 : [fs] device C:/SteamLibrary/steamapps/workshop/content/270880/3691942485/universal mounted to mod pool.
00:00:12.566 : [mod_package_manager] Mod ""Kenworth T680 Next Gen Base Custom"" has been mounted. (package_name: mod_workshop_package.00000000DC0E9255, version: DP, source: Steam Workshop)
00:00:12.567 : [hashfs] universal.scs: Created, 1138 entries
00:00:12.571 : [fs] device C:/SteamLibrary/steamapps/workshop/content/270880/3607234862/universal.scs mounted to mod pool.
00:00:12.571 : [mod_package_manager] Mod ""GTM Fixes"" has been mounted. (package_name: mod_workshop_package.00000000D702092E, version: 1.6, source: Steam Workshop)
00:00:12.571 : [fs] device C:/SteamLibrary/steamapps/workshop/content/270880/3459467655/universal mounted to mod pool.
00:00:12.571 : [mod_package_manager] Mod ""Grass_4.0_ATS_4k"" has been mounted. (package_name: mod_workshop_package.00000000CE334987, version: 1.10, source: Steam Workshop)
00:00:12.571 : [fs] device C:/SteamLibrary/steamapps/workshop/content/270880/3620095861/latest mounted to mod pool.
00:00:12.571 : [mod_package_manager] Mod ""Google Maps Navigation Dark Mode"" has been mounted. (package_name: mod_workshop_package.00000000D7C64775, version: 4.2, source: Steam Workshop)
00:00:12.572 : [fs] device C:/SteamLibrary/steamapps/workshop/content/270880/3355811573/universal mounted to mod pool.
00:00:12.572 : [mod_package_manager] Mod ""Freightliner Cascadia 2024 Improved Dashboard"" has been mounted. (package_name: mod_workshop_package.00000000C8059EF5, version: 1.2, source: Steam Workshop)
00:00:12.574 : [zipfs] ms2_content.zip: Unmounted
00:00:12.575 : [hashfs] universal.scs: Unmounted.
00:00:12.576 : [zipfs] dlc_volvo_construction.zip: Unmounted
00:00:12.576 : [zipfs] dlc_oversize.zip: Unmounted
00:00:12.576 : [zipfs] dlc_farm_machinery.zip: Unmounted
00:00:12.576 : [zipfs] dlc_bobcat.zip: Unmounted
00:00:12.576 : [zipfs] base.zip: Unmounted
00:00:12.577 : [fs] device C:/SteamLibrary/steamapps/workshop/content/270880/3349451331/universal mounted to mod pool.
00:00:12.577 : [mod_package_manager] Mod ""Freightliner Cascadia 2024 Add-ons"" has been mounted. (package_name: mod_workshop_package.00000000C7A49243, version: 1.5, source: Steam Workshop)
00:00:12.577 : [zipfs] ms2_content.zip: Created, 27 entries
00:00:12.577 : [fs] device C:/SteamLibrary/steamapps/workshop/content/270880/3772653813/ms2_content.zip mounted to mod pool.
00:00:12.577 : [mod_package_manager] Mod ""Decepticon 389 for Pete, Rez and Ruda"" has been mounted. (package_name: mod_workshop_package.00000000E0DE20F5, version: 1.60, source: Steam Workshop)
00:00:12.578 : [fs] device C:/SteamLibrary/steamapps/workshop/content/270880/3238905093/universal mounted to mod pool.
00:00:12.578 : [mod_package_manager] Mod ""CAT C12 Straight pipe sound"" has been mounted. (package_name: mod_workshop_package.00000000C10DC505, version: 2.0, source: Steam Workshop)
00:00:12.589 : [zipfs] ms2_content.zip: Unmounted
00:00:16.894 : [fs] device C:/SteamLibrary/steamapps/workshop/content/270880/2758820454/universal mounted to mod pool.
00:00:16.894 : [mod_package_manager] Mod ""Kenworth W990 light pack compatability"" has been mounted. (package_name: mod_workshop_package.00000000A4704266, version: 1.2, source: Steam Workshop)
00:00:16.895 : [zipfs] obel_bore_led_v19.zip: Created, 245 entries
00:00:16.895 : [fs] device C:/SteamLibrary/steamapps/workshop/content/270880/1317972379/obel_bore_led_v19.zip mounted to mod pool.
00:00:16.895 : [mod_package_manager] Mod ""Boreman LED Marker Lights Pack"" has been mounted. (package_name: mod_workshop_package.000000004E8EA99B, version: 1.9, source: Steam Workshop)
00:00:16.895 : [fs] device C:/SteamLibrary/steamapps/workshop/content/270880/1676917121/universal mounted to mod pool.
00:00:16.895 : [mod_package_manager] Mod ""Trux Purple Haze Pete 389 skin+part (please read description)"" has been mounted. (package_name: mod_workshop_package.0000000063F3B981, version: 1.0, source: Steam Workshop)
00:00:16.896 : [zipfs] universal.zip: Created, 26 entries
00:00:16.896 : [fs] device C:/SteamLibrary/steamapps/workshop/content/270880/1682810031/universal.zip mounted to mod pool.
00:00:16.896 : [mod_package_manager] Mod ""Trux Paintable Purple Haze"" has been mounted. (package_name: mod_workshop_package.00000000644DA4AF, version: 1.0, source: Steam Workshop)
00:00:16.896 : [fs] device C:/SteamLibrary/steamapps/workshop/content/270880/3415531506/universal mounted to mod pool.
00:00:16.896 : [mod_package_manager] Mod ""Alcoa special edition wheels Alumnium"" has been mounted. (package_name: mod_workshop_package.00000000CB94DFF2, version: 1.3, source: Steam Workshop)
00:00:16.899 : [zipfs] 159.zip: Created, 2385 entries
00:00:16.899 : [fs] device C:/SteamLibrary/steamapps/workshop/content/270880/2113006265/159.zip mounted to mod pool.
00:00:16.899 : [mod_package_manager] Mod ""Freightliner Argosy 2.7 for game version 1.43+"" has been mounted. (package_name: mod_workshop_package.000000007DF1EAB9, version: 2.7, source: Steam Workshop)
00:00:16.900 : [zipfs] universal.zip: Created, 21 entries
00:00:16.900 : [fs] device C:/SteamLibrary/steamapps/workshop/content/270880/2894675944/universal.zip mounted to mod pool.
00:00:16.900 : [mod_package_manager] Mod ""RUDA 389 Glider - Grey pinstriped"" has been mounted. (package_name: mod_workshop_package.00000000AC893FE8, version: V1.0, source: Steam Workshop)
00:00:16.908 : [zipfs] universal.zip: Unmounted
00:00:16.908 : [zipfs] 159.zip: Unmounted
00:00:16.908 : [zipfs] universal.zip: Unmounted
00:00:16.909 : [zipfs] obel_bore_led_v19.zip: Unmounted
00:00:17.535 : [zipfs] ms2_content.zip: Created, 17 entries
00:00:17.535 : [fs] device C:/SteamLibrary/steamapps/workshop/content/270880/3575151771/ms2_content.zip mounted to mod pool.
00:00:17.535 : [mod_package_manager] Mod ""Low Class Skin For Ruda 72"" Flattop Glider"" has been mounted. (package_name: mod_workshop_package.00000000D5187C9B, version: 1, source: Steam Workshop)
00:00:17.535 : [zipfs] ms2_content.zip: Created, 23 entries
00:00:17.535 : [fs] device C:/SteamLibrary/steamapps/workshop/content/270880/3404171846/ms2_content.zip mounted to mod pool.
00:00:17.535 : [mod_package_manager] Mod ""Lancer for Pizzster's 389"" has been mounted. (package_name: mod_workshop_package.00000000CAE78A46, version: 1.0, source: Steam Workshop)
00:00:17.536 : [fs] device C:/SteamLibrary/steamapps/workshop/content/270880/815196483/universal mounted to mod pool.
00:00:17.536 : [mod_package_manager] Mod ""KW Tesla - Studio Sleeper"" has been mounted. (package_name: mod_workshop_package.000000003096E943, version: 1.0, source: Steam Workshop)
00:00:17.537 : [zipfs] universal.zip: Created, 52 entries
00:00:17.537 : [fs] device C:/SteamLibrary/steamapps/workshop/content/270880/2818126045/universal.zip mounted to mod pool.
00:00:17.537 : [mod_package_manager] Mod ""RUDA Classic XL - Simple Custom"" has been mounted. (package_name: mod_workshop_package.00000000A7F930DD, version: 1.1, source: Steam Workshop)
00:00:17.537 : [zipfs] universal.zip: Created, 33 entries
00:00:17.537 : [fs] device C:/SteamLibrary/steamapps/workshop/content/270880/1662851773/universal.zip mounted to mod pool.
00:00:17.537 : [mod_package_manager] Mod ""Ol' Classic Kenworth T680"" has been mounted. (package_name: mod_workshop_package.00000000631D1ABD, version: 1.0, source: Steam Workshop)
00:00:17.538 : [zipfs] universal.zip: Created, 23 entries
00:00:17.538 : [fs] device C:/SteamLibrary/steamapps/workshop/content/270880/2870018932/universal.zip mounted to mod pool.
00:00:17.538 : [mod_package_manager] Mod ""Montana Express skin for the Right Lane Gaming Ford F 450 Dually"" has been mounted. (package_name: mod_workshop_package.00000000AB110374, version: V1, source: Steam Workshop)
00:00:17.539 : [zipfs] universal.zip: Created, 23 entries
00:00:17.539 : [fs] device C:/SteamLibrary/steamapps/workshop/content/270880/3312623242/universal.zip mounted to mod pool.
00:00:17.539 : [mod_package_manager] Mod ""Werner skin for Jon Rudas Freightliner Classic XL"" has been mounted. (package_name: mod_workshop_package.00000000C5729E8A, version: 1.0, source: Steam Workshop)
00:00:17.540 : [zipfs] ms2_content.zip: Created, 19 entries
00:00:17.540 : [fs] device C:/SteamLibrary/steamapps/workshop/content/270880/3100353184/ms2_content.zip mounted to mod pool.
00:00:17.540 : [mod_package_manager] Mod ""Updated Expedited Express skin for Jon Ruda's Classic XL"" has been mounted. (package_name: mod_workshop_package.00000000B8CBA2A0, version: V1, source: Steam Workshop)
00:00:17.540 : [zipfs] ms2_content.zip: Created, 59 entries
00:00:17.540 : [fs] device C:/SteamLibrary/steamapps/workshop/content/270880/3165068630/ms2_content.zip mounted to mod pool.
00:00:17.540 : [mod_package_manager] Mod ""Updated Green Lantern Trucking skin for Jon Ruda's W900. All cabs"" has been mounted. (package_name: mod_workshop_package.00000000BCA71D56, version: V2, source: Steam Workshop)
00:00:17.541 : [zipfs] ms2_content.zip: Created, 51 entries
00:00:17.541 : [fs] device C:/SteamLibrary/steamapps/workshop/content/270880/3287835751/ms2_content.zip mounted to mod pool.
00:00:17.541 : [mod_package_manager] Mod ""Green Lantern Ruda 379 389. All cabs"" has been mounted. (package_name: mod_workshop_package.00000000C3F86467, version: V1, source: Steam Workshop)
00:00:17.547 : [zipfs] ms2_content.zip: Unmounted
00:00:17.548 : [zipfs] ms2_content.zip: Unmounted
00:00:17.548 : [zipfs] ms2_content.zip: Unmounted
00:00:17.548 : [zipfs] ms2_content.zip: Unmounted
00:00:17.548 : [zipfs] universal.zip: Unmounted
00:00:17.549 : [zipfs] universal.zip: Unmounted
00:00:17.549 : [zipfs] universal.zip: Unmounted
00:00:17.549 : [zipfs] universal.zip: Unmounted
00:00:17.550 : [zipfs] ms2_content.zip: Unmounted
00:00:17.550 : [zipfs] universal.zip: Created, 54 entries
00:00:17.550 : [fs] device C:/SteamLibrary/steamapps/workshop/content/270880/3025669105/universal.zip mounted to mod pool.
00:00:17.550 : [mod_package_manager] Mod ""Grey Ghost skin for the SCS and Rollin Flat Top and High Roof Sleepers"" has been mounted. (package_name: mod_workshop_package.00000000B4580BF1, version: V1, source: Steam Workshop)
00:00:17.551 : [zipfs] universal.zip: Created, 35 entries
00:00:17.551 : [fs] device C:/SteamLibrary/steamapps/workshop/content/270880/3029837175/universal.zip mounted to mod pool.
00:00:17.551 : [mod_package_manager] Mod ""Grey Ghost skin for the Pizzster and Damo Wade Step Deck. Includes Mudflaps!"" has been mounted. (package_name: mod_workshop_package.00000000B497A577, version: , source: Steam Workshop)
00:00:17.551 : [fs] device C:/SteamLibrary/steamapps/workshop/content/270880/2829973082/classic_two_tone mounted to mod pool.
00:00:17.551 : [mod_package_manager] Mod ""Ruda's Classic XL Custom Two-Tone Metallic Skin"" has been mounted. (package_name: mod_workshop_package.00000000A8ADF65A, version: 1.0, source: Steam Workshop)
00:00:17.561 : [zipfs] universal.zip: Unmounted
00:00:17.562 : [zipfs] universal.zip: Unmounted
00:00:20.992 : [zipfs] latest.zip: Created, 4843 entries
00:00:20.992 : [fs] device C:/SteamLibrary/steamapps/workshop/content/270880/2951717330/latest.zip mounted to mod pool.
00:00:20.992 : [mod_package_manager] Mod ""Faelandaea's Trailer Pack"" has been mounted. (package_name: mod_workshop_package.00000000AFEFA1D2, version: 1.47, source: Steam Workshop)
00:00:20.992 : [fs] device C:/Users/len_f/OneDrive/Documents/American Truck Simulator/mod/Tomb_Landoll_440_455B.scs mounted to mod pool.
00:00:20.992 : [mod_package_manager] Mod ""Landoll 440/455B"" has been mounted. (package_name: Tomb_Landoll_440_455B, version: beta v2, source: User mods)
00:00:21.003 : [zipfs] latest.zip: Unmounted
00:00:21.003 : [hashfs] Tomb_Landoll_440_455B.scs: Unmounted.
"
rv0FR6Ys?source=archive,COmpREss.html,z66is,text,Thursday 20th of August 2026 12:42:04 AM CDT,"<!doctype html>
<html lang=""en"">
<head>
  <meta charset=""utf-8"" />
  <meta name=""viewport"" content=""width=device-width,initial-scale=1"" />
  <title>21-bit to Integer Converter — output is post-subtract binary (LSB disamb)</title>
  <style>
    body { font-family: system-ui, -apple-system, ""Segoe UI"", Roboto, ""Helvetica Neue"", Arial; margin: 24px; color:#111; }
    h1 { margin-bottom: 8px; }
    .card { border:1px solid #e1e4e8; border-radius:8px; padding:16px; max-width:920px; background:#fff; box-shadow:0 1px 2px rgba(0,0,0,0.03); }
    label { display:block; margin-bottom:8px; font-weight:600; }
    input[type=""text""], input[type=""number""] { width:100%; padding:10px 12px; font-size:16px; border:1px solid #cbd5e1; border-radius:6px; box-sizing:border-box; }
    button { margin-top:12px; padding:8px 12px; font-size:15px; border-radius:6px; border:0; background:#0366d6; color:#fff; cursor:pointer; }
    button.secondary { background:#6b7280; }
    .error { color:#b91c1c; margin-top:8px; }
    pre { background:#f6f8fa; padding:12px; border-radius:6px; overflow:auto; }
    .steps { margin-top:12px; }
    .result { margin-top:12px; font-weight:700; font-size:18px; }
    .small { font-size:13px; color:#374151; }
    .row { display:flex; gap:8px; align-items:center; margin-top:8px; }
    .copy { background:#10b981; }
    .inline { display:inline-block; width:auto; }
    .mono { font-family: ui-monospace, SFMono-Regular, Menlo, Monaco, ""Roboto Mono"", ""Courier New"", monospace; }
  </style>
</head>
<body>
  <div class=""card"">
    <h1>21-bit to Integer Converter</h1>

    <div class=""small"">
      Enter exactly 21 bits. The calculator follows your rule set and <strong>subtracts 1,048,576</strong>.
      <strong>Output</strong> is the binary representation of the value <em>after</em> that subtraction, with a single
      deterministic disambiguation bit appended as the LSB. All UI elements and trial statistics use that same total length (core bits + 1 LSB).
    </div>

    <label for=""bits"">Bits</label>
    <input id=""bits"" type=""text"" placeholder=""e.g. 010101001110000111000"" maxlength=""21"" />

    <div class=""row"">
      <button id=""compute"">Compute</button>
      <button id=""random"" class=""secondary"">Random</button>
      <button id=""example"" class=""secondary"">Fill Example</button>
      <button id=""copy"" class=""copy"">Copy Result</button>
    </div>

    <div style=""margin-top:12px;"">
      <label for=""count"">Run Random Tests (count)</label>
      <div class=""row"">
        <input id=""count"" type=""number"" min=""1"" max=""100000"" value=""100"" style=""width:120px;"" />
        <button id=""runTests"">Run</button>
      </div>
    </div>

    <div id=""error"" class=""error"" role=""status"" aria-live=""polite""></div>
    <div id=""output"" class=""steps"" aria-live=""polite""></div>
  </div>

  <script>
    const bitsInput = document.getElementById('bits');
    const computeBtn = document.getElementById('compute');
    const randomBtn = document.getElementById('random');
    const exampleBtn = document.getElementById('example');
    const copyBtn = document.getElementById('copy');
    const runTestsBtn = document.getElementById('runTests');
    const countInput = document.getElementById('count');
    const errorEl = document.getElementById('error');
    const outputEl = document.getElementById('output');

    function validateBits(s) {
      if (!s) return 'Input is empty';
      if (s.length !== 21) return 'Input must be exactly 21 bits';
      if (!/^[01]{21}$/.test(s)) return 'Input must contain only 0 and 1';
      return '';
    }

    const SUBTRACT = 1024n * 1024n; // 1,048,576n

    // lastTotalLengthBits stores the number of bits used for the compressed output
    // (core binary length of value AFTER subtraction) + 1 (LSB disambiguation).
    // This is used by trial mode to compile statistics using the same total length.
    window.lastTotalLengthBits = null;

    /**
     * computeFromBits:
     * - runs the stepwise rule to produce valueBeforeSubtract
     * - computes valueAfterSubtract = valueBeforeSubtract - SUBTRACT
     * - produces binary representation of valueAfterSubtract (coreBinaryAfter)
     * - appends disambiguation bit (LSB) which is the original first input bit
     *
     * Important: the UI and trial mode treat the ""compressed-with-disamb"" as:
     *   compressedWithDisambLSB = coreBinaryAfter + disambiguationBit
     *
     * For negative valueAfterSubtract we represent the core binary as '-' + binary(abs(valueAfterSubtract)).
     * The total length in bits reported to the user counts only the binary digits (not the '-' sign) plus the 1 disambiguation bit.
     */
    function computeFromBits(bitString) {
      const bits = bitString.split('').map(b => b === '1' ? 1 : 0);

      // initial value
      let value = bits[0] === 0 ? 2n : 3n;
      const trace = [];
      trace.push({ step: 0, bit: bits[0], op: `start`, value: value.toString() });

      for (let i = 1; i < bits.length; i++) {
        const b = bits[i];
        if (b === 0) {
          value = value * 2n;
          trace.push({ step: i, bit: 0, op: `×2`, value: value.toString() });
        } else {
          value = value * 2n - 1n;
          trace.push({ step: i, bit: 1, op: `×2 − 1`, value: value.toString() });
        }
      }

      const valueBeforeSubtract = value;
      const valueAfterSubtract = valueBeforeSubtract - SUBTRACT;

      // core binary is the binary representation of the value AFTER subtraction
      // For non-negative: plain binary string; for negative: '-' + binary(abs(...))
      let coreBinaryAfter;
      let coreBitsLength; // number of binary digits (excluding sign)
      if (valueAfterSubtract >= 0n) {
        coreBinaryAfter = valueAfterSubtract.toString(2);
        coreBitsLength = coreBinaryAfter.length;
      } else {
        const absBin = (-valueAfterSubtract).toString(2);
        coreBinaryAfter = '-' + absBin;
        coreBitsLength = absBin.length;
      }

      // deterministic disambiguation bit: original first input bit
      const disambiguationBit = String(bits[0]);

      // compressed-with-disambiguation (LSB placement) is coreBinaryAfter (string) + disambiguation bit
      // Note: if coreBinaryAfter contains a '-' sign, we keep it in the displayed string but the bit-length counts only digits.
      const compressedWithDisambLSB = coreBinaryAfter + disambiguationBit;

      // total length in bits used for statistics: coreBitsLength + 1 (LSB disambiguation)
      const totalLengthBits = coreBitsLength + 1;

      return {
        trace,
        valueBeforeSubtract: valueBeforeSubtract.toString(),
        valueAfterSubtract: valueAfterSubtract.toString(),
        coreBinaryAfter,
        coreBitsLength,
        disambiguationBit,
        compressedWithDisambLSB,
        totalLengthBits
      };
    }

    function renderResult(resultObj) {
      const {
        trace,
        valueBeforeSubtract,
        valueAfterSubtract,
        coreBinaryAfter,
        coreBitsLength,
        disambiguationBit,
        compressedWithDisambLSB,
        totalLengthBits
      } = resultObj;

      // store the total length (bits) so trial mode uses the same length
      window.lastTotalLengthBits = totalLengthBits;

      let html = '';
      html += '<div class=""small""><strong>Trace (step-by-step building of value before subtract)</strong></div>';
      html += '<pre class=""mono"">';
      html += 'Step Bit Operation Value\n';
      html += '---- --- --------- ----------------\n';
      trace.forEach(t => {
        const step = String(t.step).padEnd(4, ' ');
        const bit = String(t.bit).padEnd(3, ' ');
        const op = String(t.op).padEnd(9, ' ');
        const val = t.value;
        html += `${step} ${bit} ${op} ${val}\n`;
      });
      html += '</pre>';

      html += `<div class=""result""><strong>Value before subtracting 1,048,576</strong>: ${valueBeforeSubtract}</div>`;
      html += `<div class=""result""><strong>Value after subtracting 1,048,576</strong>: ${valueAfterSubtract}</div>`;

      html += '<hr />';

      html += '<div class=""small""><strong>Compressed output (binary of value after subtraction)</strong></div>';
      html += `<pre class=""mono"">${coreBinaryAfter}</pre>`;

      html += '<div class=""small"" style=""margin-top:8px;""><strong>Disambiguation bit (LSB)</strong></div>';
      html += `<div class=""mono"">disambiguationBit (LSB) = <strong>${disambiguationBit}</strong> (original first input bit)</div>`;

      html += '<div style=""margin-top:8px;"" class=""small""><strong>Final transmitted payload (core binary after + LSB disambiguation)</strong></div>';
      html += `<pre class=""mono"">${compressedWithDisambLSB}</pre>`;

      html += `<div style=""margin-top:8px;"" class=""small""><strong>Total length used for payload (for statistics)</strong></div>`;
      html += `<div class=""mono""><strong>${totalLengthBits}</strong> bits (core binary digits: ${coreBitsLength} + 1 LSB disambiguation)</div>`;

      html += '<div style=""margin-top:8px;"" class=""small""><strong>Decompressor recipe (LSB disambiguation)</strong></div>';
      html += '<pre class=""mono"">';
      html += '1) Read the last bit of the received payload => disambiguation bit (LSB).\n';
      html += '2) Take the remaining characters (all but last). Interpret the digits as the binary representation of the value AFTER subtraction.\n';
      html += '   If the remaining string begins with ""-"", it is a negative value; parse the absolute binary and apply the sign.\n';
      html += '3) To recover the original value before subtraction, compute: valueAfterSubtract + 1,048,576.\n';
      html += '\n';
      html += 'Example (decompressor):\n';
      html += `received payload: ${compressedWithDisambLSB}\n`;
      html += `disambiguation (LSB): ${disambiguationBit}\n`;
      html += `core binary (after subtract): ${coreBinaryAfter}\n`;
      html += `parsed valueAfterSubtract: ${valueAfterSubtract}\n`;
      html += `recovered valueBeforeSubtract: ${valueBeforeSubtract}\n`;
      html += '</pre>';

      outputEl.innerHTML = html;
    }

    computeBtn.addEventListener('click', () => {
      errorEl.textContent = '';
      outputEl.innerHTML = '';
      const s = bitsInput.value.trim();
      const v = validateBits(s);
      if (v) { errorEl.textContent = v; return; }
      try {
        const result = computeFromBits(s);
        renderResult(result);
      } catch (err) {
        errorEl.textContent = 'Computation error';
        console.error(err);
      }
    });

    exampleBtn.addEventListener('click', () => {
      bitsInput.value = '010101001110000111000';
      errorEl.textContent = '';
      outputEl.innerHTML = '';
    });

    randomBtn.addEventListener('click', () => {
      bitsInput.value = randomBits21();
      errorEl.textContent = '';
      outputEl.innerHTML = '';
      computeBtn.click();
    });

    copyBtn.addEventListener('click', async () => {
      const out = outputEl.innerText || '';
      if (!out) { errorEl.textContent = 'Nothing to copy'; return; }
      try {
        await navigator.clipboard.writeText(out);
        errorEl.textContent = 'Result copied to clipboard';
        setTimeout(() => { errorEl.textContent = ''; }, 2000);
      } catch (e) {
        errorEl.textContent = 'Copy failed';
      }
    });

    function randomBits21() {
      let s = '';
      for (let i = 0; i < 21; i++) {
        s += (Math.random() < 0.5 ? '0' : '1');
      }
      return s;
    }

    // Run many random tests and show summary
    runTestsBtn.addEventListener('click', () => {
      errorEl.textContent = '';
      outputEl.innerHTML = '';
      const count = Math.max(1, Math.min(100000, Number(countInput.value) || 100));

      // Determine the total length to use for trial statistics:
      // If the user has computed a sample (window.lastTotalLengthBits set), use that.
      // Otherwise, compute it from the first random sample and use that for all trials.
      let totalLengthBits = window.lastTotalLengthBits; // may be null

      let min = null;
      let max = null;
      let sum = 0n;

      // Counters for how many samples match/shorter/longer than totalLengthBits
      let matches = 0;
      let shorter = 0;
      let longer = 0;

      let firstSampleComputed = false;

      for (let i = 0; i < count; i++) {
        const bits = randomBits21();
        const res = computeFromBits(bits);
        const valAfter = BigInt(res.valueAfterSubtract);

        if (min === null || valAfter < min) min = valAfter;
        if (max === null || valAfter > max) max = valAfter;
        sum += valAfter;

        const len = res.totalLengthBits;

        if (!firstSampleComputed && totalLengthBits === null) {
          totalLengthBits = len;
          firstSampleComputed = true;
        }

        if (len === totalLengthBits) matches++;
        else if (len < totalLengthBits) shorter++;
        else longer++;
      }

      const avg = sum / BigInt(count);

      let html = '<div class=""small""><strong>Random tests summary (using post-subtract binary + 1-bit LSB disambiguation)</strong></div>';
      html += '<pre>';
      html += `Count: ${count}\n`;
      html += `Total length used for payload (core bits after subtract + 1 LSB): ${totalLengthBits} bits\n`;
      html += `Min valueAfterSubtract: ${min.toString()}\n`;
      html += `Max valueAfterSubtract: ${max.toString()}\n`;
      html += `Average valueAfterSubtract: ${avg.toString()}\n`;
      html += '\n';
      html += `Samples with payload length equal to ${totalLengthBits}: ${matches}\n`;
      html += `Samples shorter than ${totalLengthBits}: ${shorter}\n`;
      html += `Samples longer than ${totalLengthBits}: ${longer}\n`;
      html += '</pre>';

      outputEl.innerHTML = html;
    });

    // allow Enter to compute
    bitsInput.addEventListener('keydown', (e) => {
      if (e.key === 'Enter') { computeBtn.click(); }
    });
  </script>
</body>
</html>
"
Xf9zdtPU?source=archive,Integrate with ACF,eventsmanager,text,Wednesday 19th of August 2026 10:14:36 PM CDT,"<?php

/*

Adding ACF fields to an Events Manager booking form
Use this when you want to add a pre-built ACF field group—such as dietary requirements, travel details, or preferences—to a booking form.
Before you begin, the ACF field group must already exist and contain the fields you need.
Add the ACF group to the booking form
1. Go to Events → Forms Editor.
2. Open the booking form you want to update.
3. Click Add booking field.
4. Set the field type to HTML.
5. In Field label, enter the ACF group marker in this format:
   [acf-group:group_your_acf_group_key]
   Example:
   [acf-group:group_6a856b1a2cdc0]
6. Leave the EMP field as optional. Do not make this placeholder field required.
7. Give the field a simple unique name, such as:
   acf_food_choice
8. Click Save Form.
The technical label is hidden automatically. On the booking form, visitors will see the labels, placeholders, and inputs configured in ACF.
Find the ACF group key
The group key always starts with group_, for example:
group_6a856b1a2cdc0
It is not the group title. If you cannot find the key, ask your site developer or administrator.
What happens after someone books
- The visitor completes the ACF fields as part of the booking form.
- The answers are saved with the Events Manager booking.
- In Events → Bookings → Edit Booking, the answers appear under their normal ACF field labels.
- To change wording, placeholders, options, or order, edit the field group in Custom Fields (ACF)—not in Forms Editor.
Add more than one ACF group
Add one HTML placeholder field for each group. Each placeholder needs its own ACF group key:
[acf-group:group_travel_details]
[acf-group:group_dietary_requirements]


 */

**
 * Read [acf-group:group_xxx] from the EMP Form Editor field label.
 */
function my_emp_get_acf_group_key( $field ) {
    $label = (string) ( $field['field_label'] ?? $field['label'] ?? '' );

    if ( preg_match( '/\[acf-group:(group_[A-Za-z0-9]+)\]/', $label, $matches ) ) {
        return $matches[1];
    }

    return false;
}


/**
 * Load ACF JavaScript/CSS required by select, date, repeater, gallery fields, etc.
 */
add_action( 'wp_enqueue_scripts', function () {
    if ( function_exists( 'acf_enqueue_scripts' ) ) {
        acf_enqueue_scripts();
    }
}, 20 );


/**
 * Replace the EMP placeholder field's normal input with an ACF field group.
 *
 * EMP passes: $input, $EM_Form, $field, $value
 */
add_filter( 'emp_forms_output_field_input', 'my_emp_render_acf_group', 20, 4 );
function my_emp_render_acf_group( $input, $EM_Form, $field, $value = '' ) {
    $group_key = my_emp_get_acf_group_key( $field );

    if ( ! $group_key || ! function_exists( 'acf_get_fields' ) ) {
        return $input;
    }

    $acf_fields = acf_get_fields( $group_key );

    if ( empty( $acf_fields ) ) {
        return '<p class=""emp-acf-error"">ACF field group not found.</p>';
    }

    ob_start();
    ?>
    <div class=""emp-acf-field-group"" data-acf-group=""<?php echo esc_attr( $group_key ); ?>"">
        <input type=""hidden"" name=""my_emp_acf_groups[]"" value=""<?php echo esc_attr( $group_key ); ?>"">

        <?php
        /*
         * Post ID 0 means a new registration: show ACF defaults/placeholders,
         * without accidentally loading values from the checkout page itself.
         */
        acf_render_fields( $acf_fields, 0 );
        ?>
    </div>
    <?php

    return ob_get_clean();
}


/**
 * Optional wrapper class around the EMP field.
 */
add_filter( 'emp_forms_output_field', 'my_emp_acf_group_wrapper', 20, 4 );
function my_emp_acf_group_wrapper( $html, $EM_Form, $field, $value = '' ) {
    if ( ! my_emp_get_acf_group_key( $field ) ) {
        return $html;
    }

    // Remove only the EMP label containing [acf-group:group_xxx].
    $html = preg_replace(
        '~<label\b[^>]*>.*?\[acf-group:group_[A-Za-z0-9]+\].*?</label>~is',
        '',
        $html,
        1
    );

    return '<div class=""emp-form-field--acf"">' . $html . '</div>';
}

/**
 * Store submitted ACF values in Events Manager booking metadata.
 */
function my_emp_store_acf_booking_values( $booking ) {
    if (
        empty( $_POST['my_emp_acf_groups'] ) ||
        empty( $_POST['acf'] ) ||
        ! is_array( $_POST['acf'] )
    ) {
        return;
    }

    $posted_acf = wp_unslash( $_POST['acf'] );
    $groups     = array_unique( (array) wp_unslash( $_POST['my_emp_acf_groups'] ) );
    $saved      = array();

    foreach ( $groups as $group_key ) {
        if ( ! preg_match( '/^group_[A-Za-z0-9]+$/', $group_key ) ) {
            continue;
        }

        $fields = acf_get_fields( $group_key );

        if ( empty( $fields ) ) {
            continue;
        }

        foreach ( $fields as $acf_field ) {
            if ( array_key_exists( $acf_field['key'], $posted_acf ) ) {
                $saved[ $group_key ][ $acf_field['key'] ] = $posted_acf[ $acf_field['key'] ];
            }
        }
    }

    if ( $saved ) {
        $booking->booking_meta['booking']['acf'] = $saved;
    }
}


/* Standard single-event bookings. */
add_filter( 'em_booking_get_post', function( $result, $EM_Booking ) {
    my_emp_store_acf_booking_values( $EM_Booking );
    return $result;
}, 20, 2 );


/* Multiple Bookings checkout. */
add_filter( 'em_multiple_booking_get_post', function( $result, $EM_Multiple_Booking ) {
    my_emp_store_acf_booking_values( $EM_Multiple_Booking );
    return $result;
}, 20, 2 );

/**
 * Replace the default Booking Details rows with Comment + stored ACF values.
 */
add_action( 'em_bookings_single_custom', 'my_emp_show_acf_on_booking_edit_screen', 10, 1 );

function my_emp_show_acf_on_booking_edit_screen( $EM_Booking ) {
    

    $groups = $EM_Booking->booking_meta['booking']['acf'] ?? array();

    if ( empty( $groups ) || ! is_array( $groups ) || ! function_exists( 'acf_get_fields' ) ) {
        return;
    }

    foreach ( $groups as $group_key => $values ) {
        $fields = acf_get_fields( $group_key );

        if ( empty( $fields ) || ! is_array( $values ) ) {
            continue;
        }

        foreach ( $fields as $acf_field ) {
            if ( ! array_key_exists( $acf_field['key'], $values ) ) {
                continue;
            }

            $raw_value = $values[ $acf_field['key'] ];

            $formatted_value = function_exists( 'acf_format_value' )
                ? acf_format_value( $raw_value, 0, $acf_field )
                : $raw_value;
            ?>
            <tr class=""emp-acf-booking-field"">
                <th><?php echo esc_html( $acf_field['label'] ); ?></th>
                <td>
                    <span class=""em-booking-single-info"">
                        <?php echo wp_kses_post( my_emp_acf_booking_value_html( $formatted_value ) ); ?>
                    </span>
                </td>
            </tr>
            <?php
        }
    }
}

function my_emp_acf_booking_value_html( $value ) {
    if ( is_bool( $value ) ) {
        return $value ? 'Yes' : 'No';
    }

    if ( is_object( $value ) ) {
        if ( isset( $value->post_title ) ) {
            return esc_html( $value->post_title );
        }

        return esc_html( wp_json_encode( $value ) );
    }

    if ( is_array( $value ) ) {
        $items = array();

        foreach ( $value as $item ) {
            $items[] = my_emp_acf_booking_value_html( $item );
        }

        return implode( ', ', $items );
    }

    return nl2br( esc_html( (string) $value ) );
}"
QJYJvAAm?source=archive,Untitled,dgl_2,text,Wednesday 19th of August 2026 09:49:19 PM CDT,"She hooked her finger into the seam of your hood and tugged it down to your neck, so that she could look at your whole face without permission, bloodied skull and all.

      You flushed until the tips of your ears were red hot. Fear and humiliation formed a bone hook at the back of your superior articular facet; acrimonious rage drove it forward, caught the loop, and withdrew it backward, as though unknitting your nerves. The scythe of pain that swept over the back of your scalp nearly made you sick again, and you would have been if you had not of late become the Saint of Emesis. You squeezed the nerve flat with the muscles around it and wedged the minute hook back into your spinal mass where it belonged. This resulted in a whole-body case of pins and needles so profound that all you could do was thrash like a fish on the end of a line. The finger was withdrawn. The stormy eyes widened, just fractionally. An emotion was playing out over her face that was—not unfamiliar to you—but nonsensical; you discarded it.

      “You oughtn’t to have done that,” she said. “You might have blown out your dorsal nerve and asphyxiated.”

Harrow the Ninth - Act One, Chapter Six"
bAM0HK2X?source=archive,Untitled,dgl_2,text,Wednesday 19th of August 2026 09:37:31 PM CDT,"You were close enough to the crates stacked up by the door now to see that they had been placed against the wall hastily, and somewhat ajar. You wobbled to your feet and pushed them down in a domino cascade of clanging plex.

      Behind the boxes were hundreds of thick nail fragments, like the broken horns of some weird animal, scattered on the floor and embedded in the wall. Some of them were brown with dried blood. Long, ragged missiles of keratin were, at some points, finger-deep in the panelling. You crawled back to the cot where the Body laid you down on the sheets, placed the heinous sword within your arms, added the letters to this pile, and gave you the go-ahead to fall unconscious.

Harrow the Ninth - Act One, Chapter Four"
KrmHBgAZ?source=archive,Untitled,dgl_2,text,Wednesday 19th of August 2026 09:24:56 PM CDT,"Unfolding the flimsy and spreading it across your knees was the final gobbet boiling off the skeleton. The letter was written in Ninth House crypt-script; your own cipher, based off that of your parents and developed when you were seven years old. It was unbreakable to anyone who lacked your rosary, Marshal Crux, and a hundred or so years to spare.

Harrow the Ninth - Act One, Chapter Four"
7rSxMSbq?source=archive,Untitled,dgl_2,text,Wednesday 19th of August 2026 09:20:40 PM CDT,"They were a damned fool for not getting atop you. You found your fingers and plucked the thumbnail from your left hand, screaming into that asphyxiating white darkness, and separated your bloody disc of keratin and flesh into a thousand racine fragments, then expanded those into a multitude of jagged, splintering fléchettes. Blind, airless, you swung these stiff and hairy missiles into your assailant like so much shrapnel; you heard them thud into flesh and ping off the wall and bury themselves in steel. Good. Good. The weight on the pillow lightened, and—

Harrow the Ninth - Act One, Chapter Four"
NgDKGhHN?source=archive,Untitled,dgl_2,text,Wednesday 19th of August 2026 09:17:50 PM CDT,"Harrowhark watched Crux get older, and older and older, and tried all the tricks in her box to keep him upright—there was terrible plaque in his arteries, and he pretended that he did not notice her scraping them.

Harrow the Ninth - Act One, Chapter Three"
rJbHV8jn?source=archive,Untitled,dgl_2,text,Wednesday 19th of August 2026 09:13:47 PM CDT,"The Ninth House elderly became the Ninth House decrepit, and the Ninth House decrepit became the Ninth House dead. Harrowhark was by most of them when they died, except if they had a sudden pulmonary, and even at fourteen she was good enough with a heart arrest to keep them going until she could give them final rites. She’d always disdained flesh magic, but she had a knack for the aorta. Later, when their meat had trickled away, she personally raised their de-fleshed skeletons to work the mangle or quietly rake the snow-leek fields in the upper reaches of Drearburh. Much of her necromancy had been sharpened by the day-to-day busywork of geriatric death, of the niche and the skull, of sitting with osteoporotic bones and filling up their honeycomb so that the constructs did not end up a confusion of ribcages with their legs powdering off. Her parents knew what they had been about, making a genius out of two hundred dead children: it took a genius simply to keep the House from deliquescing into a pile of bones and pneumonia victims.

Harrow the Ninth - Act One, Chapter Three"
5rMM4LBe?source=archive,Untitled,dgl_2,text,Wednesday 19th of August 2026 08:55:51 PM CDT,"“The choice I offered you was always a false one,” he said. “I’m sorry. The Resurrection Beasts always know where I am, and wherever I am they turn themselves to me and start moving … slowly … but never stopping. And they don’t turn to me alone, though they focus on me most strongly. They hunt whoever has committed the—indelible sin.”

      You stared at him. He dropped his hands.

      You said, “Which indelible sin?”

      “The one you committed when you became a Lyctor,” said the Emperor.

Harrow the Ninth - Act One, Chapter Two"
BzCYhWZQ?source=archive,Untitled,dgl_2,text,Wednesday 19th of August 2026 08:53:06 PM CDT,"Sweat came to the centres of your palms totally unbidden. A trickle of blood started down your leg, and you stopped it in midflow, dried it to flakes on your skin, and clotted the breach. Such an act took no effort now.

Harrow the Ninth - Act One, Chapter Two"
7ZbFk7ME?source=archive,Untitled,dgl_2,text,Wednesday 19th of August 2026 08:50:27 PM CDT,"The Emperor said, “Harrowhark, what happens when somebody dies?”

      It was a crèche question. You ought to have been able to answer it in the same way other people walked or breathed, which was why you found it difficult. The simplicity seemed a trap. You dug your thumbnail into the top of your thigh until it squelched all the capillaries beneath the skin, and you said: “Apopneumatism. The spirit is forced from their body. The initial thanergy bloom occurs.”

      “Why?”

      “Thalergetic decay causes cellular death,” you said carefully, pressing the nail in harder, “which emits thanergy. The massive cell death that follows apopneumatism causes a thanergetic cascade, though the first bloom fades and the thanergy stabilises within thirty to sixty seconds.”

      “What happens to the soul?”

      “In the case of gradual death—senescence, illness … certain other forms—transition is automatic and straightforward. The soul is pulled into the River by liminal osmosis. In cases of apopneumatic shock, where death is sudden and violent, the energy burst can be sufficient to countermand osmotic pressure and leave the soul temporarily isolated. Whence we gain the ghost, and the revenant.”

      “And what has a soul?”

      You weren’t going to last the distance. The questions were beginning to sound stupid, or sophistic. The Body watched you with careful, filmy eyes. “Anything with a thalergetic complexity significant enough to … have a soul. So, humanity.”

Harrow the Ninth - Act One, Chapter Two"
KatEbvUe?source=archive,Untitled,dgl_2,text,Wednesday 19th of August 2026 08:41:52 PM CDT,"You felt the dead in some onboard morgue—ten bundles of discrete dead, of thanergy with the rot of thalergy arrested, snap-frozen. The stillness of this thanergy was profound: not even a body in ice was so still.

Harrow the Ninth - Act One, Chapter Two"
5YFPJLXz?source=archive,Untitled,jadenquinn,text,Wednesday 19th of August 2026 04:08:28 PM CDT,"I just had a dream where society has been collapsed for like 5 years, because all of the structure’s frames are intact, and the power is still running because the elevators still kind of work, but you can’t get in them because the box is totally destroyed, mostly only the frame remains. It’s basically an elevator
I kept getting stolen from in person. When I first arrived, I walk around some of the ruined objects for about 30 seconds. Then this guy comes up to me, and I start trying to ask him why things are the way they are here, he just sighs and gives me a 10 dollar bill.
Next, I come across this old car that’s stopped in the middle of the road diagonally. This guy died in his car, I presume he was murdered. Then I take his case out of his car and I dump everything out so I can examine. I find a few things, including a wallet and a little bag, that when I turned it around, I saw had a bunch of used medical syringes. For some reason I took this as the reason he was murdered, even though that doesn’t make sense since they were still there, but when I got up to leave, these 2 guys jump me, and basically just want to kill me. They’re not asking for anything except for a fight. I check my (now) wallet, and I have about 75 bucks in it in different bills, but knowing this, I just hand them the 10 dollar bill that guy from before handed me earlier, since I hadn’t put it away yet. They took it but still perused me. I don’t remember what happened next but I assume I outrun them and escape, because I end up with a few “friends” in this overrun school lunch table kind of area with those silver metal benches. There’s a lot of people in this area, none of them look sane, but they’re all hanging out and talking to each other. I overanalyze everything I see in real life, so naturally I’m able to notice the most dangerous looking group in this area. So I’m talking to my friends, and this tall dude with a smirk on his face comes from that dangerous  group, picks up my wallet, walks off with it, and puts it on his group’s side of that table. I run over, intending to take it right back, not fearing what would happen, and when I pick my wallet up, I see that this group has been busy doing basically the same thing to everyone, because there’s about 10 more wallets stacked up on their table.
I take my wallet back, and run back to my “friends” table. I see that tall guy get up again, and start heading toward me looking right at me, and I put 2 and 2 together. I get up and start backing up, looking for something to grab to fight with, and I settle on my metal “chug jug”, which is basically the one I have in real life, my huge Stanley thermos. This ought to do some damage. So I analyze his behavior a little bit moving around, before I go in for an attack. He starts grabbing chairs and stuff to move out of his way in his advance, but I just run around the whole bench area for about 10 seconds, then I move in when he for some reason decides to sit in one of the chairs he’s trying to move (but still clearly trying to advance), and I whack him on the left side of the head with my Stanley about 3 times before I’m realizing this isn’t doing much, so I try the other side once. He was still alive, so I just ran. I ran as far as I felt I should without getting “too lost”. This place was a wreck. I ran over scaffolding looking stuff, I ran between these kind of square metal air duct looking things that go between buildings, I take a few turns before I jump into this half-husk of a.. what I think used to be a warehouse building. I stop in it because I think I see that it has an elevator, and that it goes… SOMEWHERE. I don’t know exactly where I am in relation to sea level, up or down, I just felt like I needed to try something at least.
There’s dishevelment everywhere. Broken wooden signs, huge paper things torn apart flat on the floor, and you can see a lot of the structure’s main structural beams and things on display.
I entered this building from the far right side, through a big opening where there was no wall. There’s not much to my left except darkness, but there are controls for an elevator on the right. There’s also this mesh that I assumed would open for the elevator. I press the “up” control, and I hear stuff happening. Surprised it still works, I see if very clearly from the side come up to my level, but the fact that I think I could see into the elevator column and likely into the cab, I wasn’t confident that I could safely ride it anywhere because the floor is likely gone.
It jitters a few times but after about 10 seconds, it gets to my level, the mesh opens like a door, and I see inside the elevator, and like I suspected, almost all of its floor is completely gone. Only some blue plastic construction baggy stuff remains, and I make the decision not to take it.
That’s where the dream ends, because it was 1:30PM and I didn’t want to go back to this place by falling asleep again."
dTm6qC1L?source=archive,Untitled,dgl_2,text,Wednesday 19th of August 2026 03:25:16 PM CDT,"You were afraid someone might take your sword away from you if you left it; rather than lifting it, you lay down next to where it glowered at you blackly from the bed. You rolled over onto its flat steel breadth and bound crisscross straps of dense bone across your back, around the blade, around the hilt. Straining beneath its weight, with nothing but a ripped-up sheet to mask you, pathetic in your turquoise nudity, you found yourself accompanying the Emperor down long black corridors, trying to fix yourself in time and space.

Harrow the Ninth - Act One, Chapter Two"
UnGUh4Aj?source=archive,Untitled,dgl_2,text,Wednesday 19th of August 2026 03:14:05 PM CDT,"“Nice to hear you’re feeling better,” he said. “I’m not going to talk philosophy with you, not when you’ve spent the last three hours venting your gut.” (Had you?) “I’m not a monster. Go rinse your teeth. I don’t care that you can fill your own cavities, not looking after those things seems wasteful.”

Harrow the Ninth - Act One, Chapter Two"
HLRa8nfM?source=archive,Untitled,dgl_2,text,Wednesday 19th of August 2026 03:09:55 PM CDT,"In your old life you might have been curious. But other noises haunted you, quite apart from the ones occurring to your ears. There was a great unmusical straining aboard ship—the sounds of wet drums—which had panicked you before you’d realised, with settling calm, that you were hearing the heave of seven hundred and eight beating hearts. You heard seven hundred and eight brains, thrumming in their cerebral fluid. You knew without checking that three hundred and four of those straining hearts belonged to necromancers; a necromancer’s heart myocardium flexed differently to your ears, worked worse, squeezed more feebly. You were sensing the living. Once you worked out what you were hearing, you became aware of everything immediate to you: the dust settling on the gleaming black plaques of the floor; the roiling of your pulmonaries; the soft marrow of your bones sucking up oxygen. Despite all this cacophony, you could not stay awake.

Harrow the Ninth - Act One, Chapter One"
uSRDG8Hh?source=archive,Untitled,dgl_2,text,Wednesday 19th of August 2026 03:06:47 PM CDT,"The sword hated you to touch it. The long hilt burnt your bare hands as though heated to starlike temperatures. The vacuum of space outside yielded no thanergy and generated no thalergy, but it didn’t matter. You no longer needed either. You iced your palms over with thick bands of cartilage, and you tried again.

      Now the grip seemed cold as death, and it was just as heavy. You lifted, and your elbows locked, and you grasped the pommel to try to steady yourself. You tried a new trick—you slipped a narrow ribbon of bone up from your living metacarpal and eased the fragment gently around the flexor tendon, and you pierced it through the back of your hand. You didn’t flinch. It was never your way. From there you unfolded long fingers of bone to grasp the handle, then more, to grasp it again; you lifted it, in a manner of speaking, assisted by a seething, clattering basket of eight phalanx articulates.

      So now you could wobble the sword up in an obtuse angle before yourself. You waited. You felt nothing: no understanding, no mastery, no knowledge. You were just a necromancer, and it was just a sword. It fell away from your hands and clattered to the floor, and you folded in half, and you upchucked violently all over the hospital tiles.

Harrow the Ninth - Act One, Chapter One"
yz9HmWUk?source=archive,Untitled,dgl_2,text,Wednesday 19th of August 2026 02:08:41 PM CDT,"You did not wake up having passed into the thanergetic space that was the sole province of the dead, and the necromantic saints who fought the dead; you woke up in the corridor outside your rooms, on your side and broiling, gasping for air, soaked right through with sweat—your own—and blood—your own; the blade of your rapier leered through your stomach, punctured through from behind. The wound was not a hallucination or a dream: the blood was wet, and the pain was terrible. Your vision was already curling up black at the edges as you tried to close the rent—tried to sew your viscera shut, cauterize the veins, stabilize the organs whimpering into shutdown—but you were far too gone already. Even if you had wanted it, the imminent death letter would not be yours to read. All you could do was lie gasping in a pool of your own fluids, too powerful to die quickly, too weak to save yourself. You were only half a Lyctor, and half a Lyctor was worse than not a Lyctor at all.

Harrow the Ninth - Prologue"
T9KPZk2c?source=archive,Untitled,dgl_2,text,Wednesday 19th of August 2026 02:07:13 PM CDT,"The darkness got darker and cooler as the first shield of perpetual bone cocooned you—the act of a fool, meaningless, doomed to dissolve the moment you submerged—then the second, then the third, until you were lost in an airless and impregnable nest.

Harrow the Ninth - Prologue"
U65wFyjb?source=archive,Untitled,dgl_2,text,Wednesday 19th of August 2026 01:58:53 PM CDT,"The doors to your quarters slid open with an antique exhalation of gas levers. But the intruder did not set off the traps of teeth you’d embedded in its frame, nor the gobbets of regenerating bone you had gummed onto the threshold. She stepped over the threshold with her cobwebby skirts rucked high on her thighs, teetering like a dancer.

Harrow the Ninth - Prologue"
pwtefmCq?source=archive,Untitled,dgl_2,text,Wednesday 19th of August 2026 12:53:04 PM CDT,"“Please undo what I’ve done, Lord,” she said. “I will never ask anything of you, ever again, if you just give me back the life of Gideon Nav.”
“I can’t,” he said. He had a bittersweet, scratchy voice, and it was infinitely gentle. “I would very much like to. But that soul’s inside you now. If I tried to pull it out, I’d take yours with it and destroy both in the process. What’s done is done is done. Now you have to live with it.”

Gideon the Ninth - Epilogue"
QPxx71Kk?source=archive,Untitled,dgl_2,text,Wednesday 19th of August 2026 12:50:10 PM CDT,"Harrowhark drove the blade home, straight through the malignant thing in Cytherea’s chest: it bubbled and clawed out of her, a well of tumours, a cancer, and she seized up. It ran through her like a flame touched to oil, seething visibly beneath her skin, her veins, her bones. They bulged and buckled. Her skin tore; her heart strained, stretched, and, after ten thousand years’ poor service, gave out.
Cytherea the First sighed in no little relief. Then she toppled over, and she died.

Gideon the Ninth - Act Five, Chapter Thirty-Seven"
wpKaijdu?source=archive,Untitled,dgl_2,text,Wednesday 19th of August 2026 12:49:08 PM CDT,"Their swords met. The noise of metal on metal screamed in that empty garden. Cytherea the First had been Cytherea the First for ten thousand years, and even ten thousand years ago her cavalier had been great. Time had made her more perfect than a mortal cavalier could understand. In a fair fight, they might even have fought to a standstill.
It was not a fair fight. As they fought—and fighting was like a dream, like falling asleep—they could see Cytherea was made up of different parts. Her eyes had been taken from somewhere else, two blue spots of someone else’s fire. Within her chest another conflagration burned, and this one was eating her alive: it smoked and smouldered where her lungs ought to have been, bulging, dark, and malignant. It had swollen to the bursting point inside her body, and most of Cytherea’s energy was being expended on holding it still. Harrow could touch what Palamedes had done; nudge it; knock it out of Cytherea’s grip.

Gideon the Ninth - Act Five, Chapter Thirty-Seven"
UXS5KUdJ?source=archive,Untitled,dgl_2,text,Wednesday 19th of August 2026 12:47:15 PM CDT,"“Harrowhark,” said Gideon the Ninth. “Someday you’ll die and get buried in the ground, and we can work this out then. For now—I can’t say you’ll be fine. I can’t say we did the right thing. I can’t tell you s**t. I’m basically a hallucination produced by your brain chemistry while coping with the massive trauma of splicing in my brain chemistry. Even if I wasn’t, I don’t know jack, Harrow, I never did—except for one thing.”
She lifted Harrow’s arm with the hilt clutched in it. Her fingers, rough and strong and sure, moved Harrow’s other hand into place above the pommel.
“I know the sword,” she said. “And now, so do you.”
Gideon brought them into position: weight on the forward foot, knee bent a little, light on the right. She tilted the blade so that it was held with the blade pointed high before them, a perfect line. She moved Harrow’s head up and corrected her hips.
Time sped up, blurred, moved in bright lights before them. Now the old Lyctor Cytherea—wretchedly old, it seemed impossible that they could have ever taken her for anything else—stood there at the bottom of the stairs. Her radioactive blue eyes were quiet; her sword was held at the ready. She was smiling with colourless lips.
“How do you feel, little sister?” she said.
Harrowhark’s mouth said, “Ready for round three,” and, “or round four, I think I lost track.”

Gideon the Ninth - Act Five, Chapter Thirty-Seven"
HfBL0WFx?source=archive,Untitled,dgl_2,text,Wednesday 19th of August 2026 12:44:41 PM CDT,"Gideon said, “Take it down.”
And Harrow took it down. It was bafflingly simple. It was nothing more than a raised skeleton, and not one that had been formed with any particular grace. It was half gone already, having torn itself free like an animal from her trap. The head was just a chitinous plate. The trunk was a roll of bone. The remaining tentacles fell like rain, arrested in midswing. The bone responded to their call, and together they sailed the thing through the cracked glass panes of the terrace garden to fall—a huge white comet, with flailing tails of bone—into the rolling ocean.

Gideon the Ninth - Act Five, Chapter Thirty-Seven"
ty120hj5?source=archive,Untitled,dgl_2,text,Wednesday 19th of August 2026 12:39:16 PM CDT,"“I’m not done,” said Gideon’s half-dead necromancer.
Harrow closed her hands. The last thing Gideon saw was the debris of her perpetual servants rattling toward them, bouncing through the air and over the flagstones, hardening in a shell over her and Camilla and Harrow as all those tendrils struck them at once. The noise was deafening: WHAM—WHAM—WHAMWHAMWHAMWHAMWHAMWHAMWHAM—until it became a single hammer, a metered pounding: WHAM … WHAM … WHAM …
The world vibrated around them. Everything was suddenly very dark. A wavering yellow light flicked on, and Gideon realised that against all odds Camilla had somehow retained her pocket torch.
They were closed in with the bowing iron trellises and the wilting, anciently dead bushes. The sky, the sea, and the rest of the garden were cut off behind a smooth curved shell of what seemed to be solid, uninterrupted bone, like the hemisphere of a propped-up skull. Harrow swayed upright in the gloom as the beast tried to crack them open like a nut and looked at Camilla and Gideon through a face that was mostly blood. Not even blood sweat: just blood. Beneath her skin blood vessels had detonated like mines. It was coming through her pores. She’d figured out how to make perpetual bone, half-destroyed a giant dead spider from hell, and now she’d raised a solid wall six inches thick and was holding it up with sheer nerve.
The Reverend Daughter of the Ninth House smiled, tiny and triumphant. Then she keeled into Gideon’s arms.

Gideon the Ninth - Act Four, Chapter Thirty-Six"
19EHrwDn?source=archive,Untitled,dgl_2,text,Wednesday 19th of August 2026 12:36:21 PM CDT,"Cytherea turned to look. The black-robed, black-hooded figure had stumbled forward, step by staggering step, away from the shelter of the tower wall. She was bookended by skeletons—skeletons too huge to have ever lived inside the greasy meat sock of anyone real. Each was eight feet high with ulnar bones like tree trunks and wicked bone spikes spiralling over their arms.
“I wish the Ninth House would do something that was more interesting than skeletons,” said Cytherea pensively.
One of the monstrous constructs flung itself at Cytherea, like she was a bomb it was ending its life upon. The second came shambling after it. Cytherea contemptuously dashed away one skeleton’s enormous forearm spike—she shattered another with her rapier—and the spike, almost before it had finished crumbling, stretched and pushed itself back into shape. Harrow wasn’t stinting on the perpetual bone, and if she kept it up she was going to be a perpetual corpse.
Gideon rolled away, seized her sword, and crawled. Her pierced arm left a snail’s trail of slippery red behind her. It was only years of training under Aiglamene that gave her the guts to wobble herself upright before her adept, blind with blood, blade leant flat on her good shoulder. Two more dead giants were already knitting themselves together. Harrow couldn’t afford this, she thought dimly; Harrow couldn’t afford this at all.

Gideon the Ninth - Act Four, Chapter Thirty-Six"
26V9Ga67?source=archive,Untitled,dgl_2,text,Wednesday 19th of August 2026 12:32:50 PM CDT,"Gideon the Ninth charged. Cytherea went straight for her heart, no foreplay, but this was a Gideon who had trained with a double-handed sword since before she could even hold the damn thing. This was a Gideon who had lived her entire life behind the hilt of a two-hander. No more playing around with dodging and ducking and moving away—it was her, her sword, and all of the power and strength and speed that Aiglamene had been able to realise in her.
She met Cytherea’s water-smooth thrust to her heart with an upward cut that flung the Lyctor’s rapier’s point skyward, and ought to have knocked it clean out of her hand. She stopped thinking about the pain in her knee and went back to being the Gideon Nav who never left Drearburh, who fought like it was her only ticket off-world. The Lyctor danced out and in again, close quarters, trying to slide her sword under and around Gideon’s own. Gideon knocked the thing to the ground, the rapier scraping the flagstones with an awful screech. Cytherea retreated, prettily, and Gideon smashed her guard and followed through with a huge, perfect overhand cut.

Gideon the Ninth - Act Four, Chapter Thirty-Six"
7Bb9Kpub?source=archive,Untitled,dgl_2,text,Wednesday 19th of August 2026 12:21:39 PM CDT,"For one vertigo-inducing moment she was above the battlefield. She sailed past the huge, masklike face of the bone construct, a thick coating of regenerating bone seeping down its legs in rivulets—free-falling, with an aerial view as Camilla danced through the chaos toward the calm and fragile figure of Cytherea the First, who stood watching her approach. Gideon tried to twist in the air—if she could just contrive to hit a window, rather than the wall—
She was caught with a force that jangled her teeth in her mouth. A spindly pillar of skeletal arms had risen up from the maelstrom to stop her in midcareer, a hundred bone fingers scoring bloody ribbons over her back; but she was not splattered against the wall, which was the main thing.
The pillar of arms was destroyed by a long, sweeping blow from one of the construct’s innumerable bone whips, and she fell to earth again, gravity arrested by the hands helpfully piling themselves up to reduce her fall to terrible from obituary. She landed in a pile next to her necromancer, and her knee went crunch.

Gideon the Ninth - Act Four, Chapter Thirty-Six"
NyCxyJfj?source=archive,Untitled,dgl_2,text,Wednesday 19th of August 2026 12:18:03 PM CDT,"The construct crooned in its chains. The central rod that Harrow had somehow awled through its trunk was bowing dangerously. Gideon dove back into the affray of joint and gristle with her sword scything before her and, just as in the Response room, felt another presence slide into her mind like a knife into a pool of water. Her vision blurred out and something said in the back of her mind:
On your right. Eye level.
It wasn’t a voice, precisely, but it was Harrowhark. Gideon pivoted right, longsword held high. The first leg of the construct loomed before her, a weighty breadth of impenetrable bone, but the back of her mind told her: Wrong. Inch higher. Pierce.
Gideon rehefted the weight of her sword in her hands, steadied the pommel with the butt of one palm, and thrust it home. The bone was thinner here. Across her softened sight a light fizzed in and out of vision, the exact same corona of light that had happened a thousand years ago—a hundred thousand, a myriad of myriads—inside the first trial chamber. She pulled her sword free and the leg buckled.
Half a dozen tendrils came after her. They would have given her an interesting array of new airholes for speed, but a skeleton staggered out of the darkness and took most of the blows, jawbone crushed into powder as a tendril lashed open its skull. Another skeleton lurched in where its comrade had died—but this one dashed past Gideon, over to the glimmering wound she had carved into the leg, and it thrust its arm into the gash.
Then it melted. Gideon had a few seconds to watch as it sludged into shining silvery-white bone matter. With a little sizzle of evil-smelling steam, it shrouded the wound and the bottom of the leg in a lahar of hot bone gunge.
She tore her gaze away to skid beneath the heaving torso of the beast, narrowly dodging another few desperate tendrils, cutting her way through a damp nest of them as they unfurled and regrew themselves like the coils of a razor-sharp plant. The leg closest to her had found purchase on the floor with its dainty, sharp-capped foot, so much like the leg of an arachnid, and seemed to be in the process of levering the whole thing upright.
The back of her head said: It’s above you. Gideon slipped her grip down the handle of her sword, her forearm alarmed with the effort, tip wavering as the leg shifted and hesitated above her. The back of her head said: Now.
This one was harder. She didn’t have as much purchase. Gideon rammed her sword upward, getting a grip on the pommel and shoving into the limb again, as plates of bone splintered overhead and dried flakes of marrow spun down like confetti. The leg tumbled down like a cut tendon.
Yet another skeleton appeared next to her and, as she withdrew the sword, plunged into the shining gap. It too dissolved into the hot, foul muck that slid inside the construct’s body and enrobed the rest of the leg, dripping down into the floor, cooling rapidly. The hard shine of it and the suppressed agony of triumph in the back of Gideon’s head made her eyes water, and she was filled with a weird pride that was all her own. Holy s**t. Perpetual bone. Harrow had actually cracked it.

Gideon the Ninth - Act Four, Chapter Thirty-Six"
JB6VdXj4?source=archive,Untitled,dgl_2,text,Wednesday 19th of August 2026 12:12:43 PM CDT,"She stepped away and wrenched her sword upward—pulling Cytherea’s arm up with it—closed the gap in a hurry, and kicked the Lyctor’s legs out beneath her. Cytherea lost her grip and collapsed into the bone-litter strewn across the atrium floor. She coughed and winked at Gideon, and the scattered bones rose up and closed around her like waves, hiding her from sight.

Gideon the Ninth - Act Four, Chapter Thirty-Six"
Mnarcqt2?source=archive,Untitled,dgl_2,text,Wednesday 19th of August 2026 12:07:44 PM CDT,"Her arms were whole again. Her most beloved and true companion—her plain two-hander, unadorned and perfect—smashed through tendrils and teeth like a jackhammer drill. Stinging flails of bone met her blade and exploded into grey foam as she stood her ground and pummelled them with great, swinging arcs of good cold Ninth House steel.
With Harrow there, suddenly it was easy, and her horror of the monster turned to the ferocious joy of vengeance. Long years of warfare meant that they each knew exactly where the other would stand—every arc of a sword, every jostling scapula. No hole in the other’s defences went unshielded. They had never fought together before, but they had always fought, and they could work in and around each other without a second’s thought.
Gideon pushed for space. She forced a path, step by careful step, toward the centre of the construct. A tentacle lashed out at her leg; she sliced it open on the downswing and danced away from a stiff whip of molars aimed straight at her heart. Behind her, Harrow took it: it trembled into its component parts, then became a dust of teeth, which settled into a glue that stuck wobbling tendrils together so they broke themselves into pieces trying to smash away. What Harrow did not take, Gideon struck down. She struck at spines with the mad fury and sudden belief that if she just hit and hit and hit—accurately enough and hard enough and well enough—she could rewrite time and save Isaac and Jeannemary; save Abigail, save Magnus.
But the size of the thing defied thought, and every strike created shrapnel. Harrow was doing something, shielding her somehow; the air was a hail of sharp particles that ought to have shredded her skin, and yet none of them seemed to reach her. Even so, the white-out of pinging, ricocheting chips made it hard to see her target. From the corner of her eye, she saw Camilla running through a blizzard of teeth and spines and swinging bone lappets with both knives crossed in front of her chest—then she was gone, lost to view.
Gideon ploughed through a veil of flimsy bone shafts. They were under the bulk of the construct now. Six more skeletons sprang to life and formed a perimeter—these were pillars without legs, thrust through the floor, with the big plated arms and bone-wadded shoulders of the construct in the Response room. They grappled great breadths of the construct’s tendrils to themselves, and in the clearing between their backs Harrow flexed her fingers together. She shook finger bones out of her sleeves and slapped the trembling phalanges between her hands like clay. Gideon was busy shearing off questing tentacles that snaked past the skeleton guard and went for her necromancer, catching only a confused glimpse of the slim rosary of knuckles that Harrow was looping around her arm. Then Harrow flung it upward like a whip, and it punched straight through the monster’s midsection, burying itself somewhere deep.
She barked at Gideon, “Get clear!”
Two of the skeleton-pillars, still hugging tangled bunches of bone, bowed apart to make a path. Gideon pulled her hood down over the exposed skin of her face as she squeezed through the gap and staggered clear, away from the nightmare of splintering fibulae and tibiae. But before she could find her footing, Cytherea the First leapt from her place of ambush.

Gideon the Ninth - Act Four, Chapter Thirty-Six"
GUX3YHTP?source=archive,Untitled,dgl_2,text,Wednesday 19th of August 2026 12:04:27 PM CDT,"The squirming pile of skeletons exploded outward, and so did the floor. Bricks and tiles and splinters of wood scythed across the atrium like shrapnel. Gideon threw herself behind the fountain, Camilla dived behind an old sofa and Harrow wrapped herself in a hard white cocoon. Skeletons tumbled through the air like morbid rag dolls, bone shrapnel pinging off every surface. Cytherea the First emerged from the clusterf**k, coughing into the back of her hand, looking rumpled but entirely whole.
From the hole emerged one long, overjointed leg, then another. And another. A fretwork of bones, a net, a lace of them—long stingers of teeth, a nesting body, a construct so big that it turned one’s bowels into an icebox. The hulking construct that had killed Isaac Tettares filled the room behind its mistress, stretching itself out and expanding, pulverising a wall and a staircase as it emerged. Its great bone head lolled and loomed above them, masklike, with its hideous moulded lips and squinted-shut eyes.
But now this benighted vision stood before its natural predator, the Reverend Daughter of the Ninth House. As yet more skeletons jerked and clambered upward from their fallen comrades, Gideon got up, dusted herself off, and found Harrow standing in a pool of osseous dust and facing the construct with a hot-eyed, half-delighted anticipation. Without even thinking about it, her body moved to take her rightful place: in front of her necromancer, sword held ready.

Gideon the Ninth - Act Four, Chapter Thirty-Six"
nGEyiuet?source=archive,Untitled,dgl_2,text,Wednesday 19th of August 2026 12:01:47 PM CDT,"As Gideon sized up the best angle to join the fray, a bleached, skeletal hand emerged from behind Cytherea and grabbed her face. Another hand gripped her sword-arm at the wrist. Over Gideon’s shoulder, the skeleton in the fountain began to stir. Harrowhark stood at the top of the stairs, hands full of white particles, her skull-painted face as hard and merciless as morning: she flung them out before her like she was sowing a field. From each grain of bone a perfectly formed skeleton arose, a huge angular mass jostling and crowding on the stairs, and they poured out in single formation to rush the Lyctor one by one. She went under in a sea of bone.

Gideon the Ninth - Act Four, Chapter Thirty-Six"
D1Tr9xzf?source=archive,Untitled,dgl_2,text,Wednesday 19th of August 2026 11:27:46 AM CDT,"Gideon moved. She heard Harrow shout a warning, but she couldn’t help it. She drew her rapier from its scabbard, and she threw herself at the grey thing wearing a person skin. It was not a cavalier: it did not meet the arc of her sword with a parry. It just clouted her with Colum’s shield with a strength no human being ever had. Gideon staggered, very nearly fell, ducked out of the way of a sword gracelessly slammed downward. She took advantage of his movement, got up close, pinned his arm between her body and her sword and shattered his wrist with a meaty crack. The thing opened its mouth and opened its eyes, right up in her face. Its eyeballs were gone—Colum’s eyeballs were gone—and now the sockets were mouths ringed with teeth, with little tongues slithering out of them. The tongue in his original mouth extended out, down, wrapping itself around her neck—

Gideon the Ninth - Act Four, Chapter Thirty-Four"
69THPUw2?source=archive,Untitled,dgl_2,text,Wednesday 19th of August 2026 11:24:13 AM CDT,"Particles of bone bounced along the floor. Harrowhark had thrown them in a long, overhand arc, and they fell true at Colum’s feet. Spikes erupted from the ground, crowding Colum between them, locking him in tight. Colum raised his white-booted foot indifferently, and kicked through them. They exploded into dusty, tooth-coloured clouds of calcium.

Gideon the Ninth - Act Four, Chapter Thirty-Four"
DNfDsrgv?source=archive,Untitled,dgl_2,text,Wednesday 19th of August 2026 11:11:16 AM CDT,"Harrow had gone to stand over the quiet, punctured corpse of Teacher. She dropped to his side like a long-tailed crow. All Gideon could do was press herself back up against the wall, smell the blood, and feel absurdly empty. Her necromancer said, “You fixed nothing.”
“Harrow,” Palamedes said warningly.
“This man was a shell filled with a hundred souls,” said Harrow. The captain’s eyes flicked open, and stayed open. “He was a thing of ridiculous power—but he was a prototype. I doubt he had killed anyone before today. I would be astonished if he had a hand in the deaths of the Fourth and Fifth Houses, as he was created for the sole purpose of safeguarding the place. There is something a great deal more dangerous than an old experiment loose in the First House, and he could have helped us find out what it is. But now you’re going to die too, and you’ll never know the whole story.”

Gideon the Ninth - Act Four, Chapter Thirty-Two"
Q60Tq7H7?source=archive,Untitled,dgl_2,text,Wednesday 19th of August 2026 11:05:59 AM CDT,"Resting on the edge of the stone set into the table, there was a tooth. Palamedes picked it up. It was a premolar, with long and horrible roots: it was brown with age. He handed it to Harrow, who gently unfolded it in the way that only a bone magician could and in the way that always made Gideon’s jaw hurt. She turned it into a long ribbon of enamel, an orange with the skin taken off and flattened, a three-dimensional object turned two-dimensional.

Gideon the Ninth - Act Four, Chapter Thirty-Two"
vFw98aHE?source=archive,Untitled,dgl_2,text,Wednesday 19th of August 2026 11:02:41 AM CDT,"Harrow sighed. Then she rummaged in her pocket and took out a little nodule of bone, which she placed in the palm of her right hand. “All right,” she said. “Describe it for me.”
Palamedes stared at her.
“Hurry up,” she prompted. “I’m not waiting for the Second to find us.”
“It—I mean, it looked like a key,” he said. “It had a long shaft and some teeth. I don’t—I can’t just describe a molecular structure like it’s someone’s outfit.”
“Then how exactly am I meant to replicate it?” demanded Harrow. “I can’t—oh. No.”
“You did Imaging and Response, right? You must have, you got the key for it. Same deal. I’m going to think about the key, and you’re going to see it through my eyes.”
[...]
Palamedes closed his eyes. Harrow gnawed on her lip furiously, then closed hers too.
Nothing happened for a good thirty seconds. Gideon was dying to make a joke, just to get a reaction, when the tiny lump of matter in Harrow’s palm twitched. It flexed and began to stretch, forming a long, thin, cylindrical rod. Another few seconds passed, and a spine of bone extruded slowly from near one end. Then another.
Gideon was honestly impressed. In all the time Harrow had tormented her back on Drearburh, she had only ever used bones as seeds and starters—stitching them together into trip wires, grasping arms, kicking legs, biting skulls. This was something new. She was using bone like clay—a medium she could shape not just into one of a bunch of predetermined forms, but into something that had never existed before. It looked like it was giving her trouble too: her brow was furrowed, and the first faint traces of blood sweat gleamed on her slim throat.
“Focus, Sextus,” her necromancer gritted out. The object on her palm was now clearly a key: Gideon could see three individual teeth, twisting and flexing as Harrow filled in the fine detail. The whole length of the key quivered, and looked for a moment as though it would jump off her hand and fall to the floor, but then it abruptly lay still. Harrow opened her eyes, blinked, and peered at it suspiciously.
“This won’t work,” she said. “I’ve never had to work with something so small before.”
“That’s what she said,” murmured Gideon, sotto voce.
Palamedes opened his eyes too, and breathed a long sigh of what sounded like relief.
“It’ll be fine,” he said unconvincingly. “Come on. Let’s try it out.”
He headed for the black stone door, followed by Harrow, both cavaliers, and the five skeletons that Harrow had refused point-blank not to conjure on their way up here. He took the newly formed bone key, examined it, fitted it in the lock, and then turned it decisively to the left.
The mechanism went click.
“Oh, my God,” said Harrow.

Gideon the Ninth - Act Four, Chapter Thirty-Two"
Rd5168AZ?source=archive,Untitled,dgl_2,text,Wednesday 19th of August 2026 10:58:15 AM CDT,"“Beyond the doors there’s just the rock,” she said. “The rock and the tomb surrounded by water. I won’t bore you with the magic or the locks, or the wards or the barriers: just know that it took me a year to walk six steps inside, and that it nearly killed me then. There’s a blood ward bypass on the doors which will only respond for the Necromancer Divine, but I knew there had to be an exploit, a way through for the true and devout tomb-keeper. I knew in the end it had to open for me. The water’s salt, and it’s deep, and it moves with a tide that shouldn’t exist. The sepulchre itself is small, and the tomb…”

Gideon the Ninth - Act Four, Chapter Thirty-One"
8sXJsVh8?source=archive,Untitled,dgl_2,text,Wednesday 19th of August 2026 10:54:50 AM CDT,"Gideon’s toes found purchase and she stood, chest deep in water, goose-bumped all over from the cold. “What happened to praying that the tomb be shut forever and the rock never be rolled away?”
“My parents didn’t understand either, and that’s why they died,” said Harrowhark. “That’s why, when they knew I’d done it—that I’d rolled away the stone and that I’d gone through the monument and that I had seen the place where the body was buried—they thought I’d betrayed God. The Locked Tomb’s meant to house the one true enemy of the King Undying, Nav, something older than time, the cost of the Resurrection; the beast that he defeated once but can’t defeat twice. The abyss of the First. The death of the Lord. He left the grave with us for our safekeeping, and he trusted the ones who built the tomb a myriad ago to wall themselves up with the corpse and die there. But we didn’t. And that’s how the Ninth House was made.”
Gideon remembered Silas Octakiseron: The Eighth never forgot that the Ninth was never meant to be.
“Are you telling me that when you were ten years old—ten years old—you busted the lock on the tomb, broke into an ancient grave, and made your way past hideous old magic to look at a dead thing even though your parents told you it’d start the apocalypse?”
“Yes,” said Harrowhark.

Gideon the Ninth - Act Four, Chapter Thirty-One"
tZtLcjEt?source=archive,Untitled,dgl_2,text,Wednesday 19th of August 2026 10:51:19 AM CDT,"“Why leave me, though?” she demanded. “They murdered the rest of the House, but they left me off the list?”
There was a pause.
“We didn’t,” said Harrow.
“What?”
“You were meant to die, Griddle, along with all the others. You inhaled nerve gas for ten full minutes. My great-aunts went blind just from releasing it and you weren’t affected, even though you were just two cots away from the vent. You just didn’t die. My parents were terrified of you for the rest of their lives.”

Gideon the Ninth - Act Four, Chapter Thirty-One"
8JpKdsyV?source=archive,Untitled,dgl_2,text,Wednesday 19th of August 2026 10:49:37 AM CDT,"Gideon said, “You can’t just control whether or not you’re carrying a necro.”
“Yes, you can,” said Harrow. “If you have the resources, and are willing to pay the price of using them.”
The hairs on the back of Gideon’s neck rose, wetly.
“Harrow,” she said slowly, “by resources, are you saying—”
“Two hundred children,” said Harrowhark tiredly. “From the ages of six weeks to eighteen years. They needed to all die more or less simultaneously, for it to work. My great-aunts measured out the organophosphates after weeks of mathematics. Our House pumped them through the cooling system.”
From somewhere beneath the pool, a filter made blurting sounds as it recycled the spilloff. Harrow said, “The infants alone generated enough thanergy to take out the entire planet. Babies always do—for some reason.”

Gideon the Ninth - Act Four, Chapter Thirty-One"
